source_id,provider,product,edition,reference_period,geography,variable,source_unit,exact_locator,url,access_date,license,sha256,local_file,notes
SRC_PHL_INHERITED_BASE_SNAPSHOT,Philippines v15 retained evidence,"Inherited base build snapshot and 68,624-row source map",frozen in Philippines v15 on 2026-08-05,2020-2053,Philippines,"Retained configuration, raw inputs, documentation and artifacts",model-native; row-specific units are in MODEL_MAP.csv,"evidence/inherited_base/ contains the ledger snapshot, build inputs, geospatial outputs, calculations, source files, and validation evidence",,2026-07-30,Apache-2.0; third-party data retain provider terms,d72a17f0c653fa920c103b652b0688ce0ce38513bbdacdb1fdd098ae4108d690,evidence/RETAINED_EVIDENCE_MANIFEST.csv,"This is an internal v15 evidence bundle, not a dependency on an installed earlier case."
SRC_CLEWS_GLOBAL_PINNED,DeltaE,CLEWs Global workflow,8df78c66be104e446f84a7dbb0df1c0a4fda4080,build executed in 2026,Philippines,Workflow orchestration and country configuration,software,evidence/inherited_base/build_snapshot/config/upstream_versions.json; retained patches and overrides are in the same build snapshot,https://github.com/DeltaE/CLEWs_Global/tree/8df78c66be104e446f84a7dbb0df1c0a4fda4080,2026-07-30,MIT; see retained license,9816e7270f53f1420b0866ea1991060a6c7788eb81bc062c69d37ee7dcb3d1f0,evidence/inherited_base/build_snapshot/config/upstream_versions.json,
SRC_CLEWS_GAEZ_PINNED,OSeMOSYS,CLEWs GAEZ workflow,30ec12e6524dc9c8ce474ffe1a467508f992007f,GAEZ v4 / 2010 land-cover baseline,Philippines,"Boundary processing, raster extraction and clustering",software,evidence/inherited_base/build_snapshot/config/upstream_versions.json; retained patches and overrides are in the same build snapshot,https://github.com/OSeMOSYS/CLEWs_GAEZ/tree/30ec12e6524dc9c8ce474ffe1a467508f992007f,2026-07-30,MIT; see retained license,9816e7270f53f1420b0866ea1991060a6c7788eb81bc062c69d37ee7dcb3d1f0,evidence/inherited_base/build_snapshot/config/upstream_versions.json,
SRC_CLEWSY_PINNED,OSeMOSYS,clewsy nexus integration,6eefaf2abc6d91917c0fddfeea373db37443a8dd,build executed in 2026,Philippines,"Land, crop and water conversion into OSeMOSYS inputs",software,evidence/inherited_base/build_snapshot/config/upstream_versions.json; retained patches and overrides are in the same build snapshot,https://github.com/OSeMOSYS/clewsy/tree/6eefaf2abc6d91917c0fddfeea373db37443a8dd,2026-07-30,See retained clewsy license,9816e7270f53f1420b0866ea1991060a6c7788eb81bc062c69d37ee7dcb3d1f0,evidence/inherited_base/build_snapshot/config/upstream_versions.json,
SRC_OSEMOSYS_GLOBAL_PINNED,OSeMOSYS community,OSeMOSYS Global,036fdd07cc0dc31df1649cdc1689a8aa35a83a36,workflow data vintages embedded at pinned commit,Philippines,Raw energy-system input generation,"PJ, GW, M$, MT and parameter-specific ratios",evidence/inherited_base/build_snapshot/config/upstream_versions.json; retained patches and overrides are in the same build snapshot,https://github.com/OSeMOSYS/osemosys_global/tree/036fdd07cc0dc31df1649cdc1689a8aa35a83a36,2026-07-30,AGPL-3.0; see retained license,9816e7270f53f1420b0866ea1991060a6c7788eb81bc062c69d37ee7dcb3d1f0,evidence/inherited_base/build_snapshot/config/upstream_versions.json,
SRC_OSEMOSYS_GLOBAL_UNITS,OSeMOSYS community,OSeMOSYS Global unit table,036fdd07cc0dc31df1649cdc1689a8aa35a83a36,unit convention at pinned commit,Global,"Energy, capacity, cost and emissions model-unit convention",Energy=PJ; Capacity=GW; Cost=M$; Emissions=MT,docs/data_tables/units.csv at the pinned commit,https://github.com/OSeMOSYS/osemosys_global/blob/036fdd07cc0dc31df1649cdc1689a8aa35a83a36/docs/data_tables/units.csv,2026-07-30,AGPL-3.0,,,
SRC_GADM41_PHL0,GADM,GADM administrative boundaries,4.1,version 4.1,"Philippines, administrative level 0",National polygon used for clipping and land-cell construction,EPSG:4326 polygon geometry,"evidence/inherited_base/build_snapshot/geospatial/boundary/gadm41_PHL_0.{shp,shx,dbf,prj}",https://gadm.org/download_country.html,2026-07-30,GADM license and provider terms,9376d83ffdedeff9fd4342eceff8a56ad3b69ccf66c4de15209c8eec55418344,evidence/inherited_base/build_snapshot/geospatial/boundary/gadm41_PHL_0.shp,
SRC_GAEZ_V4,FAO and IIASA,Global Agro-Ecological Zones version 4,GAEZ v4 (2021 release),1961-2010 climate; 2010 land-cover baseline,Philippines,"Potential yield, crop water deficit, evapotranspiration, precipitation and land cover",yield and water raster units; converted model units recorded in MODEL_MAP.csv,"GAEZ v4 agro-climatic potential-yield and land/water modules; retained summary headers enumerate yld, cwd, evt, precipitation and LCType variables",https://www.fao.org/gaez/gaezv4/en,2026-07-30,FAO/IIASA provider terms,,,
SRC_FAOSTAT_2020,FAO,FAOSTAT Crop and livestock products,release containing 2020 data,2020,Philippines,Crop harvested area and production used for crop selection and demand anchors,ha and tonnes,Crop and livestock products domain; Area harvested and Production; Philippines; 2020; crop names mapped in retained Crop_code.csv,https://www.fao.org/faostat/en/#data/QCL,2026-07-30,FAOSTAT terms of use,,,
SRC_PAGASA_SEASONS,DOST-PAGASA,Climate of the Philippines,web page accessed 2026-07-30,climatological description,Philippines,Rainy and dry season month definitions,calendar months,Section 'The Seasons': rainy June-November; dry December-May,https://www.pagasa.dost.gov.ph/information/climate-philippines,2026-07-30,Philippine government information; provider terms apply,,,
SRC_CROP_CODE_MAPPING,CLEWs GAEZ / Philippines v12 build,Crop-code mapping,4690597ac3511f402990b03ecfc4182f70b3850b,2020 crop selection,Philippines,FAOSTAT item names to GAEZ crop codes,categorical crop codes,evidence/inherited_base/build_snapshot/overrides/workflow/submodules/CLEWs_GAEZ/GAEZ_Processing/Data/Crop_code.csv,,2026-07-30,Apache-2.0 package; upstream/provider terms apply,39c7e0e4a0ef822d4179e0120f161d30c66cec4c948d50304406cc8a8352142c,evidence/inherited_base/build_snapshot/overrides/workflow/submodules/CLEWs_GAEZ/GAEZ_Processing/Data/Crop_code.csv,
SRC_PHL_GEOSPATIAL_SUMMARIES,Philippines v12 build,Cluster and land-cover summaries,4690597ac3511f402990b03ecfc4182f70b3850b,GAEZ v4 / 2020 build configuration,"Philippines, eight clusters","Cluster means for yield, water, precipitation and land-cover area",model coefficients; 10^3 km2 and 10^9 m3 conversions,evidence/inherited_base/build_snapshot/geospatial/summary_stats/PHL_Parameter_byCluster_summary.csv and PHL_LandCover_byCluster_summary.csv,,2026-07-30,Apache-2.0 package; source data retain provider terms,ce9182d9161f499565cdd49a2bf31743b9f6d5f0f1cc27ca746401491bce888f,evidence/inherited_base/build_snapshot/geospatial/summary_stats/PHL_Parameter_byCluster_summary.csv,
SRC_V10_ENERGY_DONOR,Philippines MUIO project,Philippines v10 donor energy system,v10 inherited into v12,2020-2053,Philippines,Historical v10 energy representation retained in the v12 MUIO archive,model-native,muio/Philippines_v15_v15.0.0_MUIO.zip; inherited energy values are present in the current model; retained dated correction notes are under evidence/inherited_base/v10/,,2026-07-30,Apache-2.0 package; original data retain provider terms,6a6ea5333e756f53e7fe7c5ccb028bf84683abd60eacb912757f481713dd6b81,evidence/CURRENT_MODEL_ARCHIVE_MANIFEST.csv,"Current values are preserved, but the original row-level bibliography remains an explicit gap."
SRC_V10_MODEL_FIXES,MUIOGO Philippines case history,Model fixes — 17 July 2026,e9f3823d11537655c9f7ddfd1b36a14f290eac56,v10 fixes recorded 2026-07-17,Philippines,"PM2.5, transport, orphan-technology and policy-constraint corrections",model-native; individual sections state converted units,evidence/inherited_base/v10/MODEL_FIXES_2026-07-17.md,,2026-07-30,MUIOGO repository license,f46d4647f0a80aaf0f6f9c868562d939c5e78a5ec1c9cbbecf05a3f0cd1e624c,evidence/inherited_base/v10/MODEL_FIXES_2026-07-17.md,
SRC_ENV_ARTIFACTS,Philippines v12 build,Environmental accounting artifacts,4690597ac3511f402990b03ecfc4182f70b3850b,"Base and PEP saved runs, 2026-07-25 to 2026-07-26",Philippines,"Land terminal, water reporting residuals and native emissions","10^3 km2, 10^9 m3 and MT",evidence/inherited_base/environmental_accounting/; solver-generated pivot backups are omitted because the final v15 archive retains the active source model,,2026-07-30,Apache-2.0 package,ce3b4f0727a35c05c3f3f27d58fcbeb2aa4c69f94276f789d1a80b7e56a6ce20,evidence/inherited_base/environmental_accounting/2026-07-25_env_land_final/validation.json,
SRC_ENV_METHOD_RECORD,Philippines v12 build,Environmental accounting calculation note,4690597ac3511f402990b03ecfc4182f70b3850b,implementation recorded 2026-07-25 to 2026-07-26,Philippines,"Accounting boundary, formulas, exactness tests and reporting-only fallback",method,evidence/inherited_base/calculation_notes/ENVIRONMENTAL_ACCOUNTING.md,,2026-07-30,Apache-2.0 package,07469563e7adc950e41ca9ed5ef23a6ff62388c87383a750e80e0a2999cabb5c,evidence/inherited_base/calculation_notes/ENVIRONMENTAL_ACCOUNTING.md,
SRC_GAEZ_YLD_HIGH_TABLE,FAO and IIASA / OSeMOSYS CLEWs GAEZ,GAEZ yield high-input selection table,30ec12e6524dc9c8ce474ffe1a467508f992007f,HadGEM2-ES RCP4.5 2011-2040,Philippines selection from global table,Potential crop yield raster catalogue,10kg dry weight per ha,GAEZ_Processing/Data/GAEZ_yld_High_Input.csv at pinned CLEWs_GAEZ commit,https://raw.githubusercontent.com/OSeMOSYS/CLEWs_GAEZ/30ec12e6524dc9c8ce474ffe1a467508f992007f/GAEZ_Processing/Data/GAEZ_yld_High_Input.csv,2026-08-05,FAO/IIASA provider terms,47121388a94a61cd7158e9f2ad9474d3480d93b2aa292e154868760bcf84a531,evidence/inherited_base/external_sources/land_agriculture_water/gaez_input_tables/GAEZ_yld_High_Input.csv,Exact upstream table; manifest records selected physical lines
SRC_GAEZ_YLD_LOW_TABLE,FAO and IIASA / OSeMOSYS CLEWs GAEZ,GAEZ yield low-input selection table,30ec12e6524dc9c8ce474ffe1a467508f992007f,CRUTS32 Historical 1981-2010,Philippines selection from global table,Potential crop yield raster catalogue,10kg dry weight per ha,GAEZ_Processing/Data/GAEZ_yld_Low_Input.csv at pinned CLEWs_GAEZ commit,https://raw.githubusercontent.com/OSeMOSYS/CLEWs_GAEZ/30ec12e6524dc9c8ce474ffe1a467508f992007f/GAEZ_Processing/Data/GAEZ_yld_Low_Input.csv,2026-08-05,FAO/IIASA provider terms,051c31b303930775bbe12229fd59b9257eed5d36b5a01c3249d4655e498a8beb,evidence/inherited_base/external_sources/land_agriculture_water/gaez_input_tables/GAEZ_yld_Low_Input.csv,Exact upstream table; no low-input Para rubber row exists
SRC_GAEZ_CWD_HIGH_TABLE,FAO and IIASA / OSeMOSYS CLEWs GAEZ,GAEZ crop-water-deficit high-input selection table,30ec12e6524dc9c8ce474ffe1a467508f992007f,HadGEM2-ES RCP4.5 2011-2040,Philippines selection from global table,Crop water deficit raster catalogue,mm,GAEZ_Processing/Data/GAEZ_cwd_High_Input.csv at pinned CLEWs_GAEZ commit,https://raw.githubusercontent.com/OSeMOSYS/CLEWs_GAEZ/30ec12e6524dc9c8ce474ffe1a467508f992007f/GAEZ_Processing/Data/GAEZ_cwd_High_Input.csv,2026-08-05,FAO/IIASA provider terms,900596e1d956adc18e2c77cbc3a07e50c7363f72897f350b88c6a2a2e7db3e9a,evidence/inherited_base/external_sources/land_agriculture_water/gaez_input_tables/GAEZ_cwd_High_Input.csv,Exact upstream table; manifest records selected physical lines
SRC_GAEZ_CWD_LOW_TABLE,FAO and IIASA / OSeMOSYS CLEWs GAEZ,GAEZ crop-water-deficit low-input selection table,30ec12e6524dc9c8ce474ffe1a467508f992007f,CRUTS32 Historical 1981-2010,Philippines selection from global table,Crop water deficit raster catalogue,mm,GAEZ_Processing/Data/GAEZ_cwd_Low_Input.csv at pinned CLEWs_GAEZ commit,https://raw.githubusercontent.com/OSeMOSYS/CLEWs_GAEZ/30ec12e6524dc9c8ce474ffe1a467508f992007f/GAEZ_Processing/Data/GAEZ_cwd_Low_Input.csv,2026-08-05,FAO/IIASA provider terms,6817b8d2561fac0bb7bfc38ba8076a50fd4d9e449815b78dfed8a9bb827afcd1,evidence/inherited_base/external_sources/land_agriculture_water/gaez_input_tables/GAEZ_cwd_Low_Input.csv,Exact upstream table; no low-input Para rubber row exists
SRC_GAEZ_EVT_HIGH_TABLE,FAO and IIASA / OSeMOSYS CLEWs GAEZ,GAEZ evapotranspiration high-input selection table,30ec12e6524dc9c8ce474ffe1a467508f992007f,HadGEM2-ES RCP4.5 2011-2040,Philippines selection from global table,Evapotranspiration raster catalogue,mm,GAEZ_Processing/Data/GAEZ_evt_High_Input.csv at pinned CLEWs_GAEZ commit,https://raw.githubusercontent.com/OSeMOSYS/CLEWs_GAEZ/30ec12e6524dc9c8ce474ffe1a467508f992007f/GAEZ_Processing/Data/GAEZ_evt_High_Input.csv,2026-08-05,FAO/IIASA provider terms,5e1df43709dfc16d94e690c0bacd76e8829d8e86cf747322a52467c7296e7cbc,evidence/inherited_base/external_sources/land_agriculture_water/gaez_input_tables/GAEZ_evt_High_Input.csv,Exact upstream table; manifest records selected physical lines
SRC_GAEZ_EVT_LOW_TABLE,FAO and IIASA / OSeMOSYS CLEWs GAEZ,GAEZ evapotranspiration low-input selection table,30ec12e6524dc9c8ce474ffe1a467508f992007f,CRUTS32 Historical 1981-2010,Philippines selection from global table,Evapotranspiration raster catalogue,mm,GAEZ_Processing/Data/GAEZ_evt_Low_Input.csv at pinned CLEWs_GAEZ commit,https://raw.githubusercontent.com/OSeMOSYS/CLEWs_GAEZ/30ec12e6524dc9c8ce474ffe1a467508f992007f/GAEZ_Processing/Data/GAEZ_evt_Low_Input.csv,2026-08-05,FAO/IIASA provider terms,c931c0d6c6dffff7936f3835f872560576ca6f739c2c99cea713bac92220a874,evidence/inherited_base/external_sources/land_agriculture_water/gaez_input_tables/GAEZ_evt_Low_Input.csv,Exact upstream table; no low-input Para rubber row exists
SRC_GAEZ_PHL_RASTER_MANIFEST,Philippines v12 provenance recovery,GAEZ Philippines crop-raster cache manifest,2026-08-05,High 2011-2040 and low 1981-2010,Philippines,Exact 90 selected crop raster filenames and download URLs,GAEZ source units by row,90 rows reconstructed from six pinned GAEZ selection tables with exact source CSV lines,,2026-08-05,Derived manifest; source rasters retain FAO/IIASA terms,d9325d79f75dd4dcbd26791aea133de811fbc217b783990a18d24b4959e87f26,evidence/inherited_base/external_sources/land_agriculture_water/gaez_input_tables/GAEZ_PHL_RASTER_CACHE_MANIFEST.csv,48 high-input and 42 low-input files; no low-input RUB records exist
SRC_GAEZ_BASE_RASTER_MANIFEST,Philippines v12 provenance recovery,GAEZ bundled base-raster manifest,2026-08-05,GAEZ workflow baseline,Philippines,Exact source paths URLs and checksums for precipitation and land cover rasters,one precipitation raster and one categorical land-cover raster,Two pinned CLEWs_GAEZ files seeded into the final 92-file cache,,2026-08-05,Derived manifest; source rasters retain FAO/IIASA terms,48745a54c23e22cde7ae82a69a77abbaa8bc6ed48f9aca0cfc7cfff54dd56486,evidence/inherited_base/external_sources/land_agriculture_water/gaez_base_rasters/GAEZ_BUNDLED_BASE_RASTERS.csv,Manifest checksums are verified against the two retained rasters
SRC_GAEZ_PRC_RASTER,FAO and IIASA / OSeMOSYS CLEWs GAEZ,Bundled precipitation raster,30ec12e6524dc9c8ce474ffe1a467508f992007f,GAEZ workflow baseline,Philippines,Precipitation,raster-native units,GAEZ_Processing/Data/input/precipitation prc.tif at pinned CLEWs_GAEZ commit,https://raw.githubusercontent.com/OSeMOSYS/CLEWs_GAEZ/30ec12e6524dc9c8ce474ffe1a467508f992007f/GAEZ_Processing/Data/input/precipitation%20prc.tif,2026-08-05,FAO/IIASA provider terms,c72b8cec38ea31755b9d6f02e518571f41f7d39ae2f5913ee64a14077079d83b,evidence/inherited_base/external_sources/land_agriculture_water/gaez_base_rasters/precipitation prc.tif,Exact pinned repository bytes
SRC_GAEZ_LCTYPE_RASTER,FAO and IIASA / OSeMOSYS CLEWs GAEZ,Bundled land-cover raster,30ec12e6524dc9c8ce474ffe1a467508f992007f,2010 land-cover baseline,Philippines,Land-cover class,categorical raster,GAEZ_Processing/Data/input/LCType_ncb.tif at pinned CLEWs_GAEZ commit,https://raw.githubusercontent.com/OSeMOSYS/CLEWs_GAEZ/30ec12e6524dc9c8ce474ffe1a467508f992007f/GAEZ_Processing/Data/input/LCType_ncb.tif,2026-08-05,FAO/IIASA provider terms,17b77aa5fd7b56a4570119026034c0f3137b9e906c741c684556f762c34a30db,evidence/inherited_base/external_sources/land_agriculture_water/gaez_base_rasters/LCType_ncb.tif,Exact pinned repository bytes
SRC_FAOSTAT_HARVESTED_FILE,FAO / OSeMOSYS CLEWs GAEZ,FAOSTAT_2020.csv,30ec12e6524dc9c8ce474ffe1a467508f992007f,2020,Philippines M49 608,Crop and livestock products Area harvested Element 5312,ha,GAEZ_Processing/Data/FAOSTAT_2020.csv at pinned CLEWs_GAEZ commit,https://raw.githubusercontent.com/OSeMOSYS/CLEWs_GAEZ/30ec12e6524dc9c8ce474ffe1a467508f992007f/GAEZ_Processing/Data/FAOSTAT_2020.csv,2026-08-05,FAOSTAT terms of use,082da2e1c708ea6f9837b021143eb193d9f240b0700be367d80ab91cfeb259b9,evidence/inherited_base/external_sources/land_agriculture_water/faostat/FAOSTAT_2020.csv,9908 data rows; exact selected rows and flags retained separately
SRC_FAOSTAT_PRODUCTION_FILE,FAO / DeltaE CLEWs Global,FAOSTAT_production_2020.csv,8df78c66be104e446f84a7dbb0df1c0a4fda4080,2020,Philippines M49 608,Crop and livestock products Production Element 5510,t,data/FAOSTAT_production_2020.csv at pinned CLEWs_Global commit,https://raw.githubusercontent.com/DeltaE/CLEWs_Global/8df78c66be104e446f84a7dbb0df1c0a4fda4080/data/FAOSTAT_production_2020.csv,2026-08-05,FAOSTAT terms of use,51fe2f975b0d57ddcca0e4da860b12c89b7aa9a9daa41b3fe13df77fd746a14f,evidence/inherited_base/external_sources/land_agriculture_water/faostat/FAOSTAT_production_2020.csv,10111 data rows; exact selected rows and flags retained separately
SRC_FAOSTAT_PHL_SELECTION,Philippines v12 provenance recovery,FAOSTAT Philippines 2020 exact crop selection,2026-08-05,2020,Philippines,Ten selected crop rows with source lines proxies and model groups,ha and t,Rows selected by the retained clewsy workflow and reconciled to both exact input files,,2026-08-05,Derived selection; underlying FAOSTAT terms apply,f1aff540fc2a3187548a9cc6b79b602baa7a6031b73e44c633974b56a31920bf,evidence/inherited_base/external_sources/land_agriculture_water/faostat/FAOSTAT_PHL_2020_SELECTION.csv,Preserves leading-zero CPC codes and source physical line numbers
SRC_SSP2_POP_WORKBOOK,IIASA-WiC / OSeMOSYS Global,iamc_db_POP_Countries.xlsx,SSP Public Database Version 2.0,2010-2100,Philippines PHL,SSP2 population,million,data sheet row 1373; Recommended Citation sheet reports generated 2020-06-20 12:30:41,https://raw.githubusercontent.com/OSeMOSYS/osemosys_global/036fdd07cc0dc31df1649cdc1689a8aa35a83a36/osemosys_global/resources/data/default/iamc_db_POP_Countries.xlsx,2026-08-05,SSP Public Database terms,e013c76eacd95a2e0f6275446e9d1e71bdfb9556eab1c6619a5b0d7914ecab35,evidence/inherited_base/external_sources/land_agriculture_water/ssp2/iamc_db_POP_Countries.xlsx,Exact pinned workbook; selected range data!A1373:Y1373
SRC_SSP2_PHL_ROW,Philippines v12 provenance recovery,Exact SSP2 Philippines population row,2026-08-05,2010-2100,Philippines PHL,IIASA-WiC POP SSP2 Population,million,data!A1373:Y1373 from iamc_db_POP_Countries.xlsx,,2026-08-05,Derived extract; SSP Public Database terms apply,a380ec78c557c93d491decfda48f41e2ac928c8776cd196c5f5ddb4d13f0d07c,evidence/inherited_base/external_sources/land_agriculture_water/ssp2/SSP2_PHL_SELECTED_ROW.csv,Exact row identity and all five-year values retained
SRC_SSP2_PHL_ANNUAL_INDEX,Philippines v12 provenance recovery,Annual SSP2 Philippines population index,2026-08-05,2020-2053,Philippines PHL,Annual interpolated and normalized population,million and relative index 2020=1,Derived exactly as get_growth_factors in overrides/workflow/scripts/clewsy.py,,2026-08-05,Derived series; SSP Public Database terms apply,a9c7297c06d33e07c512a38fd921eb02a7517a18a27e2cfef16f9fb9f8fd343c,evidence/inherited_base/external_sources/land_agriculture_water/ssp2/SSP2_PHL_ANNUAL_INDEX_2020_2053.csv,2051-2053 equal the 2050 value because the annual left index ends before the 2055 observation
SRC_PHL_V12_WORKFLOW_FORENSICS,Codex task record,Philippines v12 build-session event index,019f9991-7a2d-72a0-8fa1-6820178dd177,2026-07-25,Philippines,"GAEZ cache preparation, reruns, final workflow and workbook inspection",UTC event log,Extracted from raw session JSONL SHA-256 b472410035d9f1eb61e3142a3f5b9311c8ec8a872d2b6d83728fd39b18555f65,,2026-08-05,Internal build record,b553b2939790a855c010bb5491e8052d7f653c4c851f5d102eaa5ed397f49250,evidence/inherited_base/external_sources/land_agriculture_water/workflow/WORKFLOW_SESSION_EVENTS.csv,Original temporary Snakemake logs were not frozen; material events survive in the raw session and this index
SRC_PHL_V14_CASE,Philippines v15 retained evidence,Retained v13 calibration and v14 stock-turnover record,records frozen in v15 on 2026-08-05,2020-2053,Philippines,"Exact v13 calibration specification, v14 calculation and assumption tables, 3,253 cell changes, and validation records",mixed MUIO model units,evidence/stock_turnover/legacy_tables/ and evidence/stock_turnover/documentation/,,2026-08-04,Repository license,a051b439890891a1d433a09ae4760f55fc497023762f3972b7b92cb7410225fb,evidence/stock_turnover/documentation/stock_turnover_generation.json,Historical label retained for compatibility; no live v14 folder or external version package is required.
SRC_PHL_WATER_SNAPSHOT,MUIOGO research compilation,Philippines precipitation SSP2-4.5 and national water evidence snapshot,2026-08-03,1950-2025 observations; 1991-2020 normal; 2020-2059 projections; 2020-2053 model path,Philippines,"ERA5 precipitation, CMIP6 SSP2-4.5 anomalies, national water potential, groundwater evidence and limitations",mm/year; km3/year; percent; model metadata,snapshots/philippines_water_precipitation_ssp245.json; individual JSON paths and URLs are stated inside the file,https://github.com/EAPD-DRB/MUIOGO/blob/main/scripts/data/philippines_water_precipitation_ssp245.json,2026-08-03,Repository compilation; underlying-source terms apply,97f024db29f4d5a2df7440c5414949cbadbefd726bea74d8f790f648948c548d,snapshots/philippines_water_precipitation_ssp245.json,"Normalized retained evidence used by the generator. The digest is for the compilation, not each remote HTTP response body."
SRC_WB_CCKP_ERA5_PHL_TS,World Bank Climate Change Knowledge Portal,ERA5 0.25-degree annual precipitation country-mean timeseries,ERA5/ERA5T,1950-2025,Philippines ISO3 PHL; national spatial mean,pr precipitation,mm/year,API route era5-x0.25_timeseries_pr_timeseries_annual_1950-2025_mean_historical_era5_x0.25_mean/PHL; normalized values at observed_annual_mm_per_year.series,https://cckpapi.worldbank.org/cckp/v1/era5-x0.25_timeseries_pr_timeseries_annual_1950-2025_mean_historical_era5_x0.25_mean/PHL?_format=json,2026-08-03,CC BY 4.0 under World Bank CCKP metadata,,,"2024-2025 rely on preliminary ERA5T inputs and may be revised; annual observations are context, not individually installed model years."
SRC_WB_CCKP_ERA5_PHL_NORMAL,World Bank Climate Change Knowledge Portal,ERA5 0.25-degree precipitation climatology,ERA5,1991-2020,Philippines ISO3 PHL; national spatial mean,Annual precipitation climatology,mm/year,API route era5-x0.25_climatology_pr_climatology_annual_1991-2020_mean_historical_era5_x0.25_mean/PHL; value 2658.12,https://cckpapi.worldbank.org/cckp/v1/era5-x0.25_climatology_pr_climatology_annual_1991-2020_mean_historical_era5_x0.25_mean/PHL?_format=json,2026-08-03,CC BY 4.0 under World Bank CCKP metadata,,,Installed as the 2020 hydrology depth anchor after rebasing the inherited national land block.
SRC_WB_CCKP_CMIP6_PHL_HIST,World Bank Climate Change Knowledge Portal,CMIP6 0.25-degree multi-model ensemble historical precipitation climatology,ensemble median,1995-2014,Philippines ISO3 PHL; national spatial mean,Historical annual precipitation climatology,mm/year,API route cmip6-x0.25_climatology_pr_climatology_annual_1995-2014_median_historical_ensemble_all_mean/PHL; value 2477.61,https://cckpapi.worldbank.org/cckp/v1/cmip6-x0.25_climatology_pr_climatology_annual_1995-2014_median_historical_ensemble_all_mean/PHL?_format=json,2026-08-03,CC BY 4.0 under World Bank CCKP metadata,,,Used only as the denominator for relative SSP2-4.5 anomalies; absolute projected climatologies are not mixed with ERA5.
SRC_WB_CCKP_CMIP6_PHL_SSP245_2030,World Bank Climate Change Knowledge Portal,CMIP6 SSP2-4.5 annual precipitation anomaly,ensemble median,2020-2039 represented at midpoint 2030,Philippines ISO3 PHL; national spatial mean,Annual precipitation anomaly,mm/year,API route cmip6-x0.25_climatology_pr_anomaly_annual_2020-2039_median_ssp245_ensemble_all_mean/PHL; value 25.08,https://cckpapi.worldbank.org/cckp/v1/cmip6-x0.25_climatology_pr_anomaly_annual_2020-2039_median_ssp245_ensemble_all_mean/PHL?_format=json,2026-08-03,CC BY 4.0 under World Bank CCKP metadata,,,Installed through the relative multiplier 1 + 25.08/2477.61.
SRC_WB_CCKP_CMIP6_PHL_SSP245_2050,World Bank Climate Change Knowledge Portal,CMIP6 SSP2-4.5 annual precipitation anomaly,ensemble median,2040-2059 represented at midpoint 2050,Philippines ISO3 PHL; national spatial mean,Annual precipitation anomaly,mm/year,API route cmip6-x0.25_climatology_pr_anomaly_annual_2040-2059_median_ssp245_ensemble_all_mean/PHL; value 106.77,https://cckpapi.worldbank.org/cckp/v1/cmip6-x0.25_climatology_pr_anomaly_annual_2040-2059_median_ssp245_ensemble_all_mean/PHL?_format=json,2026-08-03,CC BY 4.0 under World Bank CCKP metadata,,,Installed through the relative multiplier 1 + 106.77/2477.61.
SRC_WB_CCKP_METADATA,World Bank Climate Change Knowledge Portal,CCKP metadata and data-download documentation,current at access,Historical and CMIP6 projection products,Global,"Product definitions, 20-year projection windows, ensemble statistics, scenario names and licensing",metadata,CCKP metadata; precipitation pr; SSP2-4.5; 2020-2039 and 2040-2059 windows,https://climateknowledgeportal.worldbank.org/metadata,2026-08-04,CC BY 4.0,,,Supports interpretation and licensing; it does not supply a separate model coefficient.
SRC_IPCC_AR6_SSP245,Intergovernmental Panel on Climate Change,AR6 Working Group I Chapter 1,AR6,CMIP6 scenario framework,Global,SSP2-4.5 forcing-class interpretation relative to RCP4.5,W/m2 forcing class; scenario metadata,"Chapter 1 discussion of SSP and RCP scenario families; SSP2-4.5 is the 4.5 W/m2-class analogue, not the identical RCP4.5 experiment",https://www.ipcc.ch/report/ar6/wg1/chapter/chapter-1/,2026-08-03,IPCC publication terms,,,Used to answer the requested RCP4.5-or-equivalent framing; no IPCC numeric precipitation value is installed.
SRC_DEPDEV_WATER_POLICY_NOTE,"Philippine Department of Economy, Planning and Development",Policy Note on the Philippine Water Sector,2024 policy note,National planning benchmark,Philippines,Surface-water potential 125790 MCM/year; groundwater potential 20200 MCM/year; total 145990 MCM/year,MCM/year,"Overview of Water Resources in the Philippines, page 6; figures attributed to the Philippine Water Supply and Sanitation Master Plan",https://www.depdev.gov.ph/wp-content/uploads/2024/05/Policy-Note-on-the-Philippine-Water-Sector.pdf,2026-08-04,Philippine government publication,,,Primary installed source for the two national withdrawal-ceiling sensitivities. Potential is not dependable yield or safe yield.
SRC_PDP_2023_2028_CH12,National Economic and Development Authority,Philippine Development Plan 2023-2028 Chapter 12: Expand and Upgrade Infrastructure,PDP 2023-2028,National planning benchmark,Philippines,Annual freshwater potential 146.0 billion m3 including 20.2 billion m3 groundwater; about 2.0 billion m3 domestic/municipal groundwater,billion m3/year,"Chapter 12, page 261",https://pdp.neda.gov.ph/wp-content/uploads/2023/07/Chapter-12.pdf,2026-08-04,Philippine government publication,,,Independent national cross-check for the groundwater potential; not an aquifer-stock estimate.
SRC_PSA_WATER_ACCOUNTS_2020,Philippine Statistics Authority,Water Accounts of the Philippines special release,Reference 2021-420,2010-2020; release 2021-10-08,Philippines,2020 abstraction 218.46 bcm; 98.1 percent average surface share and 1.9 percent groundwater share; sector shares; water stress 26.7 percent,billion m3/year; percent,"Release text and Tables 1.1-1.11, 3 and 4",https://psa.gov.ph/content/countrys-overall-water-use-efficiency-decreased-while-water-stress-remains-low-level,2026-08-04,Philippine government publication,,,Benchmark only. The abstraction boundary includes large non-consumptive hydropower and is not used as either installed ceiling.
SRC_PIDS_REGIONAL_WATER,Philippine Institute for Development Studies,Development Research News regional water-resource table,2011 issue,Historical regional planning estimates,Philippine water-resource regions,"Regional components of national groundwater potential including Cagayan Valley 2.825, Eastern Visayas 2.557 and Central Visayas 0.879",km3/year,Regional water-resource table in pidsdrn11-3.pdf,https://pidswebs.pids.gov.ph/CDN/PUBLICATIONS/pidsdrn11-3.pdf,2026-08-04,PIDS publication terms,,,Older planning cross-check only; not mapped to the eight non-geographic model coefficient classes.
SRC_PIDS_METRO_CEBU_GW,Philippine Institute for Development Studies,Metro Manila and Metro Cebu Groundwater Assessment,study landing page,Local study evidence,Metro Manila and Metro Cebu,Metro Manila recharge estimate about 206 million m3/year; Cebu recharge and saltwater-intrusion constraints,million m3/year; qualitative risk,Publication landing page and linked report,https://serp-p.pids.gov.ph/publication/public/view?slug=metro-manila-and-metro-cebu-groundwater-assessment,2026-08-04,PIDS publication terms,,,Local calibration lead showing why a national potential flow cannot initialize aquifer stocks or local limits.
SRC_MGB_REGIONAL_GW,"Mines and Geosciences Bureau, DENR",Regional Groundwater Availability feature layer,ArcGIS FeatureServer layer 0,Current service at access,Philippines,Categorical aquifer productivity and potential-recharge classes,categorical polygons,"FeatureServer/0 fields CODE, GenDesc, Category and DetailedDesc; EPSG 3857",https://controlmap.mgb.gov.ph/arcgis/rest/services/GeospatialDataInventory/GDI_Regional_Groundwater_Availability/FeatureServer/0,2026-08-04,Philippine government geospatial service,,,Spatial screening only. The layer does not provide aquifer stock or a national annual safe-yield right-hand side.
SRC_FAO_AQUASTAT_METHOD,Food and Agriculture Organization of the United Nations,AQUASTAT water-resources methodology,current at access,Water-resource accounting concepts,Global,"Renewable, exploitable and available water-resource distinctions",methodology,Water resources methodology overview,https://www.fao.org/aquastat/en/overview/methodology/water-resources/,2026-08-04,FAO publication terms,,,"Supports the boundary warning that renewable potential is not necessarily fully exploitable, dependable or environmentally available."
SRC_CLEWS_PHL_GEOSPATIAL,Philippines v15 retained evidence,Retained Philippines geospatial build outputs,frozen inside v15 on 2026-08-05,Inherited land-water coefficient build,Philippines,"National boundary, cluster map image and eight-row land-cover, precipitation, evapotranspiration and crop-water-deficit summaries",mixed spatial/model units,"evidence/inherited_base/build_snapshot/geospatial/ contains the national boundary, cluster image, and summary tables",,2026-08-04,Repository license,ce9182d9161f499565cdd49a2bf31743b9f6d5f0f1cc27ca746401491bce888f,evidence/inherited_base/build_snapshot/geospatial/summary_stats/PHL_Parameter_byCluster_summary.csv,Internal v15 evidence copy. Cell-level cluster membership geometry remains an explicit gap.
SRC_MUIO_FORMULATION,OSeMOSYS / MUIOGO,Local OSeMOSYS solver formulation,model.v.5.4,Model horizon 2020-2053,Generic formulation used by Philippines_v15,EBb4 annual commodity balance and UDC1/UDC2 user-defined constraint equations,algebraic formulation,snapshots/model.v.5.4.txt; EBb4_EnergyBalanceEachYear4 and UDC1_UserDefinedConstraintInequality,https://github.com/OSeMOSYS/MUIO,2026-08-04,Repository license,537d448b0252097065e47b84a72b1ec6dd008bb3bf6f84fce42ee377fc179736,snapshots/model.v.5.4.txt,Hash matches the formulation recorded in the national-water manifest.
SRC_PHL_V15_MANIFEST,MUIOGO Philippines v15 workflow,National water generation manifest,2026-08-04,2020-2053,Philippines,"Source hashes, classifications, full-precision annual climate factors, UCC series, exactness proof and limitations",mixed model units and status,snapshots/national_water_manifest.json,,2026-08-04,Repository license,782eec01b88284d3a3ff322e00248bf349181941b463b07c844f66fb576c5436,snapshots/national_water_manifest.json,Authoritative source-generation trace for the implemented v15 delta.
SRC_PHL_V15_VALIDATION,MUIOGO Philippines v15 workflow,National water validation report,2026-08-04,BASE_V15 versus BASE_V14,Philippines,"Identity, source fingerprints, generated matrix, solver status, objective, regression and closure checks",status; seconds; model units,snapshots/national_water_validation.json,,2026-08-04,Repository license,e5eae7ad63603b26fbef1f826142086c1aaf3c0dc3c54265beac0e91d71821ea,snapshots/national_water_validation.json,CBC was solved in the full live validation; the short-name migration independently rechecked the preserved LP and ledger.
SRC_PHL_V15_LEDGER,MUIOGO Philippines v15 workflow,Authoritative full-precision national water ledger,2026-08-04,2020-2053,Philippines,"Precipitation, modeled surface production, recharge, withdrawals, UDC caps, residuals and duals",km3/year unless stated,snapshots/national_water_ledger.json; annual array,,2026-08-04,Repository license,274aad558bbeeb7d0dfd7695c09cf18a3297799e3e382203991791bfe7bc0610,snapshots/national_water_ledger.json,Supersedes display-rounded or arbitrary ENV_WATER activity for publication.
SRC_PHL_V13_CALIBRATION_RECORD,Philippines v15 retained evidence,v13 calibration generation record,2026-07-27,2026-07-27,Philippines,"Technology definitions, 2020 observed activity bounds, final demands, capacity-to-activity factors, operational lives, residual-capacity profiles, costs and policy scenarios",model-native or publication-specific; see retained register and calculations,evidence/stock_turnover/documentation/calibration_generation.json and MODEL_FIXES_2026-07-27.md,,2026-07-27,Repository terms,5e85ab92b7f5bda6453ee12b1ba96e0de784e71c019cc27104ce2829cd109b9b,evidence/stock_turnover/documentation/calibration_generation.json,Quality: Model source; mixed primary and inherited calibration evidence. Hashes of every copied source JSON are recorded in the generation manifest.
SRC_PHL_V13_BASE_CAPACITY_RECORD,Philippines v15 retained evidence,v13 BASE capacity extraction retained inside v14 generation record,2026-07-27,2026-07-27,Philippines,2020 total capacity by technology parsed from the optimal CBC results.txt; generated CSV retained as a rounded cross-check,model-native or publication-specific; see retained register and calculations,evidence/stock_turnover/documentation/stock_turnover_generation.json keys validated_v13_baseline_capacity_source and stock_groups,,2026-07-27,Repository terms,a051b439890891a1d433a09ae4760f55fc497023762f3972b7b92cb7410225fb,evidence/stock_turnover/documentation/stock_turnover_generation.json,"Quality: Derived model result; solver status, result timestamp, case identity, full technology coverage and file hashes are checked by the generator. This transfers the capacity that served observed 2020 activity into ResidualCapacity; it does not transfer or retain the activity bound. Positive inherited effective stocks receive a separately documented one-part-per-million numerical headroom because the rounded CSV export was not sufficiently precise to reproduce the source model's exact time-slice balance."
SRC_PHL_V14_DOE_EPIRA_2020,Philippines Department of Energy,"38th Status Report on EPIRA Implementation, Table 26",2020-12-31,2020-12-31,Philippines,Installed generating capacity by fuel and renewable technology,model-native or publication-specific; see retained register and calculations,evidence/stock_turnover/legacy_tables/DATA_SOURCE_REGISTER.csv row DS-DOE-EPIRA-2020; 2020 power residual-capacity totals,https://legacy.doe.gov.ph/sites/default/files/pdf/electric_power/38th_epira_report_april-2021.pdf,2026-07-27,Philippines government publication,,,"Quality: Primary official administrative statistics. Table 26 reports 26,249.9 MW total; displayed component values sum to 26,250.0 MW because of rounding."
SRC_PHL_V14_LTO_AR_2020,Land Transportation Office,Annual Report Q4 2020: motor vehicles registered by type,2020-12-31,2020-12-31,Philippines,Registered stock and new registrations by vehicle type,model-native or publication-specific; see retained register and calculations,"evidence/stock_turnover/legacy_tables/DATA_SOURCE_REGISTER.csv row DS-LTO-AR-2020; 2020 car, bus and motorcycle/tricycle stock; road-market turnover ceilings",https://lto.gov.ph/wp-content/uploads/2023/09/Annual-Report_q4-2020.pdf,2026-07-27,Philippines government publication,,,Quality: Primary official administrative statistics. The model's van and freight classes do not map one-to-one to LTO utility vehicle and truck categories.
SRC_PHL_V14_PSA_PSY_2020,Philippine Statistics Authority,"2020 Philippine Statistical Yearbook, Chapter 13",2020,2020,Philippines,Registered and newly registered motor vehicles by type,model-native or publication-specific; see retained register and calculations,evidence/stock_turnover/legacy_tables/DATA_SOURCE_REGISTER.csv row DS-PSA-PSY-2020; Independent official cross-check of LTO totals and new registrations,https://psa.gov.ph/system/files/psy/2020%20PSY_final.pdf?vcode=97,2026-07-27,Philippines government publication,,,"Quality: Primary official statistical compilation using LTO data. The yearbook reports 11,851,192 registered vehicles and 2,289,489 newly registered vehicles in 2020."
SRC_PHL_V14_NTRC_LTO_2020,National Tax Research Center,"Philippine Public Finance 2020, registered vehicles by type",2020,2020,Philippines,"Cars, utility vehicles, trucks, buses, motorcycles/tricycles and trailers",model-native or publication-specific; see retained register and calculations,evidence/stock_turnover/legacy_tables/DATA_SOURCE_REGISTER.csv row DS-NTRC-LTO-2020; Readable official mirror and cross-check of the LTO stock table,https://www.ntrc.gov.ph/images/Publications/2020-Philippine-Public-Finance.pdf,2026-07-27,Philippines government publication,,,"Quality: Government publication citing LTO. Used as a cross-check, not as a replacement for the LTO source."
SRC_PHL_V14_PSA_CPH_2020,Philippine Statistics Authority,"Household Characteristics, 2020 Census of Population and Housing",2020,2020,Philippines,Primary household cooking fuel shares,model-native or publication-specific; see retained register and calculations,evidence/stock_turnover/legacy_tables/DATA_SOURCE_REGISTER.csv row DS-PSA-CPH-2020; 2020 household cooking initial-capacity mix,https://psa.gov.ph/content/household-characteristics-2020-census-population-and-housing?vcode=-3,2026-07-27,Philippines government publication,,,Quality: Primary official census statistics. Published shares sum to 99.6% because of rounding and are normalized in the calculation.
SRC_PHL_V14_OSEMOSYS_DOC,OSeMOSYS,OSeMOSYS model documentation: model structure and parameters,current documentation retrieved 2026-07-27,current documentation retrieved 2026-07-27,Global,"ResidualCapacity, OperationalLife, CapacityToActivityUnit, activity bounds and user-defined constraints",model-native or publication-specific; see retained register and calculations,evidence/stock_turnover/legacy_tables/DATA_SOURCE_REGISTER.csv row DS-OSEMOSYS-DOC; Parameter semantics and stock/turnover formulation,https://osemosys.readthedocs.io/en/latest/manual/Structure%20of%20OSeMOSYS.html,2026-07-27,Documentation terms,,,Quality: Primary official model documentation. The local MUIO formulation in WebAPP/SOLVERs/model.v.5.4.txt is also checked and hashed in the manifest.
SRC_PHL_V13_EDGAR_WORKBOOK_RECORD,Philippines v15 retained evidence,Retained record of EDGAR PM2.5 calibration workbook v5,2026-07-26,2026-07-26,Philippines,PM2.5 and CO2e activity-emission ratios,model-native or publication-specific; see retained register and calculations,"evidence/stock_turnover/documentation/calibration_generation.json records workbook hash, factors, formulas, and selected values; original workbook bytes were not retained",,2026-07-27,Project file,5e85ab92b7f5bda6453ee12b1ba96e0de784e71c019cc27104ce2829cd109b9b,evidence/stock_turnover/documentation/calibration_generation.json,Quality: Project calculation workbook; official national sources preferred for activity and stock. The workbook hash is recorded so the v13 environmental calibration remains traceable.
SRC_PHL_V14_WGC_DIRECT_USE_2020,International Geothermal Association / World Geothermal Congress,Geothermal Energy Development in the Philippines: Country Update,2019 data; published for WGC 2020+1,2019 data; published for WGC 2020+1,Philippines,Installed thermal capacity and annual direct geothermal use by application,model-native or publication-specific; see retained register and calculations,evidence/stock_turnover/legacy_tables/DATA_SOURCE_REGISTER.csv row DS-WGC-DIRECT-USE-2020; System-boundary test for PHL_POW_HEAT and scale comparison with the modeled output,https://www.worldgeothermal.org/pdf/IGAstandard/WGC/2020/01018.pdf,2026-07-28,Conference publication terms,,,"Quality: Country update by Philippine geothermal practitioners using the WGC standard reporting table. Reports 1.87 MWt and 12.65 TJ/year in 2019, all bathing and swimming; no industrial process heat, district heating or agricultural drying is reported."
SRC_PHL_V14_WGC_DIRECT_USE_2005,International Geothermal Association / World Geothermal Congress,Geothermal Development in the Philippines: Country Update,2004 data; published 2005,2004 data; published 2005,Philippines,Historic direct-use installations and operating status,model-native or publication-specific; see retained register and calculations,evidence/stock_turnover/legacy_tables/DATA_SOURCE_REGISTER.csv row DS-WGC-DIRECT-USE-2005; Historical cross-check of agricultural geothermal dryers,https://www.geothermal-energy.org/pdf/IGAstandard/WGC/2005/1401.pdf,2026-07-28,Conference publication terms,,,Quality: Country update by Philippine geothermal practitioners. Documents historic crop-drying projects and reports the Manito and Palinpinon dryers decommissioned in 1997 and 1998.
SRC_PHL_V14_DOE_EBT_PRIMER_2021,Philippines Department of Energy,Philippine Energy Balance Table Primer,2021,2021,Philippines,"National energy-balance scope, commodities, transformations and final consumption",model-native or publication-specific; see retained register and calculations,evidence/stock_turnover/legacy_tables/DATA_SOURCE_REGISTER.csv row DS-DOE-EBT-PRIMER-2021; Official system-boundary cross-check for useful heat and geothermal transformation flows,https://doe.gov.ph/sites/default/files/pdf/energy_statistics/doe-ebt-primer-2021.pdf,2026-07-28,Philippines government publication,,,Quality: Primary official methodology. Used to test whether the inherited commodity represents a documented national delivered-heat balance item; it does not supply a one-for-one geothermal CHP coefficient.
SRC_PHL_V14_DOE_PES_2020,Philippines Department of Energy,2020 Philippine Energy Situationer,2020,2020,Philippines,"National energy supply, transformation and final energy consumption",model-native or publication-specific; see retained register and calculations,evidence/stock_turnover/legacy_tables/DATA_SOURCE_REGISTER.csv row DS-DOE-PES-2020; Official cross-check for a national geothermal heat or district-heating market,https://legacy.doe.gov.ph/sites/default/files/pdf/energy_statistics/doe-pes-kes-2020-rev_13June2023.pdf,2026-07-28,Philippines government publication,,,Quality: Primary official energy statistics. No evidence was identified for modeling power-sector geothermal activity as one-for-one delivered useful heat.
SRC_PHL_V14_IRENA_SEA_2018,International Renewable Energy Agency,Renewable Energy Market Analysis: Southeast Asia,2018,2018,"Southeast Asia, including the Philippines",Geothermal electricity and direct-use market status,model-native or publication-specific; see retained register and calculations,evidence/stock_turnover/legacy_tables/DATA_SOURCE_REGISTER.csv row DS-IRENA-SEA-2018; Regional cross-check of industrial and agricultural direct geothermal use,https://www.irena.org/-/media/Files/IRENA/Agency/Publication/2018/Jan/IRENA_Market_Southeast_Asia_2018.pdf,2026-07-28,IRENA publication terms,,,"Quality: Intergovernmental regional market assessment. Reports no industrial geothermal use in IEA statistics for the region and treats agricultural examples as limited cases, not a national district-heat network."
SRC_PHL_V14_PARAMETER_CHANGE_LOG,Philippines v15 retained evidence,v14 cell-level parameter change log,2026-08-05 cumulative package,2020-2053 model lineage,Philippines,"3,253 exact before/after cells with source, calculation, and assumption IDs",record,evidence/stock_turnover/legacy_tables/PARAMETER_CHANGE_LOG.csv,,2026-08-05,MUIOGO repository terms; third-party evidence retains provider terms,6f7bf10016dabc1c901b338a05a9e140f6e2492bae32f63c6dc77b7a0a62ca5a,evidence/stock_turnover/legacy_tables/PARAMETER_CHANGE_LOG.csv,Retained inside the canonical v15 package.
SRC_PHL_V14_MODEL_DATA_MAP,Philippines v15 retained evidence,v14 stock-turnover model-data map,2026-08-05 cumulative package,2020-2053 model lineage,Philippines,33 implemented source-to-model mappings,record,evidence/stock_turnover/legacy_tables/MODEL_DATA_MAP.csv,,2026-08-05,MUIOGO repository terms; third-party evidence retains provider terms,bcf6f21ba143100a8e45fb02fa2f6838b23e875244c207eb94e112174ce24e6c,evidence/stock_turnover/legacy_tables/MODEL_DATA_MAP.csv,Retained inside the canonical v15 package.
SRC_PHL_V13_FIXES_RECORD,Philippines v15 retained evidence,v13 calibration change record,2026-08-05 cumulative package,2020-2053 model lineage,Philippines,"PM2.5 and CO2e calibration scope, values, formulas, and limitations",record,evidence/stock_turnover/documentation/MODEL_FIXES_2026-07-27.md,,2026-08-05,MUIOGO repository terms; third-party evidence retains provider terms,547c705256741eaf21bd8000176648365577c28b23d7880f5d68436a3c444045,evidence/stock_turnover/documentation/MODEL_FIXES_2026-07-27.md,Retained inside the canonical v15 package.
SRC_PHL_V13_VALIDATION_RECORD,Philippines v15 retained evidence,v13 calibration validation record,2026-08-05 cumulative package,2020-2053 model lineage,Philippines,"solver status, scenarios, comparisons, and limitations",record,evidence/stock_turnover/documentation/VALIDATION_2026-07-27.md,,2026-08-05,MUIOGO repository terms; third-party evidence retains provider terms,9f6419327e3e0bc0981cc49f3a0b0597f932543fb577fdcd1167eeb2d4eabb07,evidence/stock_turnover/documentation/VALIDATION_2026-07-27.md,Retained inside the canonical v15 package.
SRC_PHL_V14_FIXES_RECORD,Philippines v15 retained evidence,v14 stock-turnover change record,2026-08-05 cumulative package,2020-2053 model lineage,Philippines,"stock initialization, turnover, adoption, and structural corrections",record,evidence/stock_turnover/documentation/MODEL_FIXES_V14_2026-07-27.md,,2026-08-05,MUIOGO repository terms; third-party evidence retains provider terms,6aef5d9d5a39737615c97c9815b06be85fdb1d6ffc9a813f67a386a7721de1e4,evidence/stock_turnover/documentation/MODEL_FIXES_V14_2026-07-27.md,Retained inside the canonical v15 package.
SRC_PHL_V14_VALIDATION_RECORD,Philippines v15 retained evidence,v14 stock-turnover validation record,2026-08-05 cumulative package,2020-2053 model lineage,Philippines,machine-readable solve and regression validation,record,evidence/stock_turnover/documentation/validation_results.json,,2026-08-05,MUIOGO repository terms; third-party evidence retains provider terms,e3a491d88b693656f75e869747c5398168d833fa09f4eaa9e357ba17b184c5e4,evidence/stock_turnover/documentation/validation_results.json,Retained inside the canonical v15 package.
SRC_PHL_V15_MODEL_ARCHIVE,Philippines v15 retained evidence,Philippines v15 portable source-model archive manifest,2026-08-05 cumulative package,2020-2053 model lineage,Philippines,"hash, size, member count, and internal root for the current v15 model archive",record,evidence/CURRENT_MODEL_ARCHIVE_MANIFEST.csv,,2026-08-05,MUIOGO repository terms; third-party evidence retains provider terms,6a6ea5333e756f53e7fe7c5ccb028bf84683abd60eacb912757f481713dd6b81,evidence/CURRENT_MODEL_ARCHIVE_MANIFEST.csv,Retained inside the canonical v15 package.
SRC_PHL_V15_RETAINED_EVIDENCE,Philippines v15 retained evidence,Philippines v15 retained-evidence manifest,2026-08-05 cumulative package,2020-2053 model lineage,Philippines,"path, size, role, and SHA-256 for every retained evidence file",record,evidence/RETAINED_EVIDENCE_MANIFEST.csv,,2026-08-05,MUIOGO repository terms; third-party evidence retains provider terms,d72a17f0c653fa920c103b652b0688ce0ce38513bbdacdb1fdd098ae4108d690,evidence/RETAINED_EVIDENCE_MANIFEST.csv,Retained inside the canonical v15 package.
