source_id,provider,product,edition,reference_period,geography,variable,source_unit,exact_locator,url,access_date,license,sha256,local_file,notes
SRC_PHL_V14_CASE,UN DESA EAPD-DRB / MUIOGO,Philippines v14 stock-turnover case and solved BASE_V14 control,v14,2020-2053,Philippines,All source parameters inherited by v15 plus the unchanged optimal baseline,mixed MUIO model units,snapshots/philippines_v14_genData.json; live R*.json and res/BASE_V14 are under WebAPP/DataStorage/Philippines_v14_STOCK_TURNOVER,https://github.com/EAPD-DRB/MUIOGO/tree/main/WebAPP/DataStorage/Philippines_v14_STOCK_TURNOVER,2026-08-04,Repository license,a558a31941fecee27cdc35c7bfb261af653126d68998ea50a5156278b819bd16,snapshots/philippines_v14_genData.json,The digest verifies retained genData.json; the v15 manifest records fingerprints for every copied source JSON.
SRC_PHL_WATER_SNAPSHOT,MUIOGO research compilation,Philippines precipitation SSP2-4.5 and national water evidence snapshot,2026-08-03,1950-2025 observations; 1991-2020 normal; 2020-2059 projections; 2020-2053 model path,Philippines,"ERA5 precipitation, CMIP6 SSP2-4.5 anomalies, national water potential, groundwater evidence and limitations",mm/year; km3/year; percent; model metadata,snapshots/philippines_water_precipitation_ssp245.json; individual JSON paths and URLs are stated inside the file,https://github.com/EAPD-DRB/MUIOGO/blob/main/scripts/data/philippines_water_precipitation_ssp245.json,2026-08-03,Repository compilation; underlying-source terms apply,97f024db29f4d5a2df7440c5414949cbadbefd726bea74d8f790f648948c548d,snapshots/philippines_water_precipitation_ssp245.json,"Normalized retained evidence used by the generator. The digest is for the compilation, not each remote HTTP response body."
SRC_WB_CCKP_ERA5_PHL_TS,World Bank Climate Change Knowledge Portal,ERA5 0.25-degree annual precipitation country-mean timeseries,ERA5/ERA5T,1950-2025,Philippines ISO3 PHL; national spatial mean,pr precipitation,mm/year,API route era5-x0.25_timeseries_pr_timeseries_annual_1950-2025_mean_historical_era5_x0.25_mean/PHL; normalized values at observed_annual_mm_per_year.series,https://cckpapi.worldbank.org/cckp/v1/era5-x0.25_timeseries_pr_timeseries_annual_1950-2025_mean_historical_era5_x0.25_mean/PHL?_format=json,2026-08-03,CC BY 4.0 under World Bank CCKP metadata,,,"2024-2025 rely on preliminary ERA5T inputs and may be revised; annual observations are context, not individually installed model years."
SRC_WB_CCKP_ERA5_PHL_NORMAL,World Bank Climate Change Knowledge Portal,ERA5 0.25-degree precipitation climatology,ERA5,1991-2020,Philippines ISO3 PHL; national spatial mean,Annual precipitation climatology,mm/year,API route era5-x0.25_climatology_pr_climatology_annual_1991-2020_mean_historical_era5_x0.25_mean/PHL; value 2658.12,https://cckpapi.worldbank.org/cckp/v1/era5-x0.25_climatology_pr_climatology_annual_1991-2020_mean_historical_era5_x0.25_mean/PHL?_format=json,2026-08-03,CC BY 4.0 under World Bank CCKP metadata,,,Installed as the 2020 hydrology depth anchor after rebasing the inherited national land block.
SRC_WB_CCKP_CMIP6_PHL_HIST,World Bank Climate Change Knowledge Portal,CMIP6 0.25-degree multi-model ensemble historical precipitation climatology,ensemble median,1995-2014,Philippines ISO3 PHL; national spatial mean,Historical annual precipitation climatology,mm/year,API route cmip6-x0.25_climatology_pr_climatology_annual_1995-2014_median_historical_ensemble_all_mean/PHL; value 2477.61,https://cckpapi.worldbank.org/cckp/v1/cmip6-x0.25_climatology_pr_climatology_annual_1995-2014_median_historical_ensemble_all_mean/PHL?_format=json,2026-08-03,CC BY 4.0 under World Bank CCKP metadata,,,Used only as the denominator for relative SSP2-4.5 anomalies; absolute projected climatologies are not mixed with ERA5.
SRC_WB_CCKP_CMIP6_PHL_SSP245_2030,World Bank Climate Change Knowledge Portal,CMIP6 SSP2-4.5 annual precipitation anomaly,ensemble median,2020-2039 represented at midpoint 2030,Philippines ISO3 PHL; national spatial mean,Annual precipitation anomaly,mm/year,API route cmip6-x0.25_climatology_pr_anomaly_annual_2020-2039_median_ssp245_ensemble_all_mean/PHL; value 25.08,https://cckpapi.worldbank.org/cckp/v1/cmip6-x0.25_climatology_pr_anomaly_annual_2020-2039_median_ssp245_ensemble_all_mean/PHL?_format=json,2026-08-03,CC BY 4.0 under World Bank CCKP metadata,,,Installed through the relative multiplier 1 + 25.08/2477.61.
SRC_WB_CCKP_CMIP6_PHL_SSP245_2050,World Bank Climate Change Knowledge Portal,CMIP6 SSP2-4.5 annual precipitation anomaly,ensemble median,2040-2059 represented at midpoint 2050,Philippines ISO3 PHL; national spatial mean,Annual precipitation anomaly,mm/year,API route cmip6-x0.25_climatology_pr_anomaly_annual_2040-2059_median_ssp245_ensemble_all_mean/PHL; value 106.77,https://cckpapi.worldbank.org/cckp/v1/cmip6-x0.25_climatology_pr_anomaly_annual_2040-2059_median_ssp245_ensemble_all_mean/PHL?_format=json,2026-08-03,CC BY 4.0 under World Bank CCKP metadata,,,Installed through the relative multiplier 1 + 106.77/2477.61.
SRC_WB_CCKP_METADATA,World Bank Climate Change Knowledge Portal,CCKP metadata and data-download documentation,current at access,Historical and CMIP6 projection products,Global,"Product definitions, 20-year projection windows, ensemble statistics, scenario names and licensing",metadata,CCKP metadata; precipitation pr; SSP2-4.5; 2020-2039 and 2040-2059 windows,https://climateknowledgeportal.worldbank.org/metadata,2026-08-04,CC BY 4.0,,,Supports interpretation and licensing; it does not supply a separate model coefficient.
SRC_IPCC_AR6_SSP245,Intergovernmental Panel on Climate Change,AR6 Working Group I Chapter 1,AR6,CMIP6 scenario framework,Global,SSP2-4.5 forcing-class interpretation relative to RCP4.5,W/m2 forcing class; scenario metadata,"Chapter 1 discussion of SSP and RCP scenario families; SSP2-4.5 is the 4.5 W/m2-class analogue, not the identical RCP4.5 experiment",https://www.ipcc.ch/report/ar6/wg1/chapter/chapter-1/,2026-08-03,IPCC publication terms,,,Used to answer the requested RCP4.5-or-equivalent framing; no IPCC numeric precipitation value is installed.
SRC_DEPDEV_WATER_POLICY_NOTE,"Philippine Department of Economy, Planning and Development",Policy Note on the Philippine Water Sector,2024 policy note,National planning benchmark,Philippines,Surface-water potential 125790 MCM/year; groundwater potential 20200 MCM/year; total 145990 MCM/year,MCM/year,"Overview of Water Resources in the Philippines, page 6; figures attributed to the Philippine Water Supply and Sanitation Master Plan",https://www.depdev.gov.ph/wp-content/uploads/2024/05/Policy-Note-on-the-Philippine-Water-Sector.pdf,2026-08-04,Philippine government publication,,,Primary installed source for the two national withdrawal-ceiling sensitivities. Potential is not dependable yield or safe yield.
SRC_PDP_2023_2028_CH12,National Economic and Development Authority,Philippine Development Plan 2023-2028 Chapter 12: Expand and Upgrade Infrastructure,PDP 2023-2028,National planning benchmark,Philippines,Annual freshwater potential 146.0 billion m3 including 20.2 billion m3 groundwater; about 2.0 billion m3 domestic/municipal groundwater,billion m3/year,"Chapter 12, page 261",https://pdp.neda.gov.ph/wp-content/uploads/2023/07/Chapter-12.pdf,2026-08-04,Philippine government publication,,,Independent national cross-check for the groundwater potential; not an aquifer-stock estimate.
SRC_PSA_WATER_ACCOUNTS_2020,Philippine Statistics Authority,Water Accounts of the Philippines special release,Reference 2021-420,2010-2020; release 2021-10-08,Philippines,2020 abstraction 218.46 bcm; 98.1 percent average surface share and 1.9 percent groundwater share; sector shares; water stress 26.7 percent,billion m3/year; percent,"Release text and Tables 1.1-1.11, 3 and 4",https://psa.gov.ph/content/countrys-overall-water-use-efficiency-decreased-while-water-stress-remains-low-level,2026-08-04,Philippine government publication,,,Benchmark only. The abstraction boundary includes large non-consumptive hydropower and is not used as either installed ceiling.
SRC_PIDS_REGIONAL_WATER,Philippine Institute for Development Studies,Development Research News regional water-resource table,2011 issue,Historical regional planning estimates,Philippine water-resource regions,"Regional components of national groundwater potential including Cagayan Valley 2.825, Eastern Visayas 2.557 and Central Visayas 0.879",km3/year,Regional water-resource table in pidsdrn11-3.pdf,https://pidswebs.pids.gov.ph/CDN/PUBLICATIONS/pidsdrn11-3.pdf,2026-08-04,PIDS publication terms,,,Older planning cross-check only; not mapped to the eight non-geographic model coefficient classes.
SRC_PIDS_METRO_CEBU_GW,Philippine Institute for Development Studies,Metro Manila and Metro Cebu Groundwater Assessment,study landing page,Local study evidence,Metro Manila and Metro Cebu,Metro Manila recharge estimate about 206 million m3/year; Cebu recharge and saltwater-intrusion constraints,million m3/year; qualitative risk,Publication landing page and linked report,https://serp-p.pids.gov.ph/publication/public/view?slug=metro-manila-and-metro-cebu-groundwater-assessment,2026-08-04,PIDS publication terms,,,Local calibration lead showing why a national potential flow cannot initialize aquifer stocks or local limits.
SRC_MGB_REGIONAL_GW,"Mines and Geosciences Bureau, DENR",Regional Groundwater Availability feature layer,ArcGIS FeatureServer layer 0,Current service at access,Philippines,Categorical aquifer productivity and potential-recharge classes,categorical polygons,"FeatureServer/0 fields CODE, GenDesc, Category and DetailedDesc; EPSG 3857",https://controlmap.mgb.gov.ph/arcgis/rest/services/GeospatialDataInventory/GDI_Regional_Groundwater_Availability/FeatureServer/0,2026-08-04,Philippine government geospatial service,,,Spatial screening only. The layer does not provide aquifer stock or a national annual safe-yield right-hand side.
SRC_FAO_AQUASTAT_METHOD,Food and Agriculture Organization of the United Nations,AQUASTAT water-resources methodology,current at access,Water-resource accounting concepts,Global,"Renewable, exploitable and available water-resource distinctions",methodology,Water resources methodology overview,https://www.fao.org/aquastat/en/overview/methodology/water-resources/,2026-08-04,FAO publication terms,,,"Supports the boundary warning that renewable potential is not necessarily fully exploitable, dependable or environmentally available."
SRC_CLEWS_PHL_GEOSPATIAL,EAPD-DRB,CLEWs-PHL Philippines v12 geospatial companion artifacts,Philippines_v12_CLEWs_build,Inherited land-water coefficient build,Philippines,"National boundary, cluster map image and eight-row land-cover, precipitation, evapotranspiration and crop-water-deficit summaries",mixed spatial/model units,Philippines_v12_CLEWs_build/geospatial directory,https://github.com/EAPD-DRB/CLEWs-PHL/tree/main/Philippines_v12_CLEWs_build/geospatial,2026-08-04,Repository license,,,Companion reproduction evidence only. Cell-level cluster membership geometry is absent and is not required for the whole-country formulation.
SRC_MUIO_FORMULATION,OSeMOSYS / MUIOGO,Local OSeMOSYS solver formulation,model.v.5.4,Model horizon 2020-2053,Generic formulation used by Philippines_v15,EBb4 annual commodity balance and UDC1/UDC2 user-defined constraint equations,algebraic formulation,snapshots/model.v.5.4.txt; EBb4_EnergyBalanceEachYear4 and UDC1_UserDefinedConstraintInequality,https://github.com/OSeMOSYS/MUIO,2026-08-04,Repository license,537d448b0252097065e47b84a72b1ec6dd008bb3bf6f84fce42ee377fc179736,snapshots/model.v.5.4.txt,Hash matches the formulation recorded in the national-water manifest.
SRC_PHL_V15_MANIFEST,MUIOGO Philippines v15 workflow,National water generation manifest,2026-08-04,2020-2053,Philippines,"Source hashes, classifications, full-precision annual climate factors, UCC series, exactness proof and limitations",mixed model units and status,snapshots/national_water_manifest.json,,2026-08-04,Repository license,782eec01b88284d3a3ff322e00248bf349181941b463b07c844f66fb576c5436,snapshots/national_water_manifest.json,Authoritative source-generation trace for the implemented v15 delta.
SRC_PHL_V15_VALIDATION,MUIOGO Philippines v15 workflow,National water validation report,2026-08-04,BASE_V15 versus BASE_V14,Philippines,"Identity, source fingerprints, generated matrix, solver status, objective, regression and closure checks",status; seconds; model units,snapshots/national_water_validation.json,,2026-08-04,Repository license,e5eae7ad63603b26fbef1f826142086c1aaf3c0dc3c54265beac0e91d71821ea,snapshots/national_water_validation.json,CBC was solved in the full live validation; the short-name migration independently rechecked the preserved LP and ledger.
SRC_PHL_V15_LEDGER,MUIOGO Philippines v15 workflow,Authoritative full-precision national water ledger,2026-08-04,2020-2053,Philippines,"Precipitation, modeled surface production, recharge, withdrawals, UDC caps, residuals and duals",km3/year unless stated,snapshots/national_water_ledger.json; annual array,,2026-08-04,Repository license,274aad558bbeeb7d0dfd7695c09cf18a3297799e3e382203991791bfe7bc0610,snapshots/national_water_ledger.json,Supersedes display-rounded or arbitrary ENV_WATER activity for publication.
