change_id,date,class,description,model_objects,evidence_path,map_rows_affected,resolve_status,author,commit,notes
CHG_PROVENANCE_RECON_20260730,2026-07-30,A,"Reconstructed canonical energy, land, water and environmental-accounting provenance ledgers without changing model or configuration inputs.",SOURCES.csv;CALCULATIONS.csv;ASSUMPTIONS.csv;MODEL_MAP.csv;GAPS.csv;CHANGES.csv,calculation_notes/PROVENANCE_RECONSTRUCTION_2026-07-30.md,,objective_unchanged,Codex,4690597ac3511f402990b03ecfc4182f70b3850b,
CHG_PROVENANCE_RECOVERY_20260805,2026-08-05,A,"Recovered exact GAEZ selection tables and 90-file URL manifest, bundled base rasters, FAOSTAT source files and selected rows, SSP2 workbook row and annual series, and material workflow-session events without changing model or configuration inputs.",SOURCES.csv;CALCULATIONS.csv;ASSUMPTIONS.csv;MODEL_MAP.csv;GAPS.csv;CHANGES.csv;evidence/land_agriculture_water;calculation_notes/SOURCE_PROVENANCE_RECOVERY_2026-08-05.md,calculation_notes/SOURCE_PROVENANCE_RECOVERY_2026-08-05.md,,objective_unchanged,Codex,,"Enriched active mappings MAP_CONFIG_CLIMATE and MAP_MUIO_CROP_DEMAND_GROWTH; added MAP_GAEZ_CACHE_MANIFEST, MAP_GAEZ_BASE_RASTERS, MAP_FAOSTAT_TOP10_SELECTION, MAP_SSP2_PHL_ROW and MAP_SSP2_ANNUAL_INDEX."
CHG_PHL_V13_CALIBRATION,2026-07-27,B,"Converted PM2.5 accounting coherently to kt, installed retained workbook-v5 factors, added navigation PM2.5, corrected cooking-oil CO2e, and linked blue-hydrogen capture to annual natural-gas input.",genData.json; RYTEM.json; RYE.json; RE.json,evidence/stock_turnover/documentation/MODEL_FIXES_2026-07-27.md,,resolved,Philippines model team,,"Exact values, fingerprints, formulas, and validation are retained inside v15; missing workbook bytes are in GAPS.csv."
CHG_PHL_V14_STOCK_TURNOVER,2026-07-28,B,"Replaced historical activity pins with documented initial stocks and full-horizon adoption ceilings, updated official power/road/cooking stocks, and removed the stranded geothermal heat branch.",genData.json; RYT.json; RT.json; RYC.json; RYCTs.json; RYTCM.json,evidence/stock_turnover/legacy_tables/PARAMETER_CHANGE_LOG.csv,,resolved,Philippines model team,,"All 3,253 before/after cells are expanded into MODEL_MAP.csv and retained verbatim in the source log."
CHG_PHL_V15_GWT_LINK,2026-08-04,B,Closed the missing raw-groundwater input on groundwater irrigation without calibrating activity or source share.,DEMAGRGWTPHL; PHL_WTR_GWT,calculation_notes/national_water_v15.md,MAP_PHL_GWT_IRRIGATION_STRUCTURE MAP_PHL_GWT_IRRIGATION_IAR,resolved,Codex,,Source JSON only; generated solver artifacts were not promoted as inputs.
CHG_PHL_V15_CLIMATE,2026-08-04,B,Rebased inherited national hydrology to the ERA5 1991-2020 normal and applied one SSP2-4.5 ensemble-median annual path.,LNDAGRPHLC01...LNDAGRPHLC08; PHL_WTR_PRC; PHL_WTR_SUR; PHL_WTR_GWT; PHL_WTR_EVT,calculation_notes/national_water_v15.md,MAP_PHL_CLIMATE_RYTCM MAP_PHL_WATER_SOURCE_SNAPSHOT MAP_PHL_WATER_MANIFEST,resolved,Codex,,p10 and p90 remain evidence metadata only.
CHG_PHL_V15_WATER_CAPS,2026-08-04,B,Added exact national annual gross-withdrawal sensitivity ceilings for surface water and groundwater.,WATER_SUR_AVAIL; WATER_GWT_POTENTIAL,calculation_notes/national_water_v15.md,MAP_PHL_SURFACE_CONSTRAINT_STRUCTURE MAP_PHL_GWT_CONSTRAINT_STRUCTURE MAP_PHL_SURFACE_UCC MAP_PHL_GROUNDWATER_UCC MAP_PHL_SURFACE_CAM MAP_PHL_GROUNDWATER_CAM,resolved,Codex,,"Potential-flow sensitivities only; no basin, aquifer stock or environmental-flow deduction."
CHG_PHL_V15_IDENTITY,2026-08-04,A,Named the implemented water-enabled case Philippines_v15 and retained BASE_V15; restored the unchanged pre-water v14 case as the control.,Philippines_v15/BASE_V15,calculation_notes/national_water_v15.md,,objective_unchanged,Codex,,Identity-only change; no model equation or numeric parameter changed. No active mapping is superseded.
CHG_PHL_V15_SCHEMA_LEDGER,2026-08-04,A,Added the canonical six-table source-trace ledger and a user-facing workbook for the Philippines v15 water implementation.,SOURCES.csv; CALCULATIONS.csv; ASSUMPTIONS.csv; MODEL_MAP.csv; GAPS.csv; CHANGES.csv,calculation_notes/national_water_v15.md,,objective_unchanged,Codex,,Documentation-only; live model inputs and results are untouched. No active mapping is superseded.
CHG_PHL_V15_CUMULATIVE_LEDGER,2026-08-05,A,"Replaced the delta-only filing convention with a cumulative, self-contained v15 ledger carrying inherited-base mappings, v13 calibration, v14 stock turnover, v15 water additions, retained evidence, and explicit gaps.",SOURCES.csv; CALCULATIONS.csv; ASSUMPTIONS.csv; MODEL_MAP.csv; GAPS.csv; CHANGES.csv,calculation_notes/CANONICAL_LEDGER_RECONSTRUCTION_2026-08-05.md,,objective_unchanged,Codex,,Documentation and packaging only. The previous v15 water-only ledger is preserved under history/water_delta_2026-08-04/.
CHG_PHL_V16_CANONICAL_MIGRATION,2026-08-05,A,Created the identity-only Philippines v16 canonical package and compact result-free portable case.,Philippines_v16; muio/Philippines_v16_v16.0.0_MUIO.zip,calculation_notes/philippines_v16_migration_2026-08-05.md,,objective_unchanged,Codex,,Model parameters unchanged; complete v15 provenance and retained evidence carried forward; MAP_PHL_V16_CANONICAL_PACKAGE records the active package.
CHG_PHL_V16_WATER_DEMAND_20260807,2026-08-07,B,"Converted crop-water intensities to gross diversion, rebuilt delivered public-water demand from population and per-capita use, represented NRW, and added pumping electricity to the two existing groundwater routes.",genData.json; RYTCM.json; RYC.json,calculation_notes/water_demand_v16_2026-08-07.md,MAP_PHL_V16_CANONICAL_PACKAGE;MAP_PHL_V16_GROSS_IRRIGATION_IAR;MAP_PHL_V16_PUBLIC_DEMAND;MAP_PHL_V16_PUBLIC_NRW_OAR;MAP_PHL_V16_GWT_ELECTRICITY_STRUCTURE;MAP_PHL_V16_GWT_ELECTRICITY_IAR,resolved,Codex,28e5ff933d99867e261c8e04d42eb081079648b9,No new commodity technology UDC share activity bound or irrigated-area target; approximately 1.7 Mha remains a benchmark only.
CHG_PHL_V16_IRRIGATED_RICE_20260807,2026-08-07,B,"Initialized observed rainfed and irrigated rice-system capacity, calibrated effective annual rice productivity and production cost by water regime, and corrected the marginal cost of new irrigation.",RYT.json; RYTCM.json; RYTM.json,calculation_notes/irrigated_rice_v16_2026-08-07.md,MAP_PHL_V16_RICE_INITIAL_STOCK;MAP_PHL_V16_RICE_OAR;MAP_PHL_V16_RICE_VC;MAP_PHL_V16_IRRIGATION_CC,resolved,Codex,28e5ff933d99867e261c8e04d42eb081079648b9,No demand lower bound share UDC activity pin commodity or technology was added; BASE selects 2.006 Mha voluntarily and adds zero new irrigated capacity.
CHG_PHL_V16_IRRIGATION_COST_LIFE_20260807,2026-08-07,B,Replaced the regional PHP250000/ha screening ceiling with the DA-PRDP PHP300000/ha indicative cost and changed new irrigated-rice capacity life from 15 to 30 years.,RT.json; RYT.json,calculation_notes/irrigated_rice_v16_2026-08-07.md,MAP_PHL_V16_IRRIGATION_CC;MAP_PHL_V16_IRRIGATION_OL,implemented_not_run,Codex,28e5ff933d99867e261c8e04d42eb081079648b9,No constraint or model object was added; the user will run the model separately and the previously recorded result predates this refinement.
CHG_PHL_V16_CROP_YIELDS_20260811,2026-08-11,B,Replaced inherited absolute GAEZ attainable-potential crop OARs with unit-matched 2020 national achieved yields; resolved fresh-cane and retained-vegetable-aggregate definitions; preserved rice PHP/kg costs; and refined rainfed rice stock precision.,genData.json; RYT.json; RYTCM.json; RYTM.json,calculation_notes/crop_yields_v16_2026-08-11.md,MAP_PHL_V16_RICE_INITIAL_STOCK;MAP_PHL_V16_RICE_OAR;MAP_PHL_V16_RICE_VC;MAP_PHL_V16_LIVE_SOURCE;MAP_PHL_V16_CROP_OAR_RICE_IRRIGATED;MAP_PHL_V16_CROP_OAR_RICE_RAINFED;MAP_PHL_V16_CROP_OAR_CORN;MAP_PHL_V16_CROP_OAR_COCONUT;MAP_PHL_V16_CROP_OAR_SUGARCANE;MAP_PHL_V16_CROP_OAR_VEGETABLES;MAP_PHL_V16_CROP_OAR_OTHER;MAP_PHL_V16_CROP_RICE_CAPACITY;MAP_PHL_V16_CROP_RICE_VC;MAP_PHL_V16_CROP_DEFINITIONS;MAP_PHL_V16_LIVE_SOURCE_20260811,resolved,Codex,4c990af4fefcd1e7887eabf5037f46edc5a032b2,Data-only non-forcing repair: no technology commodity mode demand activity/share bound or UDC changed; disposable and regenerated live BASE runs both solved optimally and all candidate and live checks passed.
CHG_PHL_V16_LAND_WATER_BOUNDARIES_20260811,2026-08-11,A,"Added AQUASTAT gross/net boundary records, corrected the historical 51 percent pairing, documented the whole-coconut-versus-copra mass boundary, and updated the calibration handoff.",SOURCES.csv; CALCULATIONS.csv; ASSUMPTIONS.csv; MODEL_MAP.csv; GAPS.csv; CHANGES.csv; documentation,calculation_notes/land_water_boundaries_v16_2026-08-11.md,,objective_unchanged,Codex,627f6cdb0b222c580685f63f5d2d0f219d390ed3,Provenance and documentation only. Benchmark and product-boundary metadata mappings were added without changing model values. No model source JSON generated solver input equation constraint activity result or demand changed.
CHG_PHL_V16_ENERGY_INPUTS_20260811,2026-08-11,B,"Corrected renewable technology naming, replaced the offshore-wind annual capacity factor with a capacity-weighted NREL Philippine development-zone value, restored geothermal availability, and replaced the onshore-wind ceiling with the NREL/USAID screened potential.",genData.json; RYT.json; RYTTs.json,calculation_notes/energy_inputs_v16_2026-08-11.md,MAP_PHL_V16_LIVE_SOURCE_20260811;MAP_PHL_V16_RENAME_WON;MAP_PHL_V16_RENAME_WOF;MAP_PHL_V16_RENAME_SPV;MAP_PHL_V16_OFFSHORE_CF;MAP_PHL_V16_GEOTHERMAL_AF;MAP_PHL_V16_ONSHORE_TAU;MAP_PHL_V16_ENERGY_INPUT_VALIDATION;MAP_PHL_V16_ENERGY_INPUT_LIVE_VALIDATION;MAP_PHL_V16_LIVE_SOURCE_ENERGY_20260811,resolved,Codex,5edd0cf6866e4872d4b57c981787ffe6951838ef,"Non-forcing input repair: no technology IDs, commodities, demands, lower bounds, shares or user constraints changed; solved disposable and regenerated live BASE runs remained optimal."
CHG_PHL_V16_IRRIGATION_ENGINEERING_20260811,2026-08-11,B,Replaced irrigated-rice GAEZ deficit-only AGRWATPHL coefficients with crop- and cluster-specific annual gross engineering requirements including paddy saturation ponding percolation multiple cropping and delivery efficiency.,RYTCM.json IAR COM_sp9qb modes 17 and 19; no structural objects,calculation_notes/irrigation_water_engineering_v16_2026-08-11.md,MAP_PHL_V16_IRRIGATION_IAR_C01_M17;MAP_PHL_V16_IRRIGATION_IAR_C02_M17;MAP_PHL_V16_IRRIGATION_IAR_C03_M17;MAP_PHL_V16_IRRIGATION_IAR_C04_M17;MAP_PHL_V16_IRRIGATION_IAR_C05_M17;MAP_PHL_V16_IRRIGATION_IAR_C06_M17;MAP_PHL_V16_IRRIGATION_IAR_C07_M17;MAP_PHL_V16_IRRIGATION_IAR_C08_M17;MAP_PHL_V16_IRRIGATION_IAR_C01_M19;MAP_PHL_V16_IRRIGATION_IAR_C02_M19;MAP_PHL_V16_IRRIGATION_IAR_C03_M19;MAP_PHL_V16_IRRIGATION_IAR_C04_M19;MAP_PHL_V16_IRRIGATION_IAR_C05_M19;MAP_PHL_V16_IRRIGATION_IAR_C06_M19;MAP_PHL_V16_IRRIGATION_IAR_C07_M19;MAP_PHL_V16_IRRIGATION_IAR_C08_M19;MAP_PHL_V16_IRRIGATION_ENGINEERING_INPUTS;MAP_PHL_V16_IRRIGATION_ENGINEERING_VALIDATION;MAP_PHL_V16_LIVE_SOURCE_IRRIGATION_20260811;MAP_PHL_V16_IRRIGATION_ENGINEERING_LIVE_VALIDATION,resolved,Codex,28e5ff933d99867e261c8e04d42eb081079648b9,Data-only non-forcing repair; promoted live source and full-chain validation passed; no national-total scaling and no technology commodity mode demand bound share or UDC change.
CHG_PHL_V17_LAND_COVER_20260812,2026-08-12,B,"Added the reconciled PSA/NAMRIA 2020 land partition, annual national closure, idle/fallow cropland, a 2.5 thousand km2/year forest envelope capped to 80 percent of mapped brush, a true-grass reserve, central population-urbanization built-up growth, preserved other/fishpond barren and water stocks, and a 2020 cropland floor while retaining forest VC=-10.",genData.json; RYT.json; RYTM.json; RYTCM.json; ENV_LAND; MINLNDTOT; LNDOTHTOT mode 2,calculation_notes/land_cover_v17_2026-08-12.md,MAP_PHL_V17_LAND_SUPPLY_EQUALITY;MAP_PHL_V17_BASE_YEAR_CLASSES;MAP_PHL_V17_FOREST_EXPANSION_ENVELOPE;MAP_PHL_V17_GRASS_BRUSH_ENVELOPE;MAP_PHL_V17_BUILT_UP_PATH;MAP_PHL_V17_FIXED_LAND_CLASSES;MAP_PHL_V17_CROPLAND_FLOOR;MAP_PHL_V17_ZERO_UNALLOCATED;MAP_PHL_V17_IDLE_FALLOW_STRUCTURE;MAP_PHL_V17_IDLE_FALLOW_CEILING;MAP_PHL_V17_FOREST_VC_RETAINED;MAP_PHL_V17_LAND_VALIDATION,resolved,Codex,51867d9,The 80 percent cap is forest-only; crops and built-up may clear any brush above the protected true-grass floor. No technology commodity UDC or global mode added.
CHG_PHL_V18_ENERGY_INPUTS_20260812,2026-08-12,B,"Built v18 from committed v17; retained all land safeguards; installed a 0.70 geothermal ceiling, national restricted-screen onshore CF, Philippine coal capex, central SMR capex, 60-year hydro life, and separate existing domestic/LNG chronology prices and limits.",genData.json; RT.json; RYT.json; RYTM.json; RYTTs.json,calculation_notes/energy_inputs_v18_2026-08-12.md,MAP_PHL_V16_GEOTHERMAL_AF;MAP_PHL_V18_GEOTHERMAL_AF;MAP_PHL_V18_ONSHORE_CF;MAP_PHL_V18_COAL_CC;MAP_PHL_V18_SMR_CC;MAP_PHL_V18_HYDRO_OL;MAP_PHL_V18_GAS_IMPORT_TAU;MAP_PHL_V18_GAS_DOMESTIC_TAU;MAP_PHL_V18_GAS_IMPORT_VC;MAP_PHL_V18_GAS_DOMESTIC_VC,resolved,Codex,,Canonical BASE solved optimally. No technology commodity global mode user constraint demand activity floor or share was added; v17 land closure was reproduced.
CHG_PHL_V18_DEPLOYMENT_ENVELOPES_20260813,2026-08-13,C,"Installed policy-neutral, technology-specific annual generation entry envelopes from 2026 with residual-retirement and operational-life allowance recycling; preserved every 2020-2025 source cell and left capacity choice and dispatch endogenous.",case/Philippines_v18/RYT.json TAMaxCI.SC_0 only,documentation/MODEL_FIXES_DEPLOYMENT_ENVELOPES_2026-08-13.md;data_sources/snapshots/deployment_envelopes_v18_2026-08-13.json,MAP_PHL_V18_TAMAXCI_PP_WON_2026;MAP_PHL_V18_TAMAXCI_PP_WON_2027;MAP_PHL_V18_TAMAXCI_PP_WON_2028;MAP_PHL_V18_TAMAXCI_PP_WON_2029;MAP_PHL_V18_TAMAXCI_PP_WON_2030;MAP_PHL_V18_TAMAXCI_PP_WON_2031;MAP_PHL_V18_TAMAXCI_PP_WON_2032;MAP_PHL_V18_TAMAXCI_PP_WON_2033;MAP_PHL_V18_TAMAXCI_PP_WON_2034;MAP_PHL_V18_TAMAXCI_PP_WON_2035;MAP_PHL_V18_TAMAXCI_PP_WON_2036;MAP_PHL_V18_TAMAXCI_PP_WON_2037;MAP_PHL_V18_TAMAXCI_PP_WON_2038;MAP_PHL_V18_TAMAXCI_PP_WON_2039;MAP_PHL_V18_TAMAXCI_PP_WON_2040;MAP_PHL_V18_TAMAXCI_PP_WON_2041;MAP_PHL_V18_TAMAXCI_PP_WON_2042;MAP_PHL_V18_TAMAXCI_PP_WON_2043;MAP_PHL_V18_TAMAXCI_PP_WON_2044;MAP_PHL_V18_TAMAXCI_PP_WON_2045;MAP_PHL_V18_TAMAXCI_PP_WON_2046;MAP_PHL_V18_TAMAXCI_PP_WON_2047;MAP_PHL_V18_TAMAXCI_PP_WON_2048;MAP_PHL_V18_TAMAXCI_PP_WON_2049;MAP_PHL_V18_TAMAXCI_PP_WON_2050;MAP_PHL_V18_TAMAXCI_PP_WON_2051;MAP_PHL_V18_TAMAXCI_PP_WON_2052;MAP_PHL_V18_TAMAXCI_PP_WON_2053;MAP_PHL_V18_TAMAXCI_PP_SPV_2026;MAP_PHL_V18_TAMAXCI_PP_SPV_2027;MAP_PHL_V18_TAMAXCI_PP_SPV_2028;MAP_PHL_V18_TAMAXCI_PP_SPV_2029;MAP_PHL_V18_TAMAXCI_PP_SPV_2030;MAP_PHL_V18_TAMAXCI_PP_SPV_2031;MAP_PHL_V18_TAMAXCI_PP_SPV_2032;MAP_PHL_V18_TAMAXCI_PP_SPV_2033;MAP_PHL_V18_TAMAXCI_PP_SPV_2034;MAP_PHL_V18_TAMAXCI_PP_SPV_2035;MAP_PHL_V18_TAMAXCI_PP_SPV_2036;MAP_PHL_V18_TAMAXCI_PP_SPV_2037;MAP_PHL_V18_TAMAXCI_PP_SPV_2038;MAP_PHL_V18_TAMAXCI_PP_SPV_2039;MAP_PHL_V18_TAMAXCI_PP_SPV_2040;MAP_PHL_V18_TAMAXCI_PP_SPV_2041;MAP_PHL_V18_TAMAXCI_PP_SPV_2042;MAP_PHL_V18_TAMAXCI_PP_SPV_2043;MAP_PHL_V18_TAMAXCI_PP_SPV_2044;MAP_PHL_V18_TAMAXCI_PP_SPV_2045;MAP_PHL_V18_TAMAXCI_PP_SPV_2046;MAP_PHL_V18_TAMAXCI_PP_SPV_2047;MAP_PHL_V18_TAMAXCI_PP_SPV_2048;MAP_PHL_V18_TAMAXCI_PP_SPV_2049;MAP_PHL_V18_TAMAXCI_PP_SPV_2050;MAP_PHL_V18_TAMAXCI_PP_SPV_2051;MAP_PHL_V18_TAMAXCI_PP_SPV_2052;MAP_PHL_V18_TAMAXCI_PP_SPV_2053;MAP_PHL_V18_TAMAXCI_PP_COAL_2026;MAP_PHL_V18_TAMAXCI_PP_COAL_2027;MAP_PHL_V18_TAMAXCI_PP_COAL_2028;MAP_PHL_V18_TAMAXCI_PP_COAL_2029;MAP_PHL_V18_TAMAXCI_PP_COAL_2030;MAP_PHL_V18_TAMAXCI_PP_COAL_2031;MAP_PHL_V18_TAMAXCI_PP_COAL_2032;MAP_PHL_V18_TAMAXCI_PP_COAL_2033;MAP_PHL_V18_TAMAXCI_PP_COAL_2034;MAP_PHL_V18_TAMAXCI_PP_COAL_2035;MAP_PHL_V18_TAMAXCI_PP_COAL_2036;MAP_PHL_V18_TAMAXCI_PP_COAL_2037;MAP_PHL_V18_TAMAXCI_PP_COAL_2038;MAP_PHL_V18_TAMAXCI_PP_COAL_2039;MAP_PHL_V18_TAMAXCI_PP_COAL_2040;MAP_PHL_V18_TAMAXCI_PP_COAL_2041;MAP_PHL_V18_TAMAXCI_PP_COAL_2042;MAP_PHL_V18_TAMAXCI_PP_COAL_2043;MAP_PHL_V18_TAMAXCI_PP_COAL_2044;MAP_PHL_V18_TAMAXCI_PP_COAL_2045;MAP_PHL_V18_TAMAXCI_PP_COAL_2046;MAP_PHL_V18_TAMAXCI_PP_COAL_2047;MAP_PHL_V18_TAMAXCI_PP_COAL_2048;MAP_PHL_V18_TAMAXCI_PP_COAL_2049;MAP_PHL_V18_TAMAXCI_PP_COAL_2050;MAP_PHL_V18_TAMAXCI_PP_COAL_2051;MAP_PHL_V18_TAMAXCI_PP_COAL_2052;MAP_PHL_V18_TAMAXCI_PP_COAL_2053;MAP_PHL_V18_TAMAXCI_PP_COAL_CCS_2026;MAP_PHL_V18_TAMAXCI_PP_COAL_CCS_2027;MAP_PHL_V18_TAMAXCI_PP_COAL_CCS_2028;MAP_PHL_V18_TAMAXCI_PP_COAL_CCS_2029;MAP_PHL_V18_TAMAXCI_PP_COAL_CCS_2030;MAP_PHL_V18_TAMAXCI_PP_COAL_CCS_2031;MAP_PHL_V18_TAMAXCI_PP_COAL_CCS_2032;MAP_PHL_V18_TAMAXCI_PP_COAL_CCS_2033;MAP_PHL_V18_TAMAXCI_PP_COAL_CCS_2034;MAP_PHL_V18_TAMAXCI_PP_COAL_CCS_2035;MAP_PHL_V18_TAMAXCI_PP_COAL_CCS_2036;MAP_PHL_V18_TAMAXCI_PP_COAL_CCS_2037;MAP_PHL_V18_TAMAXCI_PP_COAL_CCS_2038;MAP_PHL_V18_TAMAXCI_PP_COAL_CCS_2039;MAP_PHL_V18_TAMAXCI_PP_COAL_CCS_2040;MAP_PHL_V18_TAMAXCI_PP_COAL_CCS_2041;MAP_PHL_V18_TAMAXCI_PP_COAL_CCS_2042;MAP_PHL_V18_TAMAXCI_PP_COAL_CCS_2043;MAP_PHL_V18_TAMAXCI_PP_COAL_CCS_2044;MAP_PHL_V18_TAMAXCI_PP_COAL_CCS_2045;MAP_PHL_V18_TAMAXCI_PP_COAL_CCS_2046;MAP_PHL_V18_TAMAXCI_PP_COAL_CCS_2047;MAP_PHL_V18_TAMAXCI_PP_COAL_CCS_2048;MAP_PHL_V18_TAMAXCI_PP_COAL_CCS_2049;MAP_PHL_V18_TAMAXCI_PP_COAL_CCS_2050;MAP_PHL_V18_TAMAXCI_PP_COAL_CCS_2051;MAP_PHL_V18_TAMAXCI_PP_COAL_CCS_2052;MAP_PHL_V18_TAMAXCI_PP_COAL_CCS_2053;MAP_PHL_V18_TAMAXCI_PP_NGCC_2026;MAP_PHL_V18_TAMAXCI_PP_NGCC_2027;MAP_PHL_V18_TAMAXCI_PP_NGCC_2028;MAP_PHL_V18_TAMAXCI_PP_NGCC_2029;MAP_PHL_V18_TAMAXCI_PP_NGCC_2030;MAP_PHL_V18_TAMAXCI_PP_NGCC_2031;MAP_PHL_V18_TAMAXCI_PP_NGCC_2032;MAP_PHL_V18_TAMAXCI_PP_NGCC_2033;MAP_PHL_V18_TAMAXCI_PP_NGCC_2034;MAP_PHL_V18_TAMAXCI_PP_NGCC_2035;MAP_PHL_V18_TAMAXCI_PP_NGCC_2036;MAP_PHL_V18_TAMAXCI_PP_NGCC_2037;MAP_PHL_V18_TAMAXCI_PP_NGCC_2038;MAP_PHL_V18_TAMAXCI_PP_NGCC_2039;MAP_PHL_V18_TAMAXCI_PP_NGCC_2040;MAP_PHL_V18_TAMAXCI_PP_NGCC_2041;MAP_PHL_V18_TAMAXCI_PP_NGCC_2042;MAP_PHL_V18_TAMAXCI_PP_NGCC_2043;MAP_PHL_V18_TAMAXCI_PP_NGCC_2044;MAP_PHL_V18_TAMAXCI_PP_NGCC_2045;MAP_PHL_V18_TAMAXCI_PP_NGCC_2046;MAP_PHL_V18_TAMAXCI_PP_NGCC_2047;MAP_PHL_V18_TAMAXCI_PP_NGCC_2048;MAP_PHL_V18_TAMAXCI_PP_NGCC_2049;MAP_PHL_V18_TAMAXCI_PP_NGCC_2050;MAP_PHL_V18_TAMAXCI_PP_NGCC_2051;MAP_PHL_V18_TAMAXCI_PP_NGCC_2052;MAP_PHL_V18_TAMAXCI_PP_NGCC_2053;MAP_PHL_V18_TAMAXCI_PP_NGCC_CCS_2026;MAP_PHL_V18_TAMAXCI_PP_NGCC_CCS_2027;MAP_PHL_V18_TAMAXCI_PP_NGCC_CCS_2028;MAP_PHL_V18_TAMAXCI_PP_NGCC_CCS_2029;MAP_PHL_V18_TAMAXCI_PP_NGCC_CCS_2030;MAP_PHL_V18_TAMAXCI_PP_NGCC_CCS_2031;MAP_PHL_V18_TAMAXCI_PP_NGCC_CCS_2032;MAP_PHL_V18_TAMAXCI_PP_NGCC_CCS_2033;MAP_PHL_V18_TAMAXCI_PP_NGCC_CCS_2034;MAP_PHL_V18_TAMAXCI_PP_NGCC_CCS_2035;MAP_PHL_V18_TAMAXCI_PP_NGCC_CCS_2036;MAP_PHL_V18_TAMAXCI_PP_NGCC_CCS_2037;MAP_PHL_V18_TAMAXCI_PP_NGCC_CCS_2038;MAP_PHL_V18_TAMAXCI_PP_NGCC_CCS_2039;MAP_PHL_V18_TAMAXCI_PP_NGCC_CCS_2040;MAP_PHL_V18_TAMAXCI_PP_NGCC_CCS_2041;MAP_PHL_V18_TAMAXCI_PP_NGCC_CCS_2042;MAP_PHL_V18_TAMAXCI_PP_NGCC_CCS_2043;MAP_PHL_V18_TAMAXCI_PP_NGCC_CCS_2044;MAP_PHL_V18_TAMAXCI_PP_NGCC_CCS_2045;MAP_PHL_V18_TAMAXCI_PP_NGCC_CCS_2046;MAP_PHL_V18_TAMAXCI_PP_NGCC_CCS_2047;MAP_PHL_V18_TAMAXCI_PP_NGCC_CCS_2048;MAP_PHL_V18_TAMAXCI_PP_NGCC_CCS_2049;MAP_PHL_V18_TAMAXCI_PP_NGCC_CCS_2050;MAP_PHL_V18_TAMAXCI_PP_NGCC_CCS_2051;MAP_PHL_V18_TAMAXCI_PP_NGCC_CCS_2052;MAP_PHL_V18_TAMAXCI_PP_NGCC_CCS_2053;MAP_PHL_V18_TAMAXCI_GEO_OLD_2026;MAP_PHL_V18_TAMAXCI_GEO_OLD_2027;MAP_PHL_V18_TAMAXCI_GEO_OLD_2028;MAP_PHL_V18_TAMAXCI_GEO_OLD_2029;MAP_PHL_V18_TAMAXCI_GEO_OLD_2030;MAP_PHL_V18_TAMAXCI_GEO_OLD_2031;MAP_PHL_V18_TAMAXCI_GEO_OLD_2032;MAP_PHL_V18_TAMAXCI_GEO_OLD_2033;MAP_PHL_V18_TAMAXCI_GEO_OLD_2034;MAP_PHL_V18_TAMAXCI_GEO_OLD_2035;MAP_PHL_V18_TAMAXCI_GEO_OLD_2036;MAP_PHL_V18_TAMAXCI_GEO_OLD_2037;MAP_PHL_V18_TAMAXCI_GEO_OLD_2038;MAP_PHL_V18_TAMAXCI_GEO_OLD_2039;MAP_PHL_V18_TAMAXCI_GEO_OLD_2040;MAP_PHL_V18_TAMAXCI_GEO_OLD_2041;MAP_PHL_V18_TAMAXCI_GEO_OLD_2042;MAP_PHL_V18_TAMAXCI_GEO_OLD_2043;MAP_PHL_V18_TAMAXCI_GEO_OLD_2044;MAP_PHL_V18_TAMAXCI_GEO_OLD_2045;MAP_PHL_V18_TAMAXCI_GEO_OLD_2046;MAP_PHL_V18_TAMAXCI_GEO_OLD_2047;MAP_PHL_V18_TAMAXCI_GEO_OLD_2048;MAP_PHL_V18_TAMAXCI_GEO_OLD_2049;MAP_PHL_V18_TAMAXCI_GEO_OLD_2050;MAP_PHL_V18_TAMAXCI_GEO_OLD_2051;MAP_PHL_V18_TAMAXCI_GEO_OLD_2052;MAP_PHL_V18_TAMAXCI_GEO_OLD_2053;MAP_PHL_V18_TAMAXCI_PP_HY_LA_2026;MAP_PHL_V18_TAMAXCI_PP_HY_LA_2027;MAP_PHL_V18_TAMAXCI_PP_HY_LA_2028;MAP_PHL_V18_TAMAXCI_PP_HY_LA_2029;MAP_PHL_V18_TAMAXCI_PP_HY_LA_2030;MAP_PHL_V18_TAMAXCI_PP_HY_LA_2031;MAP_PHL_V18_TAMAXCI_PP_HY_LA_2032;MAP_PHL_V18_TAMAXCI_PP_HY_LA_2033;MAP_PHL_V18_TAMAXCI_PP_HY_LA_2034;MAP_PHL_V18_TAMAXCI_PP_HY_LA_2035;MAP_PHL_V18_TAMAXCI_PP_HY_LA_2036;MAP_PHL_V18_TAMAXCI_PP_HY_LA_2037;MAP_PHL_V18_TAMAXCI_PP_HY_LA_2038;MAP_PHL_V18_TAMAXCI_PP_HY_LA_2039;MAP_PHL_V18_TAMAXCI_PP_HY_LA_2040;MAP_PHL_V18_TAMAXCI_PP_HY_LA_2041;MAP_PHL_V18_TAMAXCI_PP_HY_LA_2042;MAP_PHL_V18_TAMAXCI_PP_HY_LA_2043;MAP_PHL_V18_TAMAXCI_PP_HY_LA_2044;MAP_PHL_V18_TAMAXCI_PP_HY_LA_2045;MAP_PHL_V18_TAMAXCI_PP_HY_LA_2046;MAP_PHL_V18_TAMAXCI_PP_HY_LA_2047;MAP_PHL_V18_TAMAXCI_PP_HY_LA_2048;MAP_PHL_V18_TAMAXCI_PP_HY_LA_2049;MAP_PHL_V18_TAMAXCI_PP_HY_LA_2050;MAP_PHL_V18_TAMAXCI_PP_HY_LA_2051;MAP_PHL_V18_TAMAXCI_PP_HY_LA_2052;MAP_PHL_V18_TAMAXCI_PP_HY_LA_2053;MAP_PHL_V18_TAMAXCI_PP_BIOM_CCS_2026;MAP_PHL_V18_TAMAXCI_PP_BIOM_CCS_2027;MAP_PHL_V18_TAMAXCI_PP_BIOM_CCS_2028;MAP_PHL_V18_TAMAXCI_PP_BIOM_CCS_2029;MAP_PHL_V18_TAMAXCI_PP_BIOM_CCS_2030;MAP_PHL_V18_TAMAXCI_PP_BIOM_CCS_2031;MAP_PHL_V18_TAMAXCI_PP_BIOM_CCS_2032;MAP_PHL_V18_TAMAXCI_PP_BIOM_CCS_2033;MAP_PHL_V18_TAMAXCI_PP_BIOM_CCS_2034;MAP_PHL_V18_TAMAXCI_PP_BIOM_CCS_2035;MAP_PHL_V18_TAMAXCI_PP_BIOM_CCS_2036;MAP_PHL_V18_TAMAXCI_PP_BIOM_CCS_2037;MAP_PHL_V18_TAMAXCI_PP_BIOM_CCS_2038;MAP_PHL_V18_TAMAXCI_PP_BIOM_CCS_2039;MAP_PHL_V18_TAMAXCI_PP_BIOM_CCS_2040;MAP_PHL_V18_TAMAXCI_PP_BIOM_CCS_2041;MAP_PHL_V18_TAMAXCI_PP_BIOM_CCS_2042;MAP_PHL_V18_TAMAXCI_PP_BIOM_CCS_2043;MAP_PHL_V18_TAMAXCI_PP_BIOM_CCS_2044;MAP_PHL_V18_TAMAXCI_PP_BIOM_CCS_2045;MAP_PHL_V18_TAMAXCI_PP_BIOM_CCS_2046;MAP_PHL_V18_TAMAXCI_PP_BIOM_CCS_2047;MAP_PHL_V18_TAMAXCI_PP_BIOM_CCS_2048;MAP_PHL_V18_TAMAXCI_PP_BIOM_CCS_2049;MAP_PHL_V18_TAMAXCI_PP_BIOM_CCS_2050;MAP_PHL_V18_TAMAXCI_PP_BIOM_CCS_2051;MAP_PHL_V18_TAMAXCI_PP_BIOM_CCS_2052;MAP_PHL_V18_TAMAXCI_PP_BIOM_CCS_2053;MAP_PHL_V18_TAMAXCI_PP_H2_2026;MAP_PHL_V18_TAMAXCI_PP_H2_2027;MAP_PHL_V18_TAMAXCI_PP_H2_2028;MAP_PHL_V18_TAMAXCI_PP_H2_2029;MAP_PHL_V18_TAMAXCI_PP_H2_2030;MAP_PHL_V18_TAMAXCI_PP_H2_2031;MAP_PHL_V18_TAMAXCI_PP_H2_2032;MAP_PHL_V18_TAMAXCI_PP_H2_2033;MAP_PHL_V18_TAMAXCI_PP_H2_2034;MAP_PHL_V18_TAMAXCI_PP_H2_2035;MAP_PHL_V18_TAMAXCI_PP_H2_2036;MAP_PHL_V18_TAMAXCI_PP_H2_2037;MAP_PHL_V18_TAMAXCI_PP_H2_2038;MAP_PHL_V18_TAMAXCI_PP_H2_2039;MAP_PHL_V18_TAMAXCI_PP_H2_2040;MAP_PHL_V18_TAMAXCI_PP_H2_2041;MAP_PHL_V18_TAMAXCI_PP_H2_2042;MAP_PHL_V18_TAMAXCI_PP_H2_2043;MAP_PHL_V18_TAMAXCI_PP_H2_2044;MAP_PHL_V18_TAMAXCI_PP_H2_2045;MAP_PHL_V18_TAMAXCI_PP_H2_2046;MAP_PHL_V18_TAMAXCI_PP_H2_2047;MAP_PHL_V18_TAMAXCI_PP_H2_2048;MAP_PHL_V18_TAMAXCI_PP_H2_2049;MAP_PHL_V18_TAMAXCI_PP_H2_2050;MAP_PHL_V18_TAMAXCI_PP_H2_2051;MAP_PHL_V18_TAMAXCI_PP_H2_2052;MAP_PHL_V18_TAMAXCI_PP_H2_2053;MAP_PHL_V18_TAMAXCI_PP_WOF_2026;MAP_PHL_V18_TAMAXCI_PP_WOF_2027;MAP_PHL_V18_TAMAXCI_PP_WOF_2028;MAP_PHL_V18_TAMAXCI_PP_WOF_2029;MAP_PHL_V18_TAMAXCI_PP_WOF_2030;MAP_PHL_V18_TAMAXCI_PP_WOF_2031;MAP_PHL_V18_TAMAXCI_PP_WOF_2032;MAP_PHL_V18_TAMAXCI_PP_WOF_2033;MAP_PHL_V18_TAMAXCI_PP_WOF_2034;MAP_PHL_V18_TAMAXCI_PP_WOF_2035;MAP_PHL_V18_TAMAXCI_PP_WOF_2036;MAP_PHL_V18_TAMAXCI_PP_WOF_2037;MAP_PHL_V18_TAMAXCI_PP_WOF_2038;MAP_PHL_V18_TAMAXCI_PP_WOF_2039;MAP_PHL_V18_TAMAXCI_PP_WOF_2040;MAP_PHL_V18_TAMAXCI_PP_WOF_2041;MAP_PHL_V18_TAMAXCI_PP_WOF_2042;MAP_PHL_V18_TAMAXCI_PP_WOF_2043;MAP_PHL_V18_TAMAXCI_PP_WOF_2044;MAP_PHL_V18_TAMAXCI_PP_WOF_2045;MAP_PHL_V18_TAMAXCI_PP_WOF_2046;MAP_PHL_V18_TAMAXCI_PP_WOF_2047;MAP_PHL_V18_TAMAXCI_PP_WOF_2048;MAP_PHL_V18_TAMAXCI_PP_WOF_2049;MAP_PHL_V18_TAMAXCI_PP_WOF_2050;MAP_PHL_V18_TAMAXCI_PP_WOF_2051;MAP_PHL_V18_TAMAXCI_PP_WOF_2052;MAP_PHL_V18_TAMAXCI_PP_WOF_2053;MAP_PHL_V18_TAMAXCI_PP_NUSMR_2026;MAP_PHL_V18_TAMAXCI_PP_NUSMR_2027;MAP_PHL_V18_TAMAXCI_PP_NUSMR_2028;MAP_PHL_V18_TAMAXCI_PP_NUSMR_2029;MAP_PHL_V18_TAMAXCI_PP_NUSMR_2030;MAP_PHL_V18_TAMAXCI_PP_NUSMR_2031;MAP_PHL_V18_TAMAXCI_PP_NUSMR_2032;MAP_PHL_V18_TAMAXCI_PP_NUSMR_2033;MAP_PHL_V18_TAMAXCI_PP_NUSMR_2034;MAP_PHL_V18_TAMAXCI_PP_NUSMR_2035;MAP_PHL_V18_TAMAXCI_PP_NUSMR_2036;MAP_PHL_V18_TAMAXCI_PP_NUSMR_2037;MAP_PHL_V18_TAMAXCI_PP_NUSMR_2038;MAP_PHL_V18_TAMAXCI_PP_NUSMR_2039;MAP_PHL_V18_TAMAXCI_PP_NUSMR_2040;MAP_PHL_V18_TAMAXCI_PP_NUSMR_2041;MAP_PHL_V18_TAMAXCI_PP_NUSMR_2042;MAP_PHL_V18_TAMAXCI_PP_NUSMR_2043;MAP_PHL_V18_TAMAXCI_PP_NUSMR_2044;MAP_PHL_V18_TAMAXCI_PP_NUSMR_2045;MAP_PHL_V18_TAMAXCI_PP_NUSMR_2046;MAP_PHL_V18_TAMAXCI_PP_NUSMR_2047;MAP_PHL_V18_TAMAXCI_PP_NUSMR_2048;MAP_PHL_V18_TAMAXCI_PP_NUSMR_2049;MAP_PHL_V18_TAMAXCI_PP_NUSMR_2050;MAP_PHL_V18_TAMAXCI_PP_NUSMR_2051;MAP_PHL_V18_TAMAXCI_PP_NUSMR_2052;MAP_PHL_V18_TAMAXCI_PP_NUSMR_2053;MAP_PHL_V18_TAMAXCI_PP_NU_2026;MAP_PHL_V18_TAMAXCI_PP_NU_2027;MAP_PHL_V18_TAMAXCI_PP_NU_2028;MAP_PHL_V18_TAMAXCI_PP_NU_2029;MAP_PHL_V18_TAMAXCI_PP_NU_2030;MAP_PHL_V18_TAMAXCI_PP_NU_2031;MAP_PHL_V18_TAMAXCI_PP_NU_2032;MAP_PHL_V18_TAMAXCI_PP_NU_2033;MAP_PHL_V18_TAMAXCI_PP_NU_2034;MAP_PHL_V18_TAMAXCI_PP_NU_2035;MAP_PHL_V18_TAMAXCI_PP_NU_2036;MAP_PHL_V18_TAMAXCI_PP_NU_2037;MAP_PHL_V18_TAMAXCI_PP_NU_2038;MAP_PHL_V18_TAMAXCI_PP_NU_2039;MAP_PHL_V18_TAMAXCI_PP_NU_2040;MAP_PHL_V18_TAMAXCI_PP_NU_2041;MAP_PHL_V18_TAMAXCI_PP_NU_2042;MAP_PHL_V18_TAMAXCI_PP_NU_2043;MAP_PHL_V18_TAMAXCI_PP_NU_2044;MAP_PHL_V18_TAMAXCI_PP_NU_2045;MAP_PHL_V18_TAMAXCI_PP_NU_2046;MAP_PHL_V18_TAMAXCI_PP_NU_2047;MAP_PHL_V18_TAMAXCI_PP_NU_2048;MAP_PHL_V18_TAMAXCI_PP_NU_2049;MAP_PHL_V18_TAMAXCI_PP_NU_2050;MAP_PHL_V18_TAMAXCI_PP_NU_2051;MAP_PHL_V18_TAMAXCI_PP_NU_2052;MAP_PHL_V18_TAMAXCI_PP_NU_2053;MAP_PHL_V18_TAMAXCI_CHP_COAL_OLD_2026;MAP_PHL_V18_TAMAXCI_CHP_COAL_OLD_2027;MAP_PHL_V18_TAMAXCI_CHP_COAL_OLD_2028;MAP_PHL_V18_TAMAXCI_CHP_COAL_OLD_2029;MAP_PHL_V18_TAMAXCI_CHP_COAL_OLD_2030;MAP_PHL_V18_TAMAXCI_CHP_COAL_OLD_2031;MAP_PHL_V18_TAMAXCI_CHP_COAL_OLD_2032;MAP_PHL_V18_TAMAXCI_CHP_COAL_OLD_2033;MAP_PHL_V18_TAMAXCI_CHP_COAL_OLD_2034;MAP_PHL_V18_TAMAXCI_CHP_COAL_OLD_2035;MAP_PHL_V18_TAMAXCI_CHP_COAL_OLD_2036;MAP_PHL_V18_TAMAXCI_CHP_COAL_OLD_2037;MAP_PHL_V18_TAMAXCI_CHP_COAL_OLD_2038;MAP_PHL_V18_TAMAXCI_CHP_COAL_OLD_2039;MAP_PHL_V18_TAMAXCI_CHP_COAL_OLD_2040;MAP_PHL_V18_TAMAXCI_CHP_COAL_OLD_2041;MAP_PHL_V18_TAMAXCI_CHP_COAL_OLD_2042;MAP_PHL_V18_TAMAXCI_CHP_COAL_OLD_2043;MAP_PHL_V18_TAMAXCI_CHP_COAL_OLD_2044;MAP_PHL_V18_TAMAXCI_CHP_COAL_OLD_2045;MAP_PHL_V18_TAMAXCI_CHP_COAL_OLD_2046;MAP_PHL_V18_TAMAXCI_CHP_COAL_OLD_2047;MAP_PHL_V18_TAMAXCI_CHP_COAL_OLD_2048;MAP_PHL_V18_TAMAXCI_CHP_COAL_OLD_2049;MAP_PHL_V18_TAMAXCI_CHP_COAL_OLD_2050;MAP_PHL_V18_TAMAXCI_CHP_COAL_OLD_2051;MAP_PHL_V18_TAMAXCI_CHP_COAL_OLD_2052;MAP_PHL_V18_TAMAXCI_CHP_COAL_OLD_2053;MAP_PHL_V18_TAMAXCI_CHP_NG_OLD_2026;MAP_PHL_V18_TAMAXCI_CHP_NG_OLD_2027;MAP_PHL_V18_TAMAXCI_CHP_NG_OLD_2028;MAP_PHL_V18_TAMAXCI_CHP_NG_OLD_2029;MAP_PHL_V18_TAMAXCI_CHP_NG_OLD_2030;MAP_PHL_V18_TAMAXCI_CHP_NG_OLD_2031;MAP_PHL_V18_TAMAXCI_CHP_NG_OLD_2032;MAP_PHL_V18_TAMAXCI_CHP_NG_OLD_2033;MAP_PHL_V18_TAMAXCI_CHP_NG_OLD_2034;MAP_PHL_V18_TAMAXCI_CHP_NG_OLD_2035;MAP_PHL_V18_TAMAXCI_CHP_NG_OLD_2036;MAP_PHL_V18_TAMAXCI_CHP_NG_OLD_2037;MAP_PHL_V18_TAMAXCI_CHP_NG_OLD_2038;MAP_PHL_V18_TAMAXCI_CHP_NG_OLD_2039;MAP_PHL_V18_TAMAXCI_CHP_NG_OLD_2040;MAP_PHL_V18_TAMAXCI_CHP_NG_OLD_2041;MAP_PHL_V18_TAMAXCI_CHP_NG_OLD_2042;MAP_PHL_V18_TAMAXCI_CHP_NG_OLD_2043;MAP_PHL_V18_TAMAXCI_CHP_NG_OLD_2044;MAP_PHL_V18_TAMAXCI_CHP_NG_OLD_2045;MAP_PHL_V18_TAMAXCI_CHP_NG_OLD_2046;MAP_PHL_V18_TAMAXCI_CHP_NG_OLD_2047;MAP_PHL_V18_TAMAXCI_CHP_NG_OLD_2048;MAP_PHL_V18_TAMAXCI_CHP_NG_OLD_2049;MAP_PHL_V18_TAMAXCI_CHP_NG_OLD_2050;MAP_PHL_V18_TAMAXCI_CHP_NG_OLD_2051;MAP_PHL_V18_TAMAXCI_CHP_NG_OLD_2052;MAP_PHL_V18_TAMAXCI_CHP_NG_OLD_2053;MAP_PHL_V18_TAMAXCI_CHP_OIL_OLD_2026;MAP_PHL_V18_TAMAXCI_CHP_OIL_OLD_2027;MAP_PHL_V18_TAMAXCI_CHP_OIL_OLD_2028;MAP_PHL_V18_TAMAXCI_CHP_OIL_OLD_2029;MAP_PHL_V18_TAMAXCI_CHP_OIL_OLD_2030;MAP_PHL_V18_TAMAXCI_CHP_OIL_OLD_2031;MAP_PHL_V18_TAMAXCI_CHP_OIL_OLD_2032;MAP_PHL_V18_TAMAXCI_CHP_OIL_OLD_2033;MAP_PHL_V18_TAMAXCI_CHP_OIL_OLD_2034;MAP_PHL_V18_TAMAXCI_CHP_OIL_OLD_2035;MAP_PHL_V18_TAMAXCI_CHP_OIL_OLD_2036;MAP_PHL_V18_TAMAXCI_CHP_OIL_OLD_2037;MAP_PHL_V18_TAMAXCI_CHP_OIL_OLD_2038;MAP_PHL_V18_TAMAXCI_CHP_OIL_OLD_2039;MAP_PHL_V18_TAMAXCI_CHP_OIL_OLD_2040;MAP_PHL_V18_TAMAXCI_CHP_OIL_OLD_2041;MAP_PHL_V18_TAMAXCI_CHP_OIL_OLD_2042;MAP_PHL_V18_TAMAXCI_CHP_OIL_OLD_2043;MAP_PHL_V18_TAMAXCI_CHP_OIL_OLD_2044;MAP_PHL_V18_TAMAXCI_CHP_OIL_OLD_2045;MAP_PHL_V18_TAMAXCI_CHP_OIL_OLD_2046;MAP_PHL_V18_TAMAXCI_CHP_OIL_OLD_2047;MAP_PHL_V18_TAMAXCI_CHP_OIL_OLD_2048;MAP_PHL_V18_TAMAXCI_CHP_OIL_OLD_2049;MAP_PHL_V18_TAMAXCI_CHP_OIL_OLD_2050;MAP_PHL_V18_TAMAXCI_CHP_OIL_OLD_2051;MAP_PHL_V18_TAMAXCI_CHP_OIL_OLD_2052;MAP_PHL_V18_TAMAXCI_CHP_OIL_OLD_2053;MAP_PHL_V18_TAMAXCI_CHP_BIOM_OLD_2026;MAP_PHL_V18_TAMAXCI_CHP_BIOM_OLD_2027;MAP_PHL_V18_TAMAXCI_CHP_BIOM_OLD_2028;MAP_PHL_V18_TAMAXCI_CHP_BIOM_OLD_2029;MAP_PHL_V18_TAMAXCI_CHP_BIOM_OLD_2030;MAP_PHL_V18_TAMAXCI_CHP_BIOM_OLD_2031;MAP_PHL_V18_TAMAXCI_CHP_BIOM_OLD_2032;MAP_PHL_V18_TAMAXCI_CHP_BIOM_OLD_2033;MAP_PHL_V18_TAMAXCI_CHP_BIOM_OLD_2034;MAP_PHL_V18_TAMAXCI_CHP_BIOM_OLD_2035;MAP_PHL_V18_TAMAXCI_CHP_BIOM_OLD_2036;MAP_PHL_V18_TAMAXCI_CHP_BIOM_OLD_2037;MAP_PHL_V18_TAMAXCI_CHP_BIOM_OLD_2038;MAP_PHL_V18_TAMAXCI_CHP_BIOM_OLD_2039;MAP_PHL_V18_TAMAXCI_CHP_BIOM_OLD_2040;MAP_PHL_V18_TAMAXCI_CHP_BIOM_OLD_2041;MAP_PHL_V18_TAMAXCI_CHP_BIOM_OLD_2042;MAP_PHL_V18_TAMAXCI_CHP_BIOM_OLD_2043;MAP_PHL_V18_TAMAXCI_CHP_BIOM_OLD_2044;MAP_PHL_V18_TAMAXCI_CHP_BIOM_OLD_2045;MAP_PHL_V18_TAMAXCI_CHP_BIOM_OLD_2046;MAP_PHL_V18_TAMAXCI_CHP_BIOM_OLD_2047;MAP_PHL_V18_TAMAXCI_CHP_BIOM_OLD_2048;MAP_PHL_V18_TAMAXCI_CHP_BIOM_OLD_2049;MAP_PHL_V18_TAMAXCI_CHP_BIOM_OLD_2050;MAP_PHL_V18_TAMAXCI_CHP_BIOM_OLD_2051;MAP_PHL_V18_TAMAXCI_CHP_BIOM_OLD_2052;MAP_PHL_V18_TAMAXCI_CHP_BIOM_OLD_2053,resolved,Codex,,"Only TAMaxCI.SC_0 changed. Static checks, application generation, preprocessing, glpsol matrix validation, full CBC control/candidate solves, comparison, live regeneration and delivery checks passed; no minimum, share, activity bound, aggregate cap or PEP total was added."
CHG_PHL_V18_LAND_WATER_CLOSURE_20260813,2026-08-13,B,Required all fixed national land to pass through the eight hydrological clusters and repaired gross-withdrawal versus delivered-field irrigation accounting so every cluster mode conserves water.,RYT.json TAL; RYTCM.json IAR/OAR,calculation_notes/land_water_closure_v18_2026-08-13.md,MAP_PHL_V18_LAND_HYDROLOGY_BOUNDS;MAP_PHL_V18_WATER_COEFFICIENT_CLOSURE,resolved,Codex,,"Parameter-only exact geographic cluster bounds solved optimally at objective 369743573.76853257 (1.206162654816283034375284876355133723458400E-7% versus baseline). The aggregate UDC experiment timed out after 430 seconds and was rejected. Power capacity and annual emissions are unchanged; all land receives hydrology; no crop/mode, irrigated-area, source-share or withdrawal-total result is fixed. Promotion passed for 22 source JSON files, byte-identical data.txt, canonicalized processed-set membership and matching GLPK dimensions; no live CBC rerun."
CHG_PHL_V18_RE_NUCLEAR_CAPS_20260813,2026-08-13,B,"Aligned RE-scenario nuclear commissioning ceilings with PEP 2023-2050: both represented nuclear options can enter in 2032, and conventional nuclear inherits the SC_0 physical envelope from 2035 instead of remaining prohibited.",case/Philippines_v18/RYT.json TAMaxCI.SC_w03qj for PHL_POW_PP_NU and PHL_POW_PP_NUSMR,documentation/MODEL_FIXES_RE_NUCLEAR_CAPS_2026-08-13.md;data_sources/snapshots/re_nuclear_caps_v18_2026-08-13.json,MAP_PHL_V18_RE_TAMAXCI_PP_NU_2032;MAP_PHL_V18_RE_TAMAXCI_PP_NU_2033;MAP_PHL_V18_RE_TAMAXCI_PP_NU_2034;MAP_PHL_V18_RE_TAMAXCI_PP_NU_2035;MAP_PHL_V18_RE_TAMAXCI_PP_NU_2036;MAP_PHL_V18_RE_TAMAXCI_PP_NU_2037;MAP_PHL_V18_RE_TAMAXCI_PP_NU_2038;MAP_PHL_V18_RE_TAMAXCI_PP_NU_2039;MAP_PHL_V18_RE_TAMAXCI_PP_NU_2040;MAP_PHL_V18_RE_TAMAXCI_PP_NU_2041;MAP_PHL_V18_RE_TAMAXCI_PP_NU_2042;MAP_PHL_V18_RE_TAMAXCI_PP_NU_2043;MAP_PHL_V18_RE_TAMAXCI_PP_NU_2044;MAP_PHL_V18_RE_TAMAXCI_PP_NU_2045;MAP_PHL_V18_RE_TAMAXCI_PP_NU_2046;MAP_PHL_V18_RE_TAMAXCI_PP_NU_2047;MAP_PHL_V18_RE_TAMAXCI_PP_NU_2048;MAP_PHL_V18_RE_TAMAXCI_PP_NU_2049;MAP_PHL_V18_RE_TAMAXCI_PP_NU_2050;MAP_PHL_V18_RE_TAMAXCI_PP_NU_2051;MAP_PHL_V18_RE_TAMAXCI_PP_NU_2052;MAP_PHL_V18_RE_TAMAXCI_PP_NU_2053;MAP_PHL_V18_RE_TAMAXCI_PP_NUSMR_2032;MAP_PHL_V18_RE_TAMAXCI_PP_NUSMR_2033;MAP_PHL_V18_RE_TAMAXCI_PP_NUSMR_2034,resolve_required,Codex,,"No change to NUCLEAR_CAPACITY_TARGET, activity, dispatch, renewable share, costs, lifetimes, BASE scenario, or model equations."
CHG_PHL_V18_POWER_INVESTMENT_CLEANUP_20260817,2026-08-17,B,"Removed all 20 post-2020 observed power-investment pins, closed legacy _OLD CHP representations to new entry for the full horizon, opened mature investable technologies in 2020, and extended the 2 GW/year coal construction envelope through 2020-2029 while preserving later bands and CoalPhaseOut's exact zero from 2031.",case/Philippines_v18/RYT.json TAMinCI.SC_0 and TAMaxCI.SC_0 only; RC and scenario overlays unchanged,documentation/MODEL_FIXES_POWER_INVESTMENT_CLEANUP_2026-08-17.md;data_sources/snapshots/power_investment_cleanup_validation_2026-08-17.json;data_sources/snapshots/power_investment_cleanup_promotion_identity_2026-08-17.json,MAP_PHL_V18_PWR_RC_UNCHANGED;MAP_PHL_V18_PWR_COMMITTED_SCREEN;MAP_PHL_V18_PWR_COAL_PHASEOUT_ZERO;MAP_PHL_V18_PWR_VALIDATED_SOLUTION;MAP_PHL_V18_PWR_FOSSIL_TRADE_DIAGNOSTIC;MAP_PHL_V18_PWR_INV_TAMINCI_PP_SPV_2021;MAP_PHL_V18_PWR_INV_TAMINCI_PP_SPV_2022;MAP_PHL_V18_PWR_INV_TAMINCI_PP_SPV_2023;MAP_PHL_V18_PWR_INV_TAMINCI_PP_SPV_2024;MAP_PHL_V18_PWR_INV_TAMINCI_PP_SPV_2025;MAP_PHL_V18_PWR_INV_TAMINCI_PP_COAL_2021;MAP_PHL_V18_PWR_INV_TAMINCI_PP_COAL_2022;MAP_PHL_V18_PWR_INV_TAMINCI_PP_COAL_2024;MAP_PHL_V18_PWR_INV_TAMINCI_CHP_OIL_OLD_2021;MAP_PHL_V18_PWR_INV_TAMINCI_CHP_OIL_OLD_2022;MAP_PHL_V18_PWR_INV_TAMINCI_CHP_OIL_OLD_2024;MAP_PHL_V18_PWR_INV_TAMINCI_CHP_BIOM_OLD_2022;MAP_PHL_V18_PWR_INV_TAMINCI_CHP_BIOM_OLD_2023;MAP_PHL_V18_PWR_INV_TAMINCI_CHP_BIOM_OLD_2024;MAP_PHL_V18_PWR_INV_TAMINCI_PP_HY_LA_2022;MAP_PHL_V18_PWR_INV_TAMINCI_PP_HY_LA_2023;MAP_PHL_V18_PWR_INV_TAMINCI_PP_HY_LA_2024;MAP_PHL_V18_PWR_INV_TAMINCI_GEO_OLD_2022;MAP_PHL_V18_PWR_INV_TAMINCI_GEO_OLD_2025;MAP_PHL_V18_PWR_INV_TAMINCI_PP_NGCC_2025;MAP_PHL_V18_PWR_INV_TAMAXCI_PP_WON_2020;MAP_PHL_V18_PWR_INV_TAMAXCI_PP_SPV_2020;MAP_PHL_V18_PWR_INV_TAMAXCI_PP_NGCC_2020;MAP_PHL_V18_PWR_INV_TAMAXCI_PP_HY_LA_2020;MAP_PHL_V18_PWR_INV_TAMAXCI_GEO_OLD_2020;MAP_PHL_V18_PWR_INV_TAMAXCI_PP_SPV_2021;MAP_PHL_V18_PWR_INV_TAMAXCI_PP_SPV_2022;MAP_PHL_V18_PWR_INV_TAMAXCI_PP_SPV_2023;MAP_PHL_V18_PWR_INV_TAMAXCI_PP_SPV_2024;MAP_PHL_V18_PWR_INV_TAMAXCI_PP_SPV_2025;MAP_PHL_V18_PWR_INV_TAMAXCI_PP_NGCC_2025;MAP_PHL_V18_PWR_INV_TAMAXCI_PP_HY_LA_2022;MAP_PHL_V18_PWR_INV_TAMAXCI_PP_HY_LA_2023;MAP_PHL_V18_PWR_INV_TAMAXCI_PP_HY_LA_2024;MAP_PHL_V18_PWR_INV_TAMAXCI_GEO_OLD_2022;MAP_PHL_V18_PWR_INV_TAMAXCI_GEO_OLD_2025;MAP_PHL_V18_PWR_INV_TAMAXCI_CHP_COAL_OLD_2021;MAP_PHL_V18_PWR_INV_TAMAXCI_CHP_COAL_OLD_2022;MAP_PHL_V18_PWR_INV_TAMAXCI_CHP_COAL_OLD_2023;MAP_PHL_V18_PWR_INV_TAMAXCI_CHP_COAL_OLD_2024;MAP_PHL_V18_PWR_INV_TAMAXCI_CHP_COAL_OLD_2025;MAP_PHL_V18_PWR_INV_TAMAXCI_CHP_NG_OLD_2021;MAP_PHL_V18_PWR_INV_TAMAXCI_CHP_NG_OLD_2022;MAP_PHL_V18_PWR_INV_TAMAXCI_CHP_NG_OLD_2023;MAP_PHL_V18_PWR_INV_TAMAXCI_CHP_NG_OLD_2024;MAP_PHL_V18_PWR_INV_TAMAXCI_CHP_NG_OLD_2025;MAP_PHL_V18_PWR_INV_TAMAXCI_CHP_OIL_OLD_2021;MAP_PHL_V18_PWR_INV_TAMAXCI_CHP_OIL_OLD_2022;MAP_PHL_V18_PWR_INV_TAMAXCI_CHP_OIL_OLD_2023;MAP_PHL_V18_PWR_INV_TAMAXCI_CHP_OIL_OLD_2024;MAP_PHL_V18_PWR_INV_TAMAXCI_CHP_OIL_OLD_2025;MAP_PHL_V18_PWR_INV_TAMAXCI_CHP_BIOM_OLD_2021;MAP_PHL_V18_PWR_INV_TAMAXCI_CHP_BIOM_OLD_2022;MAP_PHL_V18_PWR_INV_TAMAXCI_CHP_BIOM_OLD_2023;MAP_PHL_V18_PWR_INV_TAMAXCI_CHP_BIOM_OLD_2024;MAP_PHL_V18_PWR_INV_TAMAXCI_CHP_BIOM_OLD_2025;MAP_PHL_V18_PWR_INV_TAMAXCI_PP_COAL_2020;MAP_PHL_V18_PWR_INV_TAMAXCI_PP_COAL_2021;MAP_PHL_V18_PWR_INV_TAMAXCI_PP_COAL_2022;MAP_PHL_V18_PWR_INV_TAMAXCI_PP_COAL_2023;MAP_PHL_V18_PWR_INV_TAMAXCI_PP_COAL_2024;MAP_PHL_V18_PWR_INV_TAMAXCI_PP_COAL_2025,resolved,Codex,,"One disposable CBC run solved optimally at 369758319.27495068 in 371.19 wallclock seconds. Live RYT.json and data.txt are byte-identical to the solved candidate; live GLPK dimensions match; no live CBC rerun. The unrelated coal trade-price pathology is retained as a high-priority gap, not hidden with an activity constraint."
CHG_PHL_V18_FOSSIL_BORDER_PRICES_20260818,2026-08-18,B,"Replaced 20 undocumented or inconsistent 2020-2024 coal and crude import/export VariableCost cells with Philippine customs, DOE and Galoc realized unit values while leaving physical envelopes, imports and trade quantities endogenous.","case/Philippines_v18/RYTM.json VC.SC_0 mode 1 for PHL_PRO_IMP_COAL, PHL_PRO_EXP_COAL, PHL_PRO_IMP_OIL and PHL_PRO_EXP_OIL; 2025-2053 unchanged",documentation/MODEL_FIXES_FOSSIL_BORDER_PRICES_2026-08-18.md;data_sources/snapshots/fossil_border_prices_inputs_2026-08-18.json;data_sources/snapshots/fossil_border_prices_validation_2026-08-18.json,MAP_PHL_V18_FOSSIL_BORDER_VC_COAL_IMPORT_2020;MAP_PHL_V18_FOSSIL_BORDER_VC_COAL_IMPORT_2021;MAP_PHL_V18_FOSSIL_BORDER_VC_COAL_IMPORT_2022;MAP_PHL_V18_FOSSIL_BORDER_VC_COAL_IMPORT_2023;MAP_PHL_V18_FOSSIL_BORDER_VC_COAL_IMPORT_2024;MAP_PHL_V18_FOSSIL_BORDER_VC_COAL_EXPORT_2020;MAP_PHL_V18_FOSSIL_BORDER_VC_COAL_EXPORT_2021;MAP_PHL_V18_FOSSIL_BORDER_VC_COAL_EXPORT_2022;MAP_PHL_V18_FOSSIL_BORDER_VC_COAL_EXPORT_2023;MAP_PHL_V18_FOSSIL_BORDER_VC_COAL_EXPORT_2024;MAP_PHL_V18_FOSSIL_BORDER_VC_OIL_IMPORT_2020;MAP_PHL_V18_FOSSIL_BORDER_VC_OIL_IMPORT_2021;MAP_PHL_V18_FOSSIL_BORDER_VC_OIL_IMPORT_2022;MAP_PHL_V18_FOSSIL_BORDER_VC_OIL_IMPORT_2023;MAP_PHL_V18_FOSSIL_BORDER_VC_OIL_IMPORT_2024;MAP_PHL_V18_FOSSIL_BORDER_VC_OIL_EXPORT_2020;MAP_PHL_V18_FOSSIL_BORDER_VC_OIL_EXPORT_2021;MAP_PHL_V18_FOSSIL_BORDER_VC_OIL_EXPORT_2022;MAP_PHL_V18_FOSSIL_BORDER_VC_OIL_EXPORT_2023;MAP_PHL_V18_FOSSIL_BORDER_VC_OIL_EXPORT_2024;MAP_PHL_V18_FOSSIL_BORDER_VALIDATED_SOLUTION;MAP_PHL_V18_FOSSIL_BORDER_EQUATION,resolved,Codex,,One disposable CBC run solved optimally at 369762721.4037087 in 288.70 wall seconds. The 2022-2023 full-envelope coal export-and-reimport artifact is eliminated; zero modeled exports and zero 2020 oil extraction remain disclosed homogeneous-pool gaps. Live source and data.txt are byte-identical to the candidate; live GLPK check passed; no live CBC rerun.
CHG_PHL_V19_PM25_COVERAGE_20260819,2026-08-19,C,Created Philippines v19 from the complete v18 package and added source-traceable endogenous PM2.5 factors to 52 existing technologies: 46 first-time links and six road-liquid non-exhaust extensions.,case/Philippines_v19/genData.json EAR links; case/Philippines_v19/RYTEM.json EAR/EACR rows,documentation/MODEL_FIXES_PM25_COVERAGE_2026-08-19.md;data_sources/evidence/pm25_v19/FACTOR_SELECTION.csv;data_sources/snapshots/pm25_coverage_v19_2026-08-19.json;data_sources/snapshots/pm25_coverage_v19_validation.json,MAP_PHL_V19_PM25_AGR_HEAT_BIOM;MAP_PHL_V19_PM25_AGR_HEAT_COAL;MAP_PHL_V19_PM25_AGR_MOT_LIQ;MAP_PHL_V19_PM25_HOU_COOK_NG;MAP_PHL_V19_PM25_INDU_OTHHPH_BIOM;MAP_PHL_V19_PM25_INDU_OTHHPH_BIOM_CCS;MAP_PHL_V19_PM25_INDU_OTHHPH_COAL;MAP_PHL_V19_PM25_INDU_OTHHPH_COAL_CCS;MAP_PHL_V19_PM25_INDU_OTHHPH_NG;MAP_PHL_V19_PM25_INDU_OTHHPH_NG_CCS;MAP_PHL_V19_PM25_INDU_OTHHPH_OIL;MAP_PHL_V19_PM25_INDU_OTHLPH_BIOM;MAP_PHL_V19_PM25_INDU_OTHLPH_COAL;MAP_PHL_V19_PM25_INDU_OTHLPH_NG;MAP_PHL_V19_PM25_INDU_OTHLPH_OIL;MAP_PHL_V19_PM25_POW_PP_BIOM_CCS;MAP_PHL_V19_PM25_POW_PP_COAL_CCS;MAP_PHL_V19_PM25_POW_PP_NGCC_CCS;MAP_PHL_V19_PM25_PRO_EXTR_COAL;MAP_PHL_V19_PM25_PRO_IMP_COAL;MAP_PHL_V19_PM25_SER_HEAT_BIOM;MAP_PHL_V19_PM25_SER_HEAT_COAL;MAP_PHL_V19_PM25_SER_HEAT_NG;MAP_PHL_V19_PM25_SER_HEAT_OIL;MAP_PHL_V19_PM25_TRA_23WHEEL_ELE;MAP_PHL_V19_PM25_TRA_23WHEEL_LIQ;MAP_PHL_V19_PM25_TRA_23WHEEL_NG;MAP_PHL_V19_PM25_TRA_BUS_ELE;MAP_PHL_V19_PM25_TRA_BUS_H2;MAP_PHL_V19_PM25_TRA_BUS_LIQ;MAP_PHL_V19_PM25_TRA_BUS_NG;MAP_PHL_V19_PM25_TRA_BUS_PHEV;MAP_PHL_V19_PM25_TRA_CAR_ELE;MAP_PHL_V19_PM25_TRA_CAR_H2;MAP_PHL_V19_PM25_TRA_CAR_LIQ;MAP_PHL_V19_PM25_TRA_CAR_NG;MAP_PHL_V19_PM25_TRA_CAR_PHEV;MAP_PHL_V19_PM25_TRA_TRUH_ELE;MAP_PHL_V19_PM25_TRA_TRUH_H2;MAP_PHL_V19_PM25_TRA_TRUH_LIQ;MAP_PHL_V19_PM25_TRA_TRUH_NG;MAP_PHL_V19_PM25_TRA_TRUH_PHEV;MAP_PHL_V19_PM25_TRA_TRUL_ELE;MAP_PHL_V19_PM25_TRA_TRUL_H2;MAP_PHL_V19_PM25_TRA_TRUL_LIQ;MAP_PHL_V19_PM25_TRA_TRUL_NG;MAP_PHL_V19_PM25_TRA_TRUL_PHEV;MAP_PHL_V19_PM25_TRA_VAN_ELE;MAP_PHL_V19_PM25_TRA_VAN_H2;MAP_PHL_V19_PM25_TRA_VAN_LIQ;MAP_PHL_V19_PM25_TRA_VAN_NG;MAP_PHL_V19_PM25_TRA_VAN_PHEV;MAP_PHL_V19_PM25_TECH_LINKS;MAP_PHL_V19_CANONICAL_PACKAGE,resolved,Codex,,"PM2.5-only parameter extension. CO2e, other PM2.5 rows, technologies, commodities, constraints, costs, demands and historical calibration were unchanged."
CHG_PHL_V19_LEDGER_HYGIENE_20260819,2026-08-19,C,"Reconciled inherited archive-manifest digests, v18.0.1 package labels, three evidence-type classifications, and one supersession reference with the current ledger schema.",data_sources/SOURCES.csv;data_sources/MODEL_MAP.csv,diagnostics/provenance_validation_v19.json;data_sources/V18_MODEL_ARCHIVE_MANIFEST.csv;data_sources/evidence/CURRENT_MODEL_ARCHIVE_MANIFEST.csv,MAP_PHL_V18_CANONICAL_PACKAGE;MAP_PHL_V18_PWR_COAL_PHASEOUT_ZERO;MAP_PHL_V18_PWR_VALIDATED_SOLUTION;MAP_PHL_V18_PWR_FOSSIL_TRADE_DIAGNOSTIC;MAP_PHL_V18_FOSSIL_BORDER_VALIDATED_SOLUTION,resolved,Codex,,"Documentation/schema repair only; no model JSON, coefficient, bound, cost, demand, result, or retained evidence byte changed."
CHG_PHL_V20_POWER_HISTORY_20260820,2026-08-20,B,Applied DOE dependable-capacity availability to four closed legacy power fleets and represented 2020-2021 Malampaya take-or-pay economics as a sunk fixed payment plus plant-specific contract credit; all generation and realized builds remain endogenous.,"genData.json;RYT.json:AF,FC;RYTM.json:VC",documentation/MODEL_FIXES_POWER_HISTORY_V20_2026-08-20.md;data_sources/snapshots/power_calibration_v20_validation.json,MAP_PHL_V20_AF_COAL_OLD;MAP_PHL_V20_AF_GAS_OLD;MAP_PHL_V20_AF_OIL_OLD;MAP_PHL_V20_AF_BIOMASS_OLD;MAP_PHL_V20_GAS_CONTRACT_FC_2020;MAP_PHL_V20_GAS_CONTRACT_FC_2021;MAP_PHL_V20_GAS_CONTRACT_VC_2020;MAP_PHL_V20_GAS_CONTRACT_VC_2021;MAP_PHL_V20_GENERATION_BENCHMARK;MAP_PHL_V20_CAPACITY_BENCHMARK,resolved,Codex,,Two optimizer runs total: r1 rejected diagnostic after sector-wide gas subsidy was identified; r2 accepted. Zero sensitivity runs. Live source and generated data.txt are byte-identical to accepted candidate. Historical CURRENT_MODEL_ARCHIVE pointers were repointed to a retained inherited byte before publishing the v20 current manifest.
CHG_PHL_V21_POWER_ALLOCATION_20260820,2026-08-20,B,"Added compact off-grid oil/renewable service, a physical FIT biomass tranche and restored seasonal hydro profile to improve endogenous historical power allocation without generation or investment forcing.",genData.json;RT.json;RYC.json;RYCTs.json;RYT.json;RYTCM.json;RYTEM.json;RYTM.json;RYTTs.json,documentation/MODEL_FIXES_POWER_ALLOCATION_V21_2026-08-20.md;data_sources/snapshots/power_allocation_v21_validation.json,MAP_PHL_V21_OFFGRID_COMMODITY;MAP_PHL_V21_OFFGRID_OIL;MAP_PHL_V21_OFFGRID_RE;MAP_PHL_V21_BIOMASS_FIT;MAP_PHL_V21_HYDRO_PROFILE;MAP_PHL_V21_GENERATION_BENCHMARK;MAP_PHL_V21_VALIDATION_CHAIN,resolved,Codex,,"Four optimizer runs: r1 timeout, r2 timeout and deterministic infeasibility, r3 optimal rejected diagnostic, r4 optimal accepted. Zero sensitivity runs. Candidate/live source and data.txt byte identity passed."
