REGION,TECHNOLOGY,MODE_OF_OPERATION,YEAR,VALUE
GLOBAL,MINOTHINT,1,2050,911.97245
GLOBAL,MINOTHINT,1,2051,998.10245
GLOBAL,MINOTHINT,1,2052,1084.2124
GLOBAL,MINOTHINT,1,2053,1170.3324
GLOBAL,PWRBIOPHLXX01,1,2020,2.9911896
GLOBAL,PWRBIOPHLXX01,1,2021,2.9911896
GLOBAL,PWRBIOPHLXX01,1,2022,2.9911896
GLOBAL,PWRBIOPHLXX01,1,2023,2.9911896
GLOBAL,PWRBIOPHLXX01,1,2024,2.9911896
GLOBAL,PWRBIOPHLXX01,1,2025,2.9911896
GLOBAL,PWRBIOPHLXX01,1,2026,2.9911896
GLOBAL,PWRBIOPHLXX01,1,2027,2.9911896
GLOBAL,PWRBIOPHLXX01,1,2028,2.9911896
GLOBAL,PWRBIOPHLXX01,1,2029,2.9911896
GLOBAL,PWRBIOPHLXX01,1,2030,2.9911896
GLOBAL,PWRBIOPHLXX01,1,2031,2.9911896
GLOBAL,PWRBIOPHLXX01,1,2035,36.87
GLOBAL,PWRBIOPHLXX01,1,2036,75.64
GLOBAL,PWRBIOPHLXX01,1,2037,114.42
GLOBAL,PWRBIOPHLXX01,1,2038,153.2
GLOBAL,PWRBIOPHLXX01,1,2039,191.98
GLOBAL,PWRBIOPHLXX01,1,2040,232.01022
GLOBAL,PWRBIOPHLXX01,1,2041,275.11022
GLOBAL,PWRBIOPHLXX01,1,2042,318.22022
GLOBAL,PWRBIOPHLXX01,1,2043,361.33022
GLOBAL,PWRBIOPHLXX01,1,2044,404.43022
GLOBAL,PWRBIOPHLXX01,1,2045,450.98627
GLOBAL,PWRBIOPHLXX01,1,2046,496.98627
GLOBAL,PWRBIOPHLXX01,1,2047,544.6104
GLOBAL,PWRBIOPHLXX01,1,2048,590.87216
GLOBAL,PWRBIOPHLXX01,1,2049,636.88216
GLOBAL,PWRBIOPHLXX01,1,2050,636.88216
GLOBAL,PWRBIOPHLXX01,1,2051,636.88216
GLOBAL,PWRBIOPHLXX01,1,2052,636.88216
GLOBAL,PWRBIOPHLXX01,1,2053,636.88216
GLOBAL,PWRGEOPHLXX01,1,2020,920.4326
GLOBAL,PWRGEOPHLXX01,1,2021,956.6426
GLOBAL,PWRGEOPHLXX01,1,2022,992.8426
GLOBAL,PWRGEOPHLXX01,1,2023,1029.0526
GLOBAL,PWRGEOPHLXX01,1,2024,1065.2626
GLOBAL,PWRGEOPHLXX01,1,2025,1101.4626
GLOBAL,PWRGEOPHLXX01,1,2026,1137.9226
GLOBAL,PWRGEOPHLXX01,1,2027,1174.3726
GLOBAL,PWRGEOPHLXX01,1,2028,1210.8226
GLOBAL,PWRGEOPHLXX01,1,2029,1247.2826
GLOBAL,PWRGEOPHLXX01,1,2030,1283.7326
GLOBAL,PWRGEOPHLXX01,1,2031,1320.6026
GLOBAL,PWRGEOPHLXX01,1,2032,1360.4638
GLOBAL,PWRGEOPHLXX01,1,2033,1397.3238
GLOBAL,PWRGEOPHLXX01,1,2034,1434.1938
GLOBAL,PWRGEOPHLXX01,1,2035,1434.1938
GLOBAL,PWRGEOPHLXX01,1,2036,1434.1938
GLOBAL,PWRGEOPHLXX01,1,2037,1434.1938
GLOBAL,PWRGEOPHLXX01,1,2038,1434.1938
GLOBAL,PWRGEOPHLXX01,1,2039,1434.1938
GLOBAL,PWRGEOPHLXX01,1,2040,1434.1938
GLOBAL,PWRGEOPHLXX01,1,2041,1434.1938
GLOBAL,PWRGEOPHLXX01,1,2042,1434.1938
GLOBAL,PWRGEOPHLXX01,1,2043,1434.1938
GLOBAL,PWRGEOPHLXX01,1,2044,1434.1938
GLOBAL,PWRGEOPHLXX01,1,2045,1434.1938
GLOBAL,PWRGEOPHLXX01,1,2046,1434.1938
GLOBAL,PWRGEOPHLXX01,1,2047,1434.1938
GLOBAL,PWRGEOPHLXX01,1,2048,1434.1938
GLOBAL,PWRGEOPHLXX01,1,2049,1434.1938
GLOBAL,PWRGEOPHLXX01,1,2050,568.22134
GLOBAL,PWRGEOPHLXX01,1,2051,532.01134
GLOBAL,PWRGEOPHLXX01,1,2052,495.81134
GLOBAL,PWRGEOPHLXX01,1,2053,459.60134
GLOBAL,PWRHYDPHLXX01,1,2020,27.035648
GLOBAL,PWRHYDPHLXX01,1,2021,27.035648
GLOBAL,PWRHYDPHLXX01,1,2022,27.035648
GLOBAL,PWRHYDPHLXX01,1,2023,27.035648
GLOBAL,PWRHYDPHLXX01,1,2024,27.035648
GLOBAL,PWRHYDPHLXX01,1,2025,27.035648
GLOBAL,PWRHYDPHLXX01,1,2026,27.035648
GLOBAL,PWRHYDPHLXX01,1,2027,27.035648
GLOBAL,PWRHYDPHLXX01,1,2028,27.035648
GLOBAL,PWRHYDPHLXX01,1,2029,27.035648
GLOBAL,PWRHYDPHLXX01,1,2030,27.035648
GLOBAL,PWRHYDPHLXX01,1,2031,27.035648
GLOBAL,PWRHYDPHLXX01,1,2032,27.035648
GLOBAL,PWRHYDPHLXX01,1,2033,27.035648
GLOBAL,PWRHYDPHLXX01,1,2034,27.035648
GLOBAL,PWRHYDPHLXX01,1,2035,27.035648
GLOBAL,PWRHYDPHLXX01,1,2036,27.035648
GLOBAL,PWRHYDPHLXX01,1,2037,27.035648
GLOBAL,PWRHYDPHLXX01,1,2038,27.035648
GLOBAL,PWRHYDPHLXX01,1,2039,27.035648
GLOBAL,PWRHYDPHLXX01,1,2040,27.035648
GLOBAL,PWRHYDPHLXX01,1,2041,27.035648
GLOBAL,PWRHYDPHLXX01,1,2042,27.035648
GLOBAL,PWRHYDPHLXX01,1,2043,27.035648
GLOBAL,PWRHYDPHLXX01,1,2044,27.035648
GLOBAL,PWRHYDPHLXX01,1,2045,23.944059
GLOBAL,PWRHYDPHLXX01,1,2046,23.944059
GLOBAL,PWRHYDPHLXX01,1,2047,23.944059
GLOBAL,PWRHYDPHLXX01,1,2048,23.944059
GLOBAL,PWRHYDPHLXX01,1,2049,23.944059
GLOBAL,PWRHYDPHLXX01,1,2050,23.944059
GLOBAL,PWRHYDPHLXX01,1,2051,23.944059
GLOBAL,PWRHYDPHLXX01,1,2052,23.944059
GLOBAL,PWRHYDPHLXX01,1,2053,23.944059
GLOBAL,PWROTHPHLXX01,2,2050,911.97245
GLOBAL,PWROTHPHLXX01,2,2051,998.10245
GLOBAL,PWROTHPHLXX01,2,2052,1084.2124
GLOBAL,PWROTHPHLXX01,2,2053,1170.3324
GLOBAL,PWRSPVPHLXX01,1,2020,2.2303417
GLOBAL,PWRSPVPHLXX01,1,2021,2.2303417
GLOBAL,PWRSPVPHLXX01,1,2022,2.2303417
GLOBAL,PWRSPVPHLXX01,1,2023,2.2303417
GLOBAL,PWRSPVPHLXX01,1,2024,2.2303417
GLOBAL,PWRSPVPHLXX01,1,2025,2.2303417
GLOBAL,PWRSPVPHLXX01,1,2026,2.2303417
GLOBAL,PWRSPVPHLXX01,1,2027,2.2303417
GLOBAL,PWRSPVPHLXX01,1,2028,2.2303417
GLOBAL,PWRSPVPHLXX01,1,2029,2.2303417
GLOBAL,PWRSPVPHLXX01,1,2030,2.2303417
GLOBAL,PWRSPVPHLXX01,1,2031,2.2303417
GLOBAL,PWRSPVPHLXX01,1,2032,2.2303417
GLOBAL,PWRSPVPHLXX01,1,2033,2.2303417
GLOBAL,PWRSPVPHLXX01,1,2034,2.2303417
GLOBAL,PWRSPVPHLXX01,1,2035,2.2303417
GLOBAL,PWRSPVPHLXX01,1,2036,2.2303417
GLOBAL,PWRSPVPHLXX01,1,2037,2.2303417
GLOBAL,PWRSPVPHLXX01,1,2038,2.2303417
GLOBAL,PWRSPVPHLXX01,1,2039,2.2303417
GLOBAL,PWRSPVPHLXX01,1,2040,2.2303417
GLOBAL,PWRSPVPHLXX01,1,2041,2.2303417
GLOBAL,PWRSPVPHLXX01,1,2042,2.2303417
GLOBAL,PWRSPVPHLXX01,1,2043,2.2303417
GLOBAL,PWRSPVPHLXX01,1,2044,2.2303417
GLOBAL,PWRSPVPHLXX01,1,2045,1.8758864
GLOBAL,PWRSPVPHLXX01,1,2046,1.8758864
GLOBAL,PWRSPVPHLXX01,1,2047,0.26175159
GLOBAL,PWRTRNPHLXX,1,2020,953.94
GLOBAL,PWRTRNPHLXX,1,2021,990.15
GLOBAL,PWRTRNPHLXX,1,2022,1026.35
GLOBAL,PWRTRNPHLXX,1,2023,1062.56
GLOBAL,PWRTRNPHLXX,1,2024,1098.77
GLOBAL,PWRTRNPHLXX,1,2025,1134.97
GLOBAL,PWRTRNPHLXX,1,2026,1171.43
GLOBAL,PWRTRNPHLXX,1,2027,1207.88
GLOBAL,PWRTRNPHLXX,1,2028,1244.33
GLOBAL,PWRTRNPHLXX,1,2029,1280.79
GLOBAL,PWRTRNPHLXX,1,2030,1317.24
GLOBAL,PWRTRNPHLXX,1,2031,1354.11
GLOBAL,PWRTRNPHLXX,1,2032,1390.98
GLOBAL,PWRTRNPHLXX,1,2033,1427.84
GLOBAL,PWRTRNPHLXX,1,2034,1464.71
GLOBAL,PWRTRNPHLXX,1,2035,1501.58
GLOBAL,PWRTRNPHLXX,1,2036,1540.35
GLOBAL,PWRTRNPHLXX,1,2037,1579.13
GLOBAL,PWRTRNPHLXX,1,2038,1617.91
GLOBAL,PWRTRNPHLXX,1,2039,1656.69
GLOBAL,PWRTRNPHLXX,1,2040,1695.47
GLOBAL,PWRTRNPHLXX,1,2041,1738.57
GLOBAL,PWRTRNPHLXX,1,2042,1781.68
GLOBAL,PWRTRNPHLXX,1,2043,1824.79
GLOBAL,PWRTRNPHLXX,1,2044,1867.89
GLOBAL,PWRTRNPHLXX,1,2045,1911.0
GLOBAL,PWRTRNPHLXX,1,2046,1957.0
GLOBAL,PWRTRNPHLXX,1,2047,2003.01
GLOBAL,PWRTRNPHLXX,1,2048,2049.01
GLOBAL,PWRTRNPHLXX,1,2049,2095.02
GLOBAL,PWRTRNPHLXX,1,2050,2141.02
GLOBAL,PWRTRNPHLXX,1,2051,2190.94
GLOBAL,PWRTRNPHLXX,1,2052,2240.85
GLOBAL,PWRTRNPHLXX,1,2053,2290.76
GLOBAL,PWRWONPHLXX01,1,2020,1.2502245
GLOBAL,PWRWONPHLXX01,1,2021,1.2502245
GLOBAL,PWRWONPHLXX01,1,2022,1.2502245
GLOBAL,PWRWONPHLXX01,1,2023,1.2502245
GLOBAL,PWRWONPHLXX01,1,2024,1.2502245
GLOBAL,PWRWONPHLXX01,1,2025,1.2502245
GLOBAL,PWRWONPHLXX01,1,2026,1.2502245
GLOBAL,PWRWONPHLXX01,1,2027,1.2502245
GLOBAL,PWRWONPHLXX01,1,2028,1.2502245
GLOBAL,PWRWONPHLXX01,1,2029,1.2502245
GLOBAL,PWRWONPHLXX01,1,2030,1.2502245
GLOBAL,PWRWONPHLXX01,1,2031,1.2502245
GLOBAL,PWRWONPHLXX01,1,2032,1.2502245
GLOBAL,PWRWONPHLXX01,1,2033,1.2502245
GLOBAL,PWRWONPHLXX01,1,2034,1.2502245
GLOBAL,PWRWONPHLXX01,1,2035,1.2502245
GLOBAL,PWRWONPHLXX01,1,2036,1.2502245
GLOBAL,PWRWONPHLXX01,1,2037,1.2502245
GLOBAL,PWRWONPHLXX01,1,2038,1.2502245
GLOBAL,PWRWONPHLXX01,1,2039,1.2502245
GLOBAL,RNWBIOPHLXX,1,2020,10.080309
GLOBAL,RNWBIOPHLXX,1,2021,10.080309
GLOBAL,RNWBIOPHLXX,1,2022,10.080309
GLOBAL,RNWBIOPHLXX,1,2023,10.080309
GLOBAL,RNWBIOPHLXX,1,2024,10.080309
GLOBAL,RNWBIOPHLXX,1,2025,10.080309
GLOBAL,RNWBIOPHLXX,1,2026,10.080309
GLOBAL,RNWBIOPHLXX,1,2027,10.080309
GLOBAL,RNWBIOPHLXX,1,2028,10.080309
GLOBAL,RNWBIOPHLXX,1,2029,10.080309
GLOBAL,RNWBIOPHLXX,1,2030,10.080309
GLOBAL,RNWBIOPHLXX,1,2031,10.080309
GLOBAL,RNWBIOPHLXX,1,2035,124.2519
GLOBAL,RNWBIOPHLXX,1,2036,254.9068
GLOBAL,RNWBIOPHLXX,1,2037,385.5954
GLOBAL,RNWBIOPHLXX,1,2038,516.284
GLOBAL,RNWBIOPHLXX,1,2039,646.9726
GLOBAL,RNWBIOPHLXX,1,2040,781.87446
GLOBAL,RNWBIOPHLXX,1,2041,927.12146
GLOBAL,RNWBIOPHLXX,1,2042,1072.4022
GLOBAL,RNWBIOPHLXX,1,2043,1217.6829
GLOBAL,RNWBIOPHLXX,1,2044,1362.9299
GLOBAL,RNWBIOPHLXX,1,2045,1519.8237
GLOBAL,RNWBIOPHLXX,1,2046,1674.8437
GLOBAL,RNWBIOPHLXX,1,2047,1835.3371
GLOBAL,RNWBIOPHLXX,1,2048,1991.2392
GLOBAL,RNWBIOPHLXX,1,2049,2146.2929
GLOBAL,RNWBIOPHLXX,1,2050,2146.2929
GLOBAL,RNWBIOPHLXX,1,2051,2146.2929
GLOBAL,RNWBIOPHLXX,1,2052,2146.2929
GLOBAL,RNWBIOPHLXX,1,2053,2146.2929
GLOBAL,RNWGEOPHLXX,1,2020,920.4326
GLOBAL,RNWGEOPHLXX,1,2021,956.6426
GLOBAL,RNWGEOPHLXX,1,2022,992.8426
GLOBAL,RNWGEOPHLXX,1,2023,1029.0526
GLOBAL,RNWGEOPHLXX,1,2024,1065.2626
GLOBAL,RNWGEOPHLXX,1,2025,1101.4626
GLOBAL,RNWGEOPHLXX,1,2026,1137.9226
GLOBAL,RNWGEOPHLXX,1,2027,1174.3726
GLOBAL,RNWGEOPHLXX,1,2028,1210.8226
GLOBAL,RNWGEOPHLXX,1,2029,1247.2826
GLOBAL,RNWGEOPHLXX,1,2030,1283.7326
GLOBAL,RNWGEOPHLXX,1,2031,1320.6026
GLOBAL,RNWGEOPHLXX,1,2032,1360.4638
GLOBAL,RNWGEOPHLXX,1,2033,1397.3238
GLOBAL,RNWGEOPHLXX,1,2034,1434.1938
GLOBAL,RNWGEOPHLXX,1,2035,1434.1938
GLOBAL,RNWGEOPHLXX,1,2036,1434.1938
GLOBAL,RNWGEOPHLXX,1,2037,1434.1938
GLOBAL,RNWGEOPHLXX,1,2038,1434.1938
GLOBAL,RNWGEOPHLXX,1,2039,1434.1938
GLOBAL,RNWGEOPHLXX,1,2040,1434.1938
GLOBAL,RNWGEOPHLXX,1,2041,1434.1938
GLOBAL,RNWGEOPHLXX,1,2042,1434.1938
GLOBAL,RNWGEOPHLXX,1,2043,1434.1938
GLOBAL,RNWGEOPHLXX,1,2044,1434.1938
GLOBAL,RNWGEOPHLXX,1,2045,1434.1938
GLOBAL,RNWGEOPHLXX,1,2046,1434.1938
GLOBAL,RNWGEOPHLXX,1,2047,1434.1938
GLOBAL,RNWGEOPHLXX,1,2048,1434.1938
GLOBAL,RNWGEOPHLXX,1,2049,1434.1938
GLOBAL,RNWGEOPHLXX,1,2050,568.22134
GLOBAL,RNWGEOPHLXX,1,2051,532.01134
GLOBAL,RNWGEOPHLXX,1,2052,495.81134
GLOBAL,RNWGEOPHLXX,1,2053,459.60134
GLOBAL,RNWHYDPHLXX,1,2020,27.035648
GLOBAL,RNWHYDPHLXX,1,2021,27.035648
GLOBAL,RNWHYDPHLXX,1,2022,27.035648
GLOBAL,RNWHYDPHLXX,1,2023,27.035648
GLOBAL,RNWHYDPHLXX,1,2024,27.035648
GLOBAL,RNWHYDPHLXX,1,2025,27.035648
GLOBAL,RNWHYDPHLXX,1,2026,27.035648
GLOBAL,RNWHYDPHLXX,1,2027,27.035648
GLOBAL,RNWHYDPHLXX,1,2028,27.035648
GLOBAL,RNWHYDPHLXX,1,2029,27.035648
GLOBAL,RNWHYDPHLXX,1,2030,27.035648
GLOBAL,RNWHYDPHLXX,1,2031,27.035648
GLOBAL,RNWHYDPHLXX,1,2032,27.035648
GLOBAL,RNWHYDPHLXX,1,2033,27.035648
GLOBAL,RNWHYDPHLXX,1,2034,27.035648
GLOBAL,RNWHYDPHLXX,1,2035,27.035648
GLOBAL,RNWHYDPHLXX,1,2036,27.035648
GLOBAL,RNWHYDPHLXX,1,2037,27.035648
GLOBAL,RNWHYDPHLXX,1,2038,27.035648
GLOBAL,RNWHYDPHLXX,1,2039,27.035648
GLOBAL,RNWHYDPHLXX,1,2040,27.035648
GLOBAL,RNWHYDPHLXX,1,2041,27.035648
GLOBAL,RNWHYDPHLXX,1,2042,27.035648
GLOBAL,RNWHYDPHLXX,1,2043,27.035648
GLOBAL,RNWHYDPHLXX,1,2044,27.035648
GLOBAL,RNWHYDPHLXX,1,2045,23.944059
GLOBAL,RNWHYDPHLXX,1,2046,23.944059
GLOBAL,RNWHYDPHLXX,1,2047,23.944059
GLOBAL,RNWHYDPHLXX,1,2048,23.944059
GLOBAL,RNWHYDPHLXX,1,2049,23.944059
GLOBAL,RNWHYDPHLXX,1,2050,23.944059
GLOBAL,RNWHYDPHLXX,1,2051,23.944059
GLOBAL,RNWHYDPHLXX,1,2052,23.944059
GLOBAL,RNWHYDPHLXX,1,2053,23.944059
GLOBAL,RNWSPVPHLXX,1,2020,2.2303417
GLOBAL,RNWSPVPHLXX,1,2021,2.2303417
GLOBAL,RNWSPVPHLXX,1,2022,2.2303417
GLOBAL,RNWSPVPHLXX,1,2023,2.2303417
GLOBAL,RNWSPVPHLXX,1,2024,2.2303417
GLOBAL,RNWSPVPHLXX,1,2025,2.2303417
GLOBAL,RNWSPVPHLXX,1,2026,2.2303417
GLOBAL,RNWSPVPHLXX,1,2027,2.2303417
GLOBAL,RNWSPVPHLXX,1,2028,2.2303417
GLOBAL,RNWSPVPHLXX,1,2029,2.2303417
GLOBAL,RNWSPVPHLXX,1,2030,2.2303417
GLOBAL,RNWSPVPHLXX,1,2031,2.2303417
GLOBAL,RNWSPVPHLXX,1,2032,2.2303417
GLOBAL,RNWSPVPHLXX,1,2033,2.2303417
GLOBAL,RNWSPVPHLXX,1,2034,2.2303417
GLOBAL,RNWSPVPHLXX,1,2035,2.2303417
GLOBAL,RNWSPVPHLXX,1,2036,2.2303417
GLOBAL,RNWSPVPHLXX,1,2037,2.2303417
GLOBAL,RNWSPVPHLXX,1,2038,2.2303417
GLOBAL,RNWSPVPHLXX,1,2039,2.2303417
GLOBAL,RNWSPVPHLXX,1,2040,2.2303417
GLOBAL,RNWSPVPHLXX,1,2041,2.2303417
GLOBAL,RNWSPVPHLXX,1,2042,2.2303417
GLOBAL,RNWSPVPHLXX,1,2043,2.2303417
GLOBAL,RNWSPVPHLXX,1,2044,2.2303417
GLOBAL,RNWSPVPHLXX,1,2045,1.8758864
GLOBAL,RNWSPVPHLXX,1,2046,1.8758864
GLOBAL,RNWSPVPHLXX,1,2047,0.26175159
GLOBAL,RNWWONPHLXX,1,2020,1.2502245
GLOBAL,RNWWONPHLXX,1,2021,1.2502245
GLOBAL,RNWWONPHLXX,1,2022,1.2502245
GLOBAL,RNWWONPHLXX,1,2023,1.2502245
GLOBAL,RNWWONPHLXX,1,2024,1.2502245
GLOBAL,RNWWONPHLXX,1,2025,1.2502245
GLOBAL,RNWWONPHLXX,1,2026,1.2502245
GLOBAL,RNWWONPHLXX,1,2027,1.2502245
GLOBAL,RNWWONPHLXX,1,2028,1.2502245
GLOBAL,RNWWONPHLXX,1,2029,1.2502245
GLOBAL,RNWWONPHLXX,1,2030,1.2502245
GLOBAL,RNWWONPHLXX,1,2031,1.2502245
GLOBAL,RNWWONPHLXX,1,2032,1.2502245
GLOBAL,RNWWONPHLXX,1,2033,1.2502245
GLOBAL,RNWWONPHLXX,1,2034,1.2502245
GLOBAL,RNWWONPHLXX,1,2035,1.2502245
GLOBAL,RNWWONPHLXX,1,2036,1.2502245
GLOBAL,RNWWONPHLXX,1,2037,1.2502245
GLOBAL,RNWWONPHLXX,1,2038,1.2502245
GLOBAL,RNWWONPHLXX,1,2039,1.2502245
GLOBAL,MINLNDTOT,1,2020,295.8132
GLOBAL,MINLNDTOT,1,2021,295.8132
GLOBAL,MINLNDTOT,1,2022,295.8132
GLOBAL,MINLNDTOT,1,2023,295.8132
GLOBAL,MINLNDTOT,1,2024,295.8132
GLOBAL,MINLNDTOT,1,2025,295.8132
GLOBAL,MINLNDTOT,1,2026,295.8132
GLOBAL,MINLNDTOT,1,2027,295.8132
GLOBAL,MINLNDTOT,1,2028,295.8132
GLOBAL,MINLNDTOT,1,2029,295.8132
GLOBAL,MINLNDTOT,1,2030,295.8132
GLOBAL,MINLNDTOT,1,2031,295.8132
GLOBAL,MINLNDTOT,1,2032,295.8132
GLOBAL,MINLNDTOT,1,2033,295.8132
GLOBAL,MINLNDTOT,1,2034,295.8132
GLOBAL,MINLNDTOT,1,2035,295.8132
GLOBAL,MINLNDTOT,1,2036,295.8132
GLOBAL,MINLNDTOT,1,2037,295.8132
GLOBAL,MINLNDTOT,1,2038,295.8132
GLOBAL,MINLNDTOT,1,2039,295.8132
GLOBAL,MINLNDTOT,1,2040,295.8132
GLOBAL,MINLNDTOT,1,2041,295.8132
GLOBAL,MINLNDTOT,1,2042,295.8132
GLOBAL,MINLNDTOT,1,2043,295.8132
GLOBAL,MINLNDTOT,1,2044,295.8132
GLOBAL,MINLNDTOT,1,2045,295.8132
GLOBAL,MINLNDTOT,1,2046,295.8132
GLOBAL,MINLNDTOT,1,2047,295.8132
GLOBAL,MINLNDTOT,1,2048,295.8132
GLOBAL,MINLNDTOT,1,2049,295.8132
GLOBAL,MINLNDTOT,1,2050,295.8132
GLOBAL,MINLNDTOT,1,2051,295.8132
GLOBAL,MINLNDTOT,1,2052,295.8132
GLOBAL,MINLNDTOT,1,2053,295.8132
GLOBAL,DEMAGRSURPHL,1,2020,2.7609161
GLOBAL,DEMAGRSURPHL,1,2021,2.7609161
GLOBAL,DEMAGRSURPHL,1,2022,2.7609161
GLOBAL,DEMAGRSURPHL,1,2023,2.7609161
GLOBAL,DEMAGRSURPHL,1,2024,2.7609161
GLOBAL,DEMAGRSURPHL,1,2025,2.7609161
GLOBAL,DEMAGRSURPHL,1,2026,2.7609161
GLOBAL,DEMAGRSURPHL,1,2027,2.7609161
GLOBAL,DEMAGRSURPHL,1,2028,2.7233084
GLOBAL,DEMAGRSURPHL,1,2029,2.6856973
GLOBAL,DEMAGRSURPHL,1,2030,2.6480896
GLOBAL,DEMAGRSURPHL,1,2031,2.6133089
GLOBAL,DEMAGRSURPHL,1,2032,2.5785281
GLOBAL,DEMAGRSURPHL,1,2033,2.5437508
GLOBAL,DEMAGRSURPHL,1,2034,2.5089701
GLOBAL,DEMAGRSURPHL,1,2035,2.082584
GLOBAL,DEMAGRSURPHL,1,2036,2.082584
GLOBAL,DEMAGRSURPHL,1,2037,2.082584
GLOBAL,DEMAGRSURPHL,1,2038,2.082584
GLOBAL,DEMAGRSURPHL,1,2039,2.082584
GLOBAL,DEMAGRSURPHL,1,2040,2.082584
GLOBAL,DEMAGRSURPHL,1,2041,2.082584
GLOBAL,DEMAGRSURPHL,1,2042,2.082584
GLOBAL,DEMAGRSURPHL,1,2043,2.0546178
GLOBAL,DEMAGRSURPHL,1,2044,2.0266515
GLOBAL,DEMAGRSURPHL,1,2045,1.9986853
GLOBAL,DEMAGRSURPHL,1,2046,1.9745985
GLOBAL,DEMAGRSURPHL,1,2047,1.9505455
GLOBAL,DEMAGRSURPHL,1,2048,1.9264587
GLOBAL,DEMAGRSURPHL,1,2049,1.902372
GLOBAL,MINPRCPHL,1,2020,724.96558
GLOBAL,MINPRCPHL,1,2021,724.96558
GLOBAL,MINPRCPHL,1,2022,724.96558
GLOBAL,MINPRCPHL,1,2023,724.96558
GLOBAL,MINPRCPHL,1,2024,724.96558
GLOBAL,MINPRCPHL,1,2025,724.96558
GLOBAL,MINPRCPHL,1,2026,724.96558
GLOBAL,MINPRCPHL,1,2027,724.96558
GLOBAL,MINPRCPHL,1,2028,724.96558
GLOBAL,MINPRCPHL,1,2029,724.96558
GLOBAL,MINPRCPHL,1,2030,724.96558
GLOBAL,MINPRCPHL,1,2031,724.96558
GLOBAL,MINPRCPHL,1,2032,724.96558
GLOBAL,MINPRCPHL,1,2033,724.96558
GLOBAL,MINPRCPHL,1,2034,724.96558
GLOBAL,MINPRCPHL,1,2035,724.96558
GLOBAL,MINPRCPHL,1,2036,724.96558
GLOBAL,MINPRCPHL,1,2037,724.96558
GLOBAL,MINPRCPHL,1,2038,724.96558
GLOBAL,MINPRCPHL,1,2039,724.96558
GLOBAL,MINPRCPHL,1,2040,724.96558
GLOBAL,MINPRCPHL,1,2041,724.96558
GLOBAL,MINPRCPHL,1,2042,724.96558
GLOBAL,MINPRCPHL,1,2043,724.96558
GLOBAL,MINPRCPHL,1,2044,724.96558
GLOBAL,MINPRCPHL,1,2045,724.96558
GLOBAL,MINPRCPHL,1,2046,724.96558
GLOBAL,MINPRCPHL,1,2047,724.96558
GLOBAL,MINPRCPHL,1,2048,724.96558
GLOBAL,MINPRCPHL,1,2049,724.96558
GLOBAL,MINPRCPHL,1,2050,724.96558
GLOBAL,MINPRCPHL,1,2051,724.96558
GLOBAL,MINPRCPHL,1,2052,724.96558
GLOBAL,MINPRCPHL,1,2053,724.96558
GLOBAL,LNDTOMHRTOT,1,2020,12.218378
GLOBAL,LNDTOMHRTOT,1,2021,12.3992
GLOBAL,LNDTOMHRTOT,1,2022,12.580022
GLOBAL,LNDTOMHRTOT,1,2023,12.760844
GLOBAL,LNDTOMHRTOT,1,2024,12.941689
GLOBAL,LNDTOMHRTOT,1,2025,13.122511
GLOBAL,LNDTOMHRTOT,1,2026,13.290289
GLOBAL,LNDTOMHRTOT,1,2027,13.458089
GLOBAL,LNDTOMHRTOT,1,2028,13.625867
GLOBAL,LNDTOMHRTOT,1,2029,13.793644
GLOBAL,LNDTOMHRTOT,1,2030,13.961422
GLOBAL,LNDTOMHRTOT,1,2031,14.1166
GLOBAL,LNDTOMHRTOT,1,2032,14.271756
GLOBAL,LNDTOMHRTOT,1,2033,14.426911
GLOBAL,LNDTOMHRTOT,1,2034,14.582067
GLOBAL,LNDTOMHRTOT,1,2035,14.737222
GLOBAL,LNDTOMHRTOT,1,2036,14.877489
GLOBAL,LNDTOMHRTOT,1,2037,15.017733
GLOBAL,LNDTOMHRTOT,1,2038,15.157978
GLOBAL,LNDTOMHRTOT,1,2039,15.298222
GLOBAL,LNDTOMHRTOT,1,2040,15.438467
GLOBAL,LNDTOMHRTOT,1,2041,15.563222
GLOBAL,LNDTOMHRTOT,1,2042,15.687956
GLOBAL,LNDTOMHRTOT,1,2043,15.812711
GLOBAL,LNDTOMHRTOT,1,2044,15.937444
GLOBAL,LNDTOMHRTOT,1,2045,16.0622
GLOBAL,LNDTOMHRTOT,1,2046,16.169622
GLOBAL,LNDTOMHRTOT,1,2047,16.277044
GLOBAL,LNDTOMHRTOT,1,2048,16.384444
GLOBAL,LNDTOMHRTOT,1,2049,16.491867
GLOBAL,LNDTOMHRTOT,1,2050,16.599289
GLOBAL,LNDTOMHRTOT,1,2051,16.599289
GLOBAL,LNDTOMHRTOT,1,2052,16.599289
GLOBAL,LNDTOMHRTOT,1,2053,16.599289
GLOBAL,LNDSGCHRTOT,1,2020,22.180818
GLOBAL,LNDSGCHRTOT,1,2021,22.509091
GLOBAL,LNDSGCHRTOT,1,2022,22.837364
GLOBAL,LNDSGCHRTOT,1,2023,23.165636
GLOBAL,LNDSGCHRTOT,1,2024,23.493909
GLOBAL,LNDSGCHRTOT,1,2025,23.844686
GLOBAL,LNDSGCHRTOT,1,2026,24.186624
GLOBAL,LNDSGCHRTOT,1,2027,24.528461
GLOBAL,LNDSGCHRTOT,1,2028,24.8704
GLOBAL,LNDSGCHRTOT,1,2029,25.212237
GLOBAL,LNDSGCHRTOT,1,2030,25.554176
GLOBAL,LNDSGCHRTOT,1,2031,25.870298
GLOBAL,LNDSGCHRTOT,1,2032,26.186522
GLOBAL,LNDSGCHRTOT,1,2033,26.502645
GLOBAL,LNDSGCHRTOT,1,2034,26.818767
GLOBAL,LNDSGCHRTOT,1,2035,27.134992
GLOBAL,LNDSGCHRTOT,1,2036,27.420706
GLOBAL,LNDSGCHRTOT,1,2037,27.706522
GLOBAL,LNDSGCHRTOT,1,2038,27.992339
GLOBAL,LNDSGCHRTOT,1,2039,28.278053
GLOBAL,LNDSGCHRTOT,1,2040,28.563869
GLOBAL,LNDSGCHRTOT,1,2041,28.818053
GLOBAL,LNDSGCHRTOT,1,2042,29.072237
GLOBAL,LNDSGCHRTOT,1,2043,29.32642
GLOBAL,LNDSGCHRTOT,1,2044,29.580604
GLOBAL,LNDSGCHRTOT,1,2045,29.834788
GLOBAL,LNDSGCHRTOT,1,2046,30.053665
GLOBAL,LNDSGCHRTOT,1,2047,30.275988
GLOBAL,LNDSGCHRTOT,1,2048,30.502272
GLOBAL,LNDSGCHRTOT,1,2049,30.728555
GLOBAL,LNDSGCHRTOT,1,2050,30.954839
GLOBAL,LNDSGCHRTOT,1,2051,30.954839
GLOBAL,LNDSGCHRTOT,1,2052,30.954839
GLOBAL,LNDSGCHRTOT,1,2053,30.954839
GLOBAL,LNDMZEHRTOT,1,2020,9.7813855
GLOBAL,LNDMZEHRTOT,1,2021,9.9261446
GLOBAL,LNDMZEHRTOT,1,2022,10.070904
GLOBAL,LNDMZEHRTOT,1,2023,10.215663
GLOBAL,LNDMZEHRTOT,1,2024,10.360434
GLOBAL,LNDMZEHRTOT,1,2025,10.505193
GLOBAL,LNDMZEHRTOT,1,2026,10.639506
GLOBAL,LNDMZEHRTOT,1,2027,10.773831
GLOBAL,LNDMZEHRTOT,1,2028,10.908145
GLOBAL,LNDMZEHRTOT,1,2029,11.04247
GLOBAL,LNDMZEHRTOT,1,2030,11.176783
GLOBAL,LNDMZEHRTOT,1,2031,11.301
GLOBAL,LNDMZEHRTOT,1,2032,11.425217
GLOBAL,LNDMZEHRTOT,1,2033,11.549422
GLOBAL,LNDMZEHRTOT,1,2034,11.673639
GLOBAL,LNDMZEHRTOT,1,2035,11.797855
GLOBAL,LNDMZEHRTOT,1,2036,11.91012
GLOBAL,LNDMZEHRTOT,1,2037,12.022398
GLOBAL,LNDMZEHRTOT,1,2038,12.134699
GLOBAL,LNDMZEHRTOT,1,2039,12.246988
GLOBAL,LNDMZEHRTOT,1,2040,12.359277
GLOBAL,LNDMZEHRTOT,1,2041,12.459036
GLOBAL,LNDMZEHRTOT,1,2042,12.558916
GLOBAL,LNDMZEHRTOT,1,2043,12.658795
GLOBAL,LNDMZEHRTOT,1,2044,12.758675
GLOBAL,LNDMZEHRTOT,1,2045,12.858554
GLOBAL,LNDMZEHRTOT,1,2046,12.944578
GLOBAL,LNDMZEHRTOT,1,2047,13.030482
GLOBAL,LNDMZEHRTOT,1,2048,13.116506
GLOBAL,LNDMZEHRTOT,1,2049,13.20253
GLOBAL,LNDMZEHRTOT,1,2050,13.288554
GLOBAL,LNDMZEHRTOT,1,2051,13.288554
GLOBAL,LNDMZEHRTOT,1,2052,13.288554
GLOBAL,LNDMZEHRTOT,1,2053,13.288554
GLOBAL,LNDCONHRTOT,1,2020,31.013773
GLOBAL,LNDCONHRTOT,1,2021,31.4907
GLOBAL,LNDCONHRTOT,1,2022,31.967405
GLOBAL,LNDCONHRTOT,1,2023,32.444331
GLOBAL,LNDCONHRTOT,1,2024,32.921258
GLOBAL,LNDCONHRTOT,1,2025,33.397963
GLOBAL,LNDCONHRTOT,1,2026,33.840426
GLOBAL,LNDCONHRTOT,1,2027,34.28289
GLOBAL,LNDCONHRTOT,1,2028,34.725353
GLOBAL,LNDCONHRTOT,1,2029,35.167817
GLOBAL,LNDCONHRTOT,1,2030,35.61028
GLOBAL,LNDCONHRTOT,1,2031,36.019392
GLOBAL,LNDCONHRTOT,1,2032,36.428504
GLOBAL,LNDCONHRTOT,1,2033,36.837616
GLOBAL,LNDCONHRTOT,1,2034,37.246951
GLOBAL,LNDCONHRTOT,1,2035,37.656063
GLOBAL,LNDCONHRTOT,1,2036,38.02582
GLOBAL,LNDCONHRTOT,1,2037,38.395577
GLOBAL,LNDCONHRTOT,1,2038,38.765557
GLOBAL,LNDCONHRTOT,1,2039,39.135314
GLOBAL,LNDCONHRTOT,1,2040,39.505071
GLOBAL,LNDCONHRTOT,1,2041,39.83414
GLOBAL,LNDCONHRTOT,1,2042,40.162986
GLOBAL,LNDCONHRTOT,1,2043,40.492054
GLOBAL,LNDCONHRTOT,1,2044,40.8209
GLOBAL,LNDCONHRTOT,1,2045,41.149968
GLOBAL,LNDCONHRTOT,1,2046,41.433234
GLOBAL,LNDCONHRTOT,1,2047,41.7165
GLOBAL,LNDCONHRTOT,1,2048,41.999765
GLOBAL,LNDCONHRTOT,1,2049,42.283031
GLOBAL,LNDCONHRTOT,1,2050,42.566296
GLOBAL,LNDCONHRTOT,1,2051,42.566296
GLOBAL,LNDCONHRTOT,1,2052,42.566296
GLOBAL,LNDCONHRTOT,1,2053,42.566296
GLOBAL,LNDRCPHRTOT,1,2020,15.691828
GLOBAL,LNDRCPHRTOT,1,2021,16.053223
GLOBAL,LNDRCPHRTOT,1,2022,16.414744
GLOBAL,LNDRCPHRTOT,1,2023,16.776139
GLOBAL,LNDRCPHRTOT,1,2024,17.13766
GLOBAL,LNDRCPHRTOT,1,2025,17.499056
GLOBAL,LNDRCPHRTOT,1,2026,17.8345
GLOBAL,LNDRCPHRTOT,1,2027,18.169945
GLOBAL,LNDRCPHRTOT,1,2028,18.510302
GLOBAL,LNDRCPHRTOT,1,2029,18.850783
GLOBAL,LNDRCPHRTOT,1,2030,19.191139
GLOBAL,LNDRCPHRTOT,1,2031,19.506052
GLOBAL,LNDRCPHRTOT,1,2032,19.820839
GLOBAL,LNDRCPHRTOT,1,2033,20.135626
GLOBAL,LNDRCPHRTOT,1,2034,20.450413
GLOBAL,LNDRCPHRTOT,1,2035,22.757457
GLOBAL,LNDRCPHRTOT,1,2036,23.037714
GLOBAL,LNDRCPHRTOT,1,2037,23.318095
GLOBAL,LNDRCPHRTOT,1,2038,23.598476
GLOBAL,LNDRCPHRTOT,1,2039,23.878857
GLOBAL,LNDRCPHRTOT,1,2040,24.159113
GLOBAL,LNDRCPHRTOT,1,2041,24.408482
GLOBAL,LNDRCPHRTOT,1,2042,24.65785
GLOBAL,LNDRCPHRTOT,1,2043,24.910965
GLOBAL,LNDRCPHRTOT,1,2044,25.164079
GLOBAL,LNDRCPHRTOT,1,2045,25.417193
GLOBAL,LNDRCPHRTOT,1,2046,25.635104
GLOBAL,LNDRCPHRTOT,1,2047,25.857357
GLOBAL,LNDRCPHRTOT,1,2048,26.08434
GLOBAL,LNDRCPHRTOT,1,2049,26.311324
GLOBAL,LNDRCPHRTOT,1,2050,32.745122
GLOBAL,LNDRCPHRTOT,1,2051,32.745122
GLOBAL,LNDRCPHRTOT,1,2052,32.745122
GLOBAL,LNDRCPHRTOT,1,2053,32.745122
GLOBAL,LNDRCPHITOT,1,2020,7.2655687
GLOBAL,LNDRCPHITOT,1,2021,7.2655687
GLOBAL,LNDRCPHITOT,1,2022,7.2655687
GLOBAL,LNDRCPHITOT,1,2023,7.2655687
GLOBAL,LNDRCPHITOT,1,2024,7.2655687
GLOBAL,LNDRCPHITOT,1,2025,7.2655687
GLOBAL,LNDRCPHITOT,1,2026,7.2655687
GLOBAL,LNDRCPHITOT,1,2027,7.2655687
GLOBAL,LNDRCPHITOT,1,2028,7.2655687
GLOBAL,LNDRCPHITOT,1,2029,7.2655687
GLOBAL,LNDRCPHITOT,1,2030,7.2655687
GLOBAL,LNDRCPHITOT,1,2031,7.2655687
GLOBAL,LNDRCPHITOT,1,2032,7.2655687
GLOBAL,LNDRCPHITOT,1,2033,7.2655687
GLOBAL,LNDRCPHITOT,1,2034,7.2655687
GLOBAL,LNDRCPHITOT,1,2035,5.4804843
GLOBAL,LNDRCPHITOT,1,2036,5.4804843
GLOBAL,LNDRCPHITOT,1,2037,5.4804843
GLOBAL,LNDRCPHITOT,1,2038,5.4804843
GLOBAL,LNDRCPHITOT,1,2039,5.4804843
GLOBAL,LNDRCPHITOT,1,2040,5.4804843
GLOBAL,LNDRCPHITOT,1,2041,5.4804843
GLOBAL,LNDRCPHITOT,1,2042,5.4804843
GLOBAL,LNDRCPHITOT,1,2043,5.4804843
GLOBAL,LNDRCPHITOT,1,2044,5.4804843
GLOBAL,LNDRCPHITOT,1,2045,5.4804843
GLOBAL,LNDRCPHITOT,1,2046,5.4804843
GLOBAL,LNDRCPHITOT,1,2047,5.4804843
GLOBAL,LNDRCPHITOT,1,2048,5.4804843
GLOBAL,LNDRCPHITOT,1,2049,5.4804843
GLOBAL,LNDOTHHRTOT,1,2020,15.492844
GLOBAL,LNDOTHHRTOT,1,2021,15.732944
GLOBAL,LNDOTHHRTOT,1,2022,15.972891
GLOBAL,LNDOTHHRTOT,1,2023,16.212992
GLOBAL,LNDOTHHRTOT,1,2024,16.453093
GLOBAL,LNDOTHHRTOT,1,2025,16.687385
GLOBAL,LNDOTHHRTOT,1,2026,16.900769
GLOBAL,LNDOTHHRTOT,1,2027,17.114154
GLOBAL,LNDOTHHRTOT,1,2028,17.327538
GLOBAL,LNDOTHHRTOT,1,2029,17.540923
GLOBAL,LNDOTHHRTOT,1,2030,17.754308
GLOBAL,LNDOTHHRTOT,1,2031,17.951538
GLOBAL,LNDOTHHRTOT,1,2032,18.148923
GLOBAL,LNDOTHHRTOT,1,2033,18.346154
GLOBAL,LNDOTHHRTOT,1,2034,18.543538
GLOBAL,LNDOTHHRTOT,1,2035,18.740769
GLOBAL,LNDOTHHRTOT,1,2036,18.919231
GLOBAL,LNDOTHHRTOT,1,2037,19.097538
GLOBAL,LNDOTHHRTOT,1,2038,19.275846
GLOBAL,LNDOTHHRTOT,1,2039,19.454154
GLOBAL,LNDOTHHRTOT,1,2040,19.632615
GLOBAL,LNDOTHHRTOT,1,2041,19.791231
GLOBAL,LNDOTHHRTOT,1,2042,19.949846
GLOBAL,LNDOTHHRTOT,1,2043,20.108462
GLOBAL,LNDOTHHRTOT,1,2044,20.267077
GLOBAL,LNDOTHHRTOT,1,2045,20.425692
GLOBAL,LNDOTHHRTOT,1,2046,20.562308
GLOBAL,LNDOTHHRTOT,1,2047,20.698923
GLOBAL,LNDOTHHRTOT,1,2048,20.835538
GLOBAL,LNDOTHHRTOT,1,2049,20.972154
GLOBAL,LNDOTHHRTOT,1,2050,21.108769
GLOBAL,LNDOTHHRTOT,1,2051,21.108769
GLOBAL,LNDOTHHRTOT,1,2052,21.108769
GLOBAL,LNDOTHHRTOT,1,2053,21.108769
GLOBAL,LNDAGRPHLC01,27,2020,9.1115
GLOBAL,LNDAGRPHLC01,27,2021,9.1115
GLOBAL,LNDAGRPHLC01,27,2022,9.1115
GLOBAL,LNDAGRPHLC01,27,2023,9.1115
GLOBAL,LNDAGRPHLC01,27,2024,9.1115
GLOBAL,LNDAGRPHLC01,27,2025,9.1115
GLOBAL,LNDAGRPHLC01,27,2026,9.1115
GLOBAL,LNDAGRPHLC01,27,2027,9.1115
GLOBAL,LNDAGRPHLC01,27,2028,9.1115
GLOBAL,LNDAGRPHLC01,27,2029,9.1115
GLOBAL,LNDAGRPHLC01,27,2030,9.1115
GLOBAL,LNDAGRPHLC01,27,2031,9.1115
GLOBAL,LNDAGRPHLC01,27,2032,9.1115
GLOBAL,LNDAGRPHLC01,27,2033,9.1115
GLOBAL,LNDAGRPHLC01,27,2034,9.1115
GLOBAL,LNDAGRPHLC01,27,2035,9.1115
GLOBAL,LNDAGRPHLC01,27,2036,9.1115
GLOBAL,LNDAGRPHLC01,27,2037,9.1115
GLOBAL,LNDAGRPHLC01,27,2038,9.1115
GLOBAL,LNDAGRPHLC01,27,2039,9.1115
GLOBAL,LNDAGRPHLC01,27,2040,9.1115
GLOBAL,LNDAGRPHLC01,27,2041,9.1115
GLOBAL,LNDAGRPHLC01,27,2042,9.1115
GLOBAL,LNDAGRPHLC01,27,2043,9.1115
GLOBAL,LNDAGRPHLC01,27,2044,9.1115
GLOBAL,LNDAGRPHLC01,27,2045,9.1115
GLOBAL,LNDAGRPHLC01,27,2046,9.1115
GLOBAL,LNDAGRPHLC01,27,2047,9.1115
GLOBAL,LNDAGRPHLC01,27,2048,9.1115
GLOBAL,LNDAGRPHLC01,27,2049,9.1115
GLOBAL,LNDAGRPHLC01,27,2050,9.1115
GLOBAL,LNDAGRPHLC01,27,2051,9.1115
GLOBAL,LNDAGRPHLC01,27,2052,9.1115
GLOBAL,LNDAGRPHLC01,27,2053,9.1115
GLOBAL,LNDAGRPHLC02,24,2020,1.4575818
GLOBAL,LNDAGRPHLC02,24,2021,1.1293091
GLOBAL,LNDAGRPHLC02,24,2022,0.80103636
GLOBAL,LNDAGRPHLC02,24,2023,0.47276364
GLOBAL,LNDAGRPHLC02,24,2024,0.14449091
GLOBAL,LNDAGRPHLC02,3,2020,22.180818
GLOBAL,LNDAGRPHLC02,3,2021,22.509091
GLOBAL,LNDAGRPHLC02,3,2022,22.837364
GLOBAL,LNDAGRPHLC02,3,2023,23.165636
GLOBAL,LNDAGRPHLC02,3,2024,23.493909
GLOBAL,LNDAGRPHLC02,3,2025,23.6384
GLOBAL,LNDAGRPHLC02,3,2026,23.6384
GLOBAL,LNDAGRPHLC02,3,2027,23.6384
GLOBAL,LNDAGRPHLC02,3,2028,23.6384
GLOBAL,LNDAGRPHLC02,3,2029,23.6384
GLOBAL,LNDAGRPHLC02,3,2030,23.6384
GLOBAL,LNDAGRPHLC02,3,2031,23.6384
GLOBAL,LNDAGRPHLC02,3,2032,23.6384
GLOBAL,LNDAGRPHLC02,3,2033,23.6384
GLOBAL,LNDAGRPHLC02,3,2034,23.6384
GLOBAL,LNDAGRPHLC02,3,2035,23.6384
GLOBAL,LNDAGRPHLC02,3,2036,23.6384
GLOBAL,LNDAGRPHLC02,3,2037,23.6384
GLOBAL,LNDAGRPHLC02,3,2038,23.6384
GLOBAL,LNDAGRPHLC02,3,2039,23.6384
GLOBAL,LNDAGRPHLC02,3,2040,23.6384
GLOBAL,LNDAGRPHLC02,3,2041,23.6384
GLOBAL,LNDAGRPHLC02,3,2042,23.6384
GLOBAL,LNDAGRPHLC02,3,2043,23.6384
GLOBAL,LNDAGRPHLC02,3,2044,23.6384
GLOBAL,LNDAGRPHLC02,3,2045,23.6384
GLOBAL,LNDAGRPHLC02,3,2046,23.6384
GLOBAL,LNDAGRPHLC02,3,2047,23.6384
GLOBAL,LNDAGRPHLC02,3,2048,23.6384
GLOBAL,LNDAGRPHLC02,3,2049,23.6384
GLOBAL,LNDAGRPHLC02,3,2050,23.6384
GLOBAL,LNDAGRPHLC02,3,2051,23.6384
GLOBAL,LNDAGRPHLC02,3,2052,23.6384
GLOBAL,LNDAGRPHLC02,3,2053,23.6384
GLOBAL,LNDAGRPHLC02,30,2020,0.0433
GLOBAL,LNDAGRPHLC02,30,2021,0.0433
GLOBAL,LNDAGRPHLC02,30,2022,0.0433
GLOBAL,LNDAGRPHLC02,30,2023,0.0433
GLOBAL,LNDAGRPHLC02,30,2024,0.0433
GLOBAL,LNDAGRPHLC02,30,2025,0.0433
GLOBAL,LNDAGRPHLC02,30,2026,0.0433
GLOBAL,LNDAGRPHLC02,30,2027,0.0433
GLOBAL,LNDAGRPHLC02,30,2028,0.0433
GLOBAL,LNDAGRPHLC02,30,2029,0.0433
GLOBAL,LNDAGRPHLC02,30,2030,0.0433
GLOBAL,LNDAGRPHLC02,30,2031,0.0433
GLOBAL,LNDAGRPHLC02,30,2032,0.0433
GLOBAL,LNDAGRPHLC02,30,2033,0.0433
GLOBAL,LNDAGRPHLC02,30,2034,0.0433
GLOBAL,LNDAGRPHLC02,30,2035,0.0433
GLOBAL,LNDAGRPHLC02,30,2036,0.0433
GLOBAL,LNDAGRPHLC02,30,2037,0.0433
GLOBAL,LNDAGRPHLC02,30,2038,0.0433
GLOBAL,LNDAGRPHLC02,30,2039,0.0433
GLOBAL,LNDAGRPHLC02,30,2040,0.0433
GLOBAL,LNDAGRPHLC02,30,2041,0.0433
GLOBAL,LNDAGRPHLC02,30,2042,0.0433
GLOBAL,LNDAGRPHLC02,30,2043,0.0433
GLOBAL,LNDAGRPHLC02,30,2044,0.0433
GLOBAL,LNDAGRPHLC02,30,2045,0.0433
GLOBAL,LNDAGRPHLC02,30,2046,0.0433
GLOBAL,LNDAGRPHLC02,30,2047,0.0433
GLOBAL,LNDAGRPHLC02,30,2048,0.0433
GLOBAL,LNDAGRPHLC02,30,2049,0.0433
GLOBAL,LNDAGRPHLC02,30,2050,0.0433
GLOBAL,LNDAGRPHLC02,30,2051,0.0433
GLOBAL,LNDAGRPHLC02,30,2052,0.0433
GLOBAL,LNDAGRPHLC02,30,2053,0.0433
GLOBAL,LNDAGRPHLC03,8,2020,4.2786733
GLOBAL,LNDAGRPHLC03,8,2021,4.7614521
GLOBAL,LNDAGRPHLC03,8,2022,5.2440086
GLOBAL,LNDAGRPHLC03,8,2023,5.7267863
GLOBAL,LNDAGRPHLC03,8,2024,6.2095651
GLOBAL,LNDAGRPHLC03,8,2025,6.6921216
GLOBAL,LNDAGRPHLC03,8,2026,7.1400152
GLOBAL,LNDAGRPHLC03,8,2027,7.5879077
GLOBAL,LNDAGRPHLC03,8,2028,8.0358012
GLOBAL,LNDAGRPHLC03,8,2029,8.4836948
GLOBAL,LNDAGRPHLC03,8,2030,8.9315873
GLOBAL,LNDAGRPHLC03,8,2031,9.3457214
GLOBAL,LNDAGRPHLC03,8,2032,9.7598544
GLOBAL,LNDAGRPHLC03,8,2033,10.173987
GLOBAL,LNDAGRPHLC03,8,2034,10.588343
GLOBAL,LNDAGRPHLC03,8,2035,11.002476
GLOBAL,LNDAGRPHLC03,8,2036,11.376772
GLOBAL,LNDAGRPHLC03,8,2037,11.751067
GLOBAL,LNDAGRPHLC03,8,2038,12.125586
GLOBAL,LNDAGRPHLC03,8,2039,12.499882
GLOBAL,LNDAGRPHLC03,8,2040,12.874177
GLOBAL,LNDAGRPHLC03,8,2041,13.207283
GLOBAL,LNDAGRPHLC03,8,2042,13.540166
GLOBAL,LNDAGRPHLC03,8,2043,13.873271
GLOBAL,LNDAGRPHLC03,8,2044,14.206154
GLOBAL,LNDAGRPHLC03,8,2045,14.539259
GLOBAL,LNDAGRPHLC03,8,2046,14.826001
GLOBAL,LNDAGRPHLC03,8,2047,15.112743
GLOBAL,LNDAGRPHLC03,8,2048,15.399484
GLOBAL,LNDAGRPHLC03,8,2049,15.686226
GLOBAL,LNDAGRPHLC03,8,2050,15.972967
GLOBAL,LNDAGRPHLC03,8,2051,15.972967
GLOBAL,LNDAGRPHLC03,8,2052,15.972967
GLOBAL,LNDAGRPHLC03,8,2053,15.972967
GLOBAL,LNDAGRPHLC03,30,2020,0.877
GLOBAL,LNDAGRPHLC03,30,2021,0.877
GLOBAL,LNDAGRPHLC03,30,2022,0.877
GLOBAL,LNDAGRPHLC03,30,2023,0.877
GLOBAL,LNDAGRPHLC03,30,2024,0.877
GLOBAL,LNDAGRPHLC03,30,2025,0.877
GLOBAL,LNDAGRPHLC03,30,2026,0.877
GLOBAL,LNDAGRPHLC03,30,2027,0.877
GLOBAL,LNDAGRPHLC03,30,2028,0.877
GLOBAL,LNDAGRPHLC03,30,2029,0.877
GLOBAL,LNDAGRPHLC03,30,2030,0.877
GLOBAL,LNDAGRPHLC03,30,2031,0.877
GLOBAL,LNDAGRPHLC03,30,2032,0.877
GLOBAL,LNDAGRPHLC03,30,2033,0.877
GLOBAL,LNDAGRPHLC03,30,2034,0.877
GLOBAL,LNDAGRPHLC03,30,2035,0.877
GLOBAL,LNDAGRPHLC03,30,2036,0.877
GLOBAL,LNDAGRPHLC03,30,2037,0.877
GLOBAL,LNDAGRPHLC03,30,2038,0.877
GLOBAL,LNDAGRPHLC03,30,2039,0.877
GLOBAL,LNDAGRPHLC03,30,2040,0.877
GLOBAL,LNDAGRPHLC03,30,2041,0.877
GLOBAL,LNDAGRPHLC03,30,2042,0.877
GLOBAL,LNDAGRPHLC03,30,2043,0.877
GLOBAL,LNDAGRPHLC03,30,2044,0.877
GLOBAL,LNDAGRPHLC03,30,2045,0.877
GLOBAL,LNDAGRPHLC03,30,2046,0.877
GLOBAL,LNDAGRPHLC03,30,2047,0.877
GLOBAL,LNDAGRPHLC03,30,2048,0.877
GLOBAL,LNDAGRPHLC03,30,2049,0.877
GLOBAL,LNDAGRPHLC03,30,2050,0.877
GLOBAL,LNDAGRPHLC03,30,2051,0.877
GLOBAL,LNDAGRPHLC03,30,2052,0.877
GLOBAL,LNDAGRPHLC03,30,2053,0.877
GLOBAL,LNDAGRPHLC03,26,2020,0.3744
GLOBAL,LNDAGRPHLC03,26,2021,0.379941
GLOBAL,LNDAGRPHLC03,26,2022,0.385482
GLOBAL,LNDAGRPHLC03,26,2023,0.391023
GLOBAL,LNDAGRPHLC03,26,2024,0.396564
GLOBAL,LNDAGRPHLC03,26,2025,0.402105
GLOBAL,LNDAGRPHLC03,26,2026,0.407246
GLOBAL,LNDAGRPHLC03,26,2027,0.412388
GLOBAL,LNDAGRPHLC03,26,2028,0.417529
GLOBAL,LNDAGRPHLC03,26,2029,0.42267
GLOBAL,LNDAGRPHLC03,26,2030,0.427812
GLOBAL,LNDAGRPHLC03,26,2031,0.432566
GLOBAL,LNDAGRPHLC03,26,2032,0.437321
GLOBAL,LNDAGRPHLC03,26,2033,0.442075
GLOBAL,LNDAGRPHLC03,26,2034,0.44683
GLOBAL,LNDAGRPHLC03,26,2035,0.451584
GLOBAL,LNDAGRPHLC03,26,2036,0.455882
GLOBAL,LNDAGRPHLC03,26,2037,0.460179
GLOBAL,LNDAGRPHLC03,26,2038,0.464477
GLOBAL,LNDAGRPHLC03,26,2039,0.468774
GLOBAL,LNDAGRPHLC03,26,2040,0.473072
GLOBAL,LNDAGRPHLC03,26,2041,0.476894
GLOBAL,LNDAGRPHLC03,26,2042,0.480717
GLOBAL,LNDAGRPHLC03,26,2043,0.484539
GLOBAL,LNDAGRPHLC03,26,2044,0.488362
GLOBAL,LNDAGRPHLC03,26,2045,0.492184
GLOBAL,LNDAGRPHLC03,26,2046,0.495476
GLOBAL,LNDAGRPHLC03,26,2047,0.498767
GLOBAL,LNDAGRPHLC03,26,2048,0.502059
GLOBAL,LNDAGRPHLC03,26,2049,0.50535
GLOBAL,LNDAGRPHLC03,26,2050,0.508642
GLOBAL,LNDAGRPHLC03,26,2051,0.508642
GLOBAL,LNDAGRPHLC03,26,2052,0.508642
GLOBAL,LNDAGRPHLC03,26,2053,0.508642
GLOBAL,LNDAGRPHLC03,27,2020,88.481621
GLOBAL,LNDAGRPHLC03,27,2021,87.451084
GLOBAL,LNDAGRPHLC03,27,2022,86.420643
GLOBAL,LNDAGRPHLC03,27,2023,85.390107
GLOBAL,LNDAGRPHLC03,27,2024,84.359422
GLOBAL,LNDAGRPHLC03,27,2025,83.329106
GLOBAL,LNDAGRPHLC03,27,2026,82.37285
GLOBAL,LNDAGRPHLC03,27,2027,81.41657
GLOBAL,LNDAGRPHLC03,27,2028,80.321088
GLOBAL,LNDAGRPHLC03,27,2029,79.225469
GLOBAL,LNDAGRPHLC03,27,2030,78.129987
GLOBAL,LNDAGRPHLC03,27,2031,77.116792
GLOBAL,LNDAGRPHLC03,27,2032,76.103744
GLOBAL,LNDAGRPHLC03,27,2033,75.09071
GLOBAL,LNDAGRPHLC03,27,2034,74.077441
GLOBAL,LNDAGRPHLC03,27,2035,72.096161
GLOBAL,LNDAGRPHLC03,27,2036,71.297043
GLOBAL,LNDAGRPHLC03,27,2037,70.497825
GLOBAL,LNDAGRPHLC03,27,2038,69.698383
GLOBAL,LNDAGRPHLC03,27,2039,68.899165
GLOBAL,LNDAGRPHLC03,27,2040,68.100071
GLOBAL,LNDAGRPHLC03,27,2041,67.389019
GLOBAL,LNDAGRPHLC03,27,2042,66.678211
GLOBAL,LNDAGRPHLC03,27,2043,65.863534
GLOBAL,LNDAGRPHLC03,27,2044,65.049102
GLOBAL,LNDAGRPHLC03,27,2045,64.234425
GLOBAL,LNDAGRPHLC03,27,2046,63.533034
GLOBAL,LNDAGRPHLC03,27,2047,62.658612
GLOBAL,LNDAGRPHLC03,27,2048,61.585272
GLOBAL,LNDAGRPHLC03,27,2049,60.51191
GLOBAL,LNDAGRPHLC03,27,2050,53.961371
GLOBAL,LNDAGRPHLC03,27,2051,53.961371
GLOBAL,LNDAGRPHLC03,27,2052,53.961371
GLOBAL,LNDAGRPHLC03,27,2053,53.961371
GLOBAL,LNDAGRPHLC03,11,2020,9.2033054
GLOBAL,LNDAGRPHLC03,11,2021,9.7455231
GLOBAL,LNDAGRPHLC03,11,2022,10.287866
GLOBAL,LNDAGRPHLC03,11,2023,10.830084
GLOBAL,LNDAGRPHLC03,11,2024,11.372449
GLOBAL,LNDAGRPHLC03,11,2025,11.914667
GLOBAL,LNDAGRPHLC03,11,2026,12.417889
GLOBAL,LNDAGRPHLC03,11,2027,12.921134
GLOBAL,LNDAGRPHLC03,11,2028,13.563581
GLOBAL,LNDAGRPHLC03,11,2029,14.206166
GLOBAL,LNDAGRPHLC03,11,2030,14.848613
GLOBAL,LNDAGRPHLC03,11,2031,15.442921
GLOBAL,LNDAGRPHLC03,11,2032,16.03708
GLOBAL,LNDAGRPHLC03,11,2033,16.631227
GLOBAL,LNDAGRPHLC03,11,2034,17.225386
GLOBAL,LNDAGRPHLC03,11,2035,18.787779
GLOBAL,LNDAGRPHLC03,11,2036,19.208303
GLOBAL,LNDAGRPHLC03,11,2037,19.628928
GLOBAL,LNDAGRPHLC03,11,2038,20.049554
GLOBAL,LNDAGRPHLC03,11,2039,20.470179
GLOBAL,LNDAGRPHLC03,11,2040,20.89068
GLOBAL,LNDAGRPHLC03,11,2041,21.264804
GLOBAL,LNDAGRPHLC03,11,2042,21.638906
GLOBAL,LNDAGRPHLC03,11,2043,22.116655
GLOBAL,LNDAGRPHLC03,11,2044,22.594382
GLOBAL,LNDAGRPHLC03,11,2045,23.072132
GLOBAL,LNDAGRPHLC03,11,2046,23.483489
GLOBAL,LNDAGRPHLC03,11,2047,24.067878
GLOBAL,LNDAGRPHLC03,11,2048,24.851185
GLOBAL,LNDAGRPHLC03,11,2049,25.634514
GLOBAL,LNDAGRPHLC03,11,2050,31.895019
GLOBAL,LNDAGRPHLC03,11,2051,31.895019
GLOBAL,LNDAGRPHLC03,11,2052,31.895019
GLOBAL,LNDAGRPHLC03,11,2053,31.895019
GLOBAL,LNDAGRPHLC04,30,2020,0.2195
GLOBAL,LNDAGRPHLC04,30,2021,0.2195
GLOBAL,LNDAGRPHLC04,30,2022,0.2195
GLOBAL,LNDAGRPHLC04,30,2023,0.2195
GLOBAL,LNDAGRPHLC04,30,2024,0.2195
GLOBAL,LNDAGRPHLC04,30,2025,0.2195
GLOBAL,LNDAGRPHLC04,30,2026,0.2195
GLOBAL,LNDAGRPHLC04,30,2027,0.2195
GLOBAL,LNDAGRPHLC04,30,2028,0.2195
GLOBAL,LNDAGRPHLC04,30,2029,0.2195
GLOBAL,LNDAGRPHLC04,30,2030,0.2195
GLOBAL,LNDAGRPHLC04,30,2031,0.2195
GLOBAL,LNDAGRPHLC04,30,2032,0.2195
GLOBAL,LNDAGRPHLC04,30,2033,0.2195
GLOBAL,LNDAGRPHLC04,30,2034,0.2195
GLOBAL,LNDAGRPHLC04,30,2035,0.2195
GLOBAL,LNDAGRPHLC04,30,2036,0.2195
GLOBAL,LNDAGRPHLC04,30,2037,0.2195
GLOBAL,LNDAGRPHLC04,30,2038,0.2195
GLOBAL,LNDAGRPHLC04,30,2039,0.2195
GLOBAL,LNDAGRPHLC04,30,2040,0.2195
GLOBAL,LNDAGRPHLC04,30,2041,0.2195
GLOBAL,LNDAGRPHLC04,30,2042,0.2195
GLOBAL,LNDAGRPHLC04,30,2043,0.2195
GLOBAL,LNDAGRPHLC04,30,2044,0.2195
GLOBAL,LNDAGRPHLC04,30,2045,0.2195
GLOBAL,LNDAGRPHLC04,30,2046,0.2195
GLOBAL,LNDAGRPHLC04,30,2047,0.2195
GLOBAL,LNDAGRPHLC04,30,2048,0.2195
GLOBAL,LNDAGRPHLC04,30,2049,0.2195
GLOBAL,LNDAGRPHLC04,30,2050,0.2195
GLOBAL,LNDAGRPHLC04,30,2051,0.2195
GLOBAL,LNDAGRPHLC04,30,2052,0.2195
GLOBAL,LNDAGRPHLC04,30,2053,0.2195
GLOBAL,LNDAGRPHLC04,27,2020,13.132438
GLOBAL,LNDAGRPHLC04,27,2021,12.564065
GLOBAL,LNDAGRPHLC04,27,2022,11.995845
GLOBAL,LNDAGRPHLC04,27,2023,11.427472
GLOBAL,LNDAGRPHLC04,27,2024,10.859098
GLOBAL,LNDAGRPHLC04,27,2025,10.27403
GLOBAL,LNDAGRPHLC04,27,2026,9.7187063
GLOBAL,LNDAGRPHLC04,27,2027,9.1634849
GLOBAL,LNDAGRPHLC04,27,2028,8.6081615
GLOBAL,LNDAGRPHLC04,27,2029,8.0529402
GLOBAL,LNDAGRPHLC04,27,2030,7.4976168
GLOBAL,LNDAGRPHLC04,27,2031,6.9842636
GLOBAL,LNDAGRPHLC04,27,2032,6.4706545
GLOBAL,LNDAGRPHLC04,27,2033,5.9573013
GLOBAL,LNDAGRPHLC04,27,2034,5.4437942
GLOBAL,LNDAGRPHLC04,27,2035,4.9303389
GLOBAL,LNDAGRPHLC04,27,2036,4.4661631
GLOBAL,LNDAGRPHLC04,27,2037,4.0020391
GLOBAL,LNDAGRPHLC04,27,2038,3.5379151
GLOBAL,LNDAGRPHLC04,27,2039,3.0738931
GLOBAL,LNDAGRPHLC04,27,2040,2.6096152
GLOBAL,LNDAGRPHLC04,27,2041,2.1968162
GLOBAL,LNDAGRPHLC04,27,2042,1.7840171
GLOBAL,LNDAGRPHLC04,27,2043,1.3712181
GLOBAL,LNDAGRPHLC04,27,2044,0.958419
GLOBAL,LNDAGRPHLC04,27,2045,0.54561994
GLOBAL,LNDAGRPHLC04,27,2046,0.190127
GLOBAL,LNDAGRPHLC04,3,2025,0.20628571
GLOBAL,LNDAGRPHLC04,3,2026,0.54822449
GLOBAL,LNDAGRPHLC04,3,2027,0.89006122
GLOBAL,LNDAGRPHLC04,3,2028,1.232
GLOBAL,LNDAGRPHLC04,3,2029,1.5738367
GLOBAL,LNDAGRPHLC04,3,2030,1.9157755
GLOBAL,LNDAGRPHLC04,3,2031,2.231898
GLOBAL,LNDAGRPHLC04,3,2032,2.5481224
GLOBAL,LNDAGRPHLC04,3,2033,2.8642449
GLOBAL,LNDAGRPHLC04,3,2034,3.1803673
GLOBAL,LNDAGRPHLC04,3,2035,3.4965918
GLOBAL,LNDAGRPHLC04,3,2036,3.7823061
GLOBAL,LNDAGRPHLC04,3,2037,4.0681224
GLOBAL,LNDAGRPHLC04,3,2038,4.3539388
GLOBAL,LNDAGRPHLC04,3,2039,4.6396531
GLOBAL,LNDAGRPHLC04,3,2040,4.9254694
GLOBAL,LNDAGRPHLC04,3,2041,5.1796531
GLOBAL,LNDAGRPHLC04,3,2042,5.4338367
GLOBAL,LNDAGRPHLC04,3,2043,5.6880204
GLOBAL,LNDAGRPHLC04,3,2044,5.9422041
GLOBAL,LNDAGRPHLC04,3,2045,6.1963878
GLOBAL,LNDAGRPHLC04,3,2046,6.4152653
GLOBAL,LNDAGRPHLC04,3,2047,6.4687769
GLOBAL,LNDAGRPHLC04,3,2048,6.3321615
GLOBAL,LNDAGRPHLC04,3,2049,6.1955462
GLOBAL,LNDAGRPHLC04,3,2050,6.0589308
GLOBAL,LNDAGRPHLC04,3,2051,6.0589308
GLOBAL,LNDAGRPHLC04,3,2052,6.0589308
GLOBAL,LNDAGRPHLC04,3,2053,6.0589308
GLOBAL,LNDAGRPHLC04,24,2020,14.035262
GLOBAL,LNDAGRPHLC04,24,2021,14.603635
GLOBAL,LNDAGRPHLC04,24,2022,15.171855
GLOBAL,LNDAGRPHLC04,24,2023,15.740228
GLOBAL,LNDAGRPHLC04,24,2024,16.308602
GLOBAL,LNDAGRPHLC04,24,2025,16.687385
GLOBAL,LNDAGRPHLC04,24,2026,16.900769
GLOBAL,LNDAGRPHLC04,24,2027,17.114154
GLOBAL,LNDAGRPHLC04,24,2028,17.327538
GLOBAL,LNDAGRPHLC04,24,2029,17.540923
GLOBAL,LNDAGRPHLC04,24,2030,17.754308
GLOBAL,LNDAGRPHLC04,24,2031,17.951538
GLOBAL,LNDAGRPHLC04,24,2032,18.148923
GLOBAL,LNDAGRPHLC04,24,2033,18.346154
GLOBAL,LNDAGRPHLC04,24,2034,18.543538
GLOBAL,LNDAGRPHLC04,24,2035,18.740769
GLOBAL,LNDAGRPHLC04,24,2036,18.919231
GLOBAL,LNDAGRPHLC04,24,2037,19.097538
GLOBAL,LNDAGRPHLC04,24,2038,19.275846
GLOBAL,LNDAGRPHLC04,24,2039,19.454154
GLOBAL,LNDAGRPHLC04,24,2040,19.632615
GLOBAL,LNDAGRPHLC04,24,2041,19.791231
GLOBAL,LNDAGRPHLC04,24,2042,19.949846
GLOBAL,LNDAGRPHLC04,24,2043,20.108462
GLOBAL,LNDAGRPHLC04,24,2044,20.267077
GLOBAL,LNDAGRPHLC04,24,2045,20.425692
GLOBAL,LNDAGRPHLC04,24,2046,20.562308
GLOBAL,LNDAGRPHLC04,24,2047,20.698923
GLOBAL,LNDAGRPHLC04,24,2048,20.835538
GLOBAL,LNDAGRPHLC04,24,2049,20.972154
GLOBAL,LNDAGRPHLC04,24,2050,21.108769
GLOBAL,LNDAGRPHLC04,24,2051,21.108769
GLOBAL,LNDAGRPHLC04,24,2052,21.108769
GLOBAL,LNDAGRPHLC04,24,2053,21.108769
GLOBAL,LNDAGRPHLC05,26,2020,0.3954
GLOBAL,LNDAGRPHLC05,26,2021,0.401252
GLOBAL,LNDAGRPHLC05,26,2022,0.407104
GLOBAL,LNDAGRPHLC05,26,2023,0.412955
GLOBAL,LNDAGRPHLC05,26,2024,0.418807
GLOBAL,LNDAGRPHLC05,26,2025,0.424659
GLOBAL,LNDAGRPHLC05,26,2026,0.430089
GLOBAL,LNDAGRPHLC05,26,2027,0.435518
GLOBAL,LNDAGRPHLC05,26,2028,0.440948
GLOBAL,LNDAGRPHLC05,26,2029,0.446378
GLOBAL,LNDAGRPHLC05,26,2030,0.451807
GLOBAL,LNDAGRPHLC05,26,2031,0.456829
GLOBAL,LNDAGRPHLC05,26,2032,0.46185
GLOBAL,LNDAGRPHLC05,26,2033,0.466871
GLOBAL,LNDAGRPHLC05,26,2034,0.471892
GLOBAL,LNDAGRPHLC05,26,2035,0.476913
GLOBAL,LNDAGRPHLC05,26,2036,0.481452
GLOBAL,LNDAGRPHLC05,26,2037,0.48599
GLOBAL,LNDAGRPHLC05,26,2038,0.490529
GLOBAL,LNDAGRPHLC05,26,2039,0.495068
GLOBAL,LNDAGRPHLC05,26,2040,0.499606
GLOBAL,LNDAGRPHLC05,26,2041,0.503643
GLOBAL,LNDAGRPHLC05,26,2042,0.50768
GLOBAL,LNDAGRPHLC05,26,2043,0.511717
GLOBAL,LNDAGRPHLC05,26,2044,0.515754
GLOBAL,LNDAGRPHLC05,26,2045,0.519791
GLOBAL,LNDAGRPHLC05,26,2046,0.523267
GLOBAL,LNDAGRPHLC05,26,2047,0.526743
GLOBAL,LNDAGRPHLC05,26,2048,0.530219
GLOBAL,LNDAGRPHLC05,26,2049,0.533695
GLOBAL,LNDAGRPHLC05,26,2050,0.537171
GLOBAL,LNDAGRPHLC05,26,2051,0.537171
GLOBAL,LNDAGRPHLC05,26,2052,0.537171
GLOBAL,LNDAGRPHLC05,26,2053,0.537171
GLOBAL,LNDAGRPHLC05,8,2020,26.7351
GLOBAL,LNDAGRPHLC05,8,2021,26.729248
GLOBAL,LNDAGRPHLC05,8,2022,26.723396
GLOBAL,LNDAGRPHLC05,8,2023,26.717545
GLOBAL,LNDAGRPHLC05,8,2024,26.711693
GLOBAL,LNDAGRPHLC05,8,2025,26.705841
GLOBAL,LNDAGRPHLC05,8,2026,26.700411
GLOBAL,LNDAGRPHLC05,8,2027,26.694982
GLOBAL,LNDAGRPHLC05,8,2028,26.689552
GLOBAL,LNDAGRPHLC05,8,2029,26.684122
GLOBAL,LNDAGRPHLC05,8,2030,26.678693
GLOBAL,LNDAGRPHLC05,8,2031,26.673671
GLOBAL,LNDAGRPHLC05,8,2032,26.66865
GLOBAL,LNDAGRPHLC05,8,2033,26.663629
GLOBAL,LNDAGRPHLC05,8,2034,26.658608
GLOBAL,LNDAGRPHLC05,8,2035,26.653587
GLOBAL,LNDAGRPHLC05,8,2036,26.649048
GLOBAL,LNDAGRPHLC05,8,2037,26.64451
GLOBAL,LNDAGRPHLC05,8,2038,26.639971
GLOBAL,LNDAGRPHLC05,8,2039,26.635432
GLOBAL,LNDAGRPHLC05,8,2040,26.630894
GLOBAL,LNDAGRPHLC05,8,2041,26.626857
GLOBAL,LNDAGRPHLC05,8,2042,26.62282
GLOBAL,LNDAGRPHLC05,8,2043,26.618783
GLOBAL,LNDAGRPHLC05,8,2044,26.614746
GLOBAL,LNDAGRPHLC05,8,2045,26.610709
GLOBAL,LNDAGRPHLC05,8,2046,26.607233
GLOBAL,LNDAGRPHLC05,8,2047,26.603757
GLOBAL,LNDAGRPHLC05,8,2048,26.600281
GLOBAL,LNDAGRPHLC05,8,2049,26.596805
GLOBAL,LNDAGRPHLC05,8,2050,26.593329
GLOBAL,LNDAGRPHLC05,8,2051,26.593329
GLOBAL,LNDAGRPHLC05,8,2052,26.593329
GLOBAL,LNDAGRPHLC05,8,2053,26.593329
GLOBAL,LNDAGRPHLC05,30,2020,0.0494
GLOBAL,LNDAGRPHLC05,30,2021,0.0494
GLOBAL,LNDAGRPHLC05,30,2022,0.0494
GLOBAL,LNDAGRPHLC05,30,2023,0.0494
GLOBAL,LNDAGRPHLC05,30,2024,0.0494
GLOBAL,LNDAGRPHLC05,30,2025,0.0494
GLOBAL,LNDAGRPHLC05,30,2026,0.0494
GLOBAL,LNDAGRPHLC05,30,2027,0.0494
GLOBAL,LNDAGRPHLC05,30,2028,0.0494
GLOBAL,LNDAGRPHLC05,30,2029,0.0494
GLOBAL,LNDAGRPHLC05,30,2030,0.0494
GLOBAL,LNDAGRPHLC05,30,2031,0.0494
GLOBAL,LNDAGRPHLC05,30,2032,0.0494
GLOBAL,LNDAGRPHLC05,30,2033,0.0494
GLOBAL,LNDAGRPHLC05,30,2034,0.0494
GLOBAL,LNDAGRPHLC05,30,2035,0.0494
GLOBAL,LNDAGRPHLC05,30,2036,0.0494
GLOBAL,LNDAGRPHLC05,30,2037,0.0494
GLOBAL,LNDAGRPHLC05,30,2038,0.0494
GLOBAL,LNDAGRPHLC05,30,2039,0.0494
GLOBAL,LNDAGRPHLC05,30,2040,0.0494
GLOBAL,LNDAGRPHLC05,30,2041,0.0494
GLOBAL,LNDAGRPHLC05,30,2042,0.0494
GLOBAL,LNDAGRPHLC05,30,2043,0.0494
GLOBAL,LNDAGRPHLC05,30,2044,0.0494
GLOBAL,LNDAGRPHLC05,30,2045,0.0494
GLOBAL,LNDAGRPHLC05,30,2046,0.0494
GLOBAL,LNDAGRPHLC05,30,2047,0.0494
GLOBAL,LNDAGRPHLC05,30,2048,0.0494
GLOBAL,LNDAGRPHLC05,30,2049,0.0494
GLOBAL,LNDAGRPHLC05,30,2050,0.0494
GLOBAL,LNDAGRPHLC05,30,2051,0.0494
GLOBAL,LNDAGRPHLC05,30,2052,0.0494
GLOBAL,LNDAGRPHLC05,30,2053,0.0494
GLOBAL,LNDAGRPHLC06,3,2047,0.16881106
GLOBAL,LNDAGRPHLC06,3,2048,0.5317101
GLOBAL,LNDAGRPHLC06,3,2049,0.89460913
GLOBAL,LNDAGRPHLC06,3,2050,1.2575082
GLOBAL,LNDAGRPHLC06,3,2051,1.2575082
GLOBAL,LNDAGRPHLC06,3,2052,1.2575082
GLOBAL,LNDAGRPHLC06,3,2053,1.2575082
GLOBAL,LNDAGRPHLC06,19,2028,0.13431325
GLOBAL,LNDAGRPHLC06,19,2029,0.26863855
GLOBAL,LNDAGRPHLC06,19,2030,0.40295181
GLOBAL,LNDAGRPHLC06,19,2031,0.52716867
GLOBAL,LNDAGRPHLC06,19,2032,0.65138554
GLOBAL,LNDAGRPHLC06,19,2033,0.77559036
GLOBAL,LNDAGRPHLC06,19,2034,0.89980723
GLOBAL,LNDAGRPHLC06,19,2043,0.099879518
GLOBAL,LNDAGRPHLC06,19,2044,0.19975904
GLOBAL,LNDAGRPHLC06,19,2045,0.29963855
GLOBAL,LNDAGRPHLC06,19,2046,0.38566265
GLOBAL,LNDAGRPHLC06,19,2047,0.47156627
GLOBAL,LNDAGRPHLC06,19,2048,0.55759036
GLOBAL,LNDAGRPHLC06,19,2049,0.64361446
GLOBAL,LNDAGRPHLC06,11,2020,6.4885222
GLOBAL,LNDAGRPHLC06,11,2021,6.3077
GLOBAL,LNDAGRPHLC06,11,2022,6.1268778
GLOBAL,LNDAGRPHLC06,11,2023,5.9460556
GLOBAL,LNDAGRPHLC06,11,2024,5.7652111
GLOBAL,LNDAGRPHLC06,11,2025,5.5843889
GLOBAL,LNDAGRPHLC06,11,2026,5.4166111
GLOBAL,LNDAGRPHLC06,11,2027,5.2488111
GLOBAL,LNDAGRPHLC06,11,2028,4.9467201
GLOBAL,LNDAGRPHLC06,11,2029,4.644617
GLOBAL,LNDAGRPHLC06,11,2030,4.342526
GLOBAL,LNDAGRPHLC06,11,2031,4.0631313
GLOBAL,LNDAGRPHLC06,11,2032,3.7837589
GLOBAL,LNDAGRPHLC06,11,2033,3.5043985
GLOBAL,LNDAGRPHLC06,11,2034,3.2250261
GLOBAL,LNDAGRPHLC06,11,2035,3.9696778
GLOBAL,LNDAGRPHLC06,11,2036,3.8294111
GLOBAL,LNDAGRPHLC06,11,2037,3.6891667
GLOBAL,LNDAGRPHLC06,11,2038,3.5489222
GLOBAL,LNDAGRPHLC06,11,2039,3.4086778
GLOBAL,LNDAGRPHLC06,11,2040,3.2684333
GLOBAL,LNDAGRPHLC06,11,2041,3.1436778
GLOBAL,LNDAGRPHLC06,11,2042,3.0189444
GLOBAL,LNDAGRPHLC06,11,2043,2.7943094
GLOBAL,LNDAGRPHLC06,11,2044,2.5696965
GLOBAL,LNDAGRPHLC06,11,2045,2.3450614
GLOBAL,LNDAGRPHLC06,11,2046,2.1516151
GLOBAL,LNDAGRPHLC06,11,2047,1.7894782
GLOBAL,LNDAGRPHLC06,11,2048,1.2331551
GLOBAL,LNDAGRPHLC06,11,2049,0.67680974
GLOBAL,LNDAGRPHLC06,11,2050,0.85010294
GLOBAL,LNDAGRPHLC06,11,2051,0.85010294
GLOBAL,LNDAGRPHLC06,11,2052,0.85010294
GLOBAL,LNDAGRPHLC06,11,2053,0.85010294
GLOBAL,LNDAGRPHLC06,1,2020,12.218378
GLOBAL,LNDAGRPHLC06,1,2021,12.3992
GLOBAL,LNDAGRPHLC06,1,2022,12.580022
GLOBAL,LNDAGRPHLC06,1,2023,12.760844
GLOBAL,LNDAGRPHLC06,1,2024,12.941689
GLOBAL,LNDAGRPHLC06,1,2025,13.122511
GLOBAL,LNDAGRPHLC06,1,2026,13.290289
GLOBAL,LNDAGRPHLC06,1,2027,13.458089
GLOBAL,LNDAGRPHLC06,1,2028,13.625867
GLOBAL,LNDAGRPHLC06,1,2029,13.793644
GLOBAL,LNDAGRPHLC06,1,2030,13.961422
GLOBAL,LNDAGRPHLC06,1,2031,14.1166
GLOBAL,LNDAGRPHLC06,1,2032,14.271756
GLOBAL,LNDAGRPHLC06,1,2033,14.426911
GLOBAL,LNDAGRPHLC06,1,2034,14.582067
GLOBAL,LNDAGRPHLC06,1,2035,14.737222
GLOBAL,LNDAGRPHLC06,1,2036,14.877489
GLOBAL,LNDAGRPHLC06,1,2037,15.017733
GLOBAL,LNDAGRPHLC06,1,2038,15.157978
GLOBAL,LNDAGRPHLC06,1,2039,15.298222
GLOBAL,LNDAGRPHLC06,1,2040,15.438467
GLOBAL,LNDAGRPHLC06,1,2041,15.563222
GLOBAL,LNDAGRPHLC06,1,2042,15.687956
GLOBAL,LNDAGRPHLC06,1,2043,15.812711
GLOBAL,LNDAGRPHLC06,1,2044,15.937444
GLOBAL,LNDAGRPHLC06,1,2045,16.0622
GLOBAL,LNDAGRPHLC06,1,2046,16.169622
GLOBAL,LNDAGRPHLC06,1,2047,16.277044
GLOBAL,LNDAGRPHLC06,1,2048,16.384444
GLOBAL,LNDAGRPHLC06,1,2049,16.491867
GLOBAL,LNDAGRPHLC06,1,2050,16.599289
GLOBAL,LNDAGRPHLC06,1,2051,16.599289
GLOBAL,LNDAGRPHLC06,1,2052,16.599289
GLOBAL,LNDAGRPHLC06,1,2053,16.599289
GLOBAL,LNDAGRPHLC07,27,2020,0.99244578
GLOBAL,LNDAGRPHLC07,27,2021,0.84768675
GLOBAL,LNDAGRPHLC07,27,2022,0.70292771
GLOBAL,LNDAGRPHLC07,27,2023,0.55816867
GLOBAL,LNDAGRPHLC07,27,2024,0.41339759
GLOBAL,LNDAGRPHLC07,27,2025,0.26863855
GLOBAL,LNDAGRPHLC07,27,2026,0.1343253
GLOBAL,LNDAGRPHLC07,27,2035,0.76106024
GLOBAL,LNDAGRPHLC07,27,2036,0.64879518
GLOBAL,LNDAGRPHLC07,27,2037,0.53651807
GLOBAL,LNDAGRPHLC07,27,2038,0.42421687
GLOBAL,LNDAGRPHLC07,27,2039,0.31192771
GLOBAL,LNDAGRPHLC07,27,2040,0.19963855
GLOBAL,LNDAGRPHLC07,27,2041,0.099879518
GLOBAL,LNDAGRPHLC07,27,2050,4.7508458
GLOBAL,LNDAGRPHLC07,27,2051,4.7508458
GLOBAL,LNDAGRPHLC07,27,2052,4.7508458
GLOBAL,LNDAGRPHLC07,27,2053,4.7508458
GLOBAL,LNDAGRPHLC07,4,2020,9.7813855
GLOBAL,LNDAGRPHLC07,4,2021,9.9261446
GLOBAL,LNDAGRPHLC07,4,2022,10.070904
GLOBAL,LNDAGRPHLC07,4,2023,10.215663
GLOBAL,LNDAGRPHLC07,4,2024,10.360434
GLOBAL,LNDAGRPHLC07,4,2025,10.505193
GLOBAL,LNDAGRPHLC07,4,2026,10.639506
GLOBAL,LNDAGRPHLC07,4,2027,10.773831
GLOBAL,LNDAGRPHLC07,4,2028,10.908145
GLOBAL,LNDAGRPHLC07,4,2029,11.04247
GLOBAL,LNDAGRPHLC07,4,2030,11.176783
GLOBAL,LNDAGRPHLC07,4,2031,11.301
GLOBAL,LNDAGRPHLC07,4,2032,11.425217
GLOBAL,LNDAGRPHLC07,4,2033,11.549422
GLOBAL,LNDAGRPHLC07,4,2034,11.673639
GLOBAL,LNDAGRPHLC07,4,2035,11.797855
GLOBAL,LNDAGRPHLC07,4,2036,11.91012
GLOBAL,LNDAGRPHLC07,4,2037,12.022398
GLOBAL,LNDAGRPHLC07,4,2038,12.134699
GLOBAL,LNDAGRPHLC07,4,2039,12.246988
GLOBAL,LNDAGRPHLC07,4,2040,12.359277
GLOBAL,LNDAGRPHLC07,4,2041,12.459036
GLOBAL,LNDAGRPHLC07,4,2042,12.558916
GLOBAL,LNDAGRPHLC07,4,2043,12.658795
GLOBAL,LNDAGRPHLC07,4,2044,12.758675
GLOBAL,LNDAGRPHLC07,4,2045,12.858554
GLOBAL,LNDAGRPHLC07,4,2046,12.944578
GLOBAL,LNDAGRPHLC07,4,2047,13.030482
GLOBAL,LNDAGRPHLC07,4,2048,13.116506
GLOBAL,LNDAGRPHLC07,4,2049,13.20253
GLOBAL,LNDAGRPHLC07,4,2050,13.288554
GLOBAL,LNDAGRPHLC07,4,2051,13.288554
GLOBAL,LNDAGRPHLC07,4,2052,13.288554
GLOBAL,LNDAGRPHLC07,4,2053,13.288554
GLOBAL,LNDAGRPHLC07,19,2020,7.2655687
GLOBAL,LNDAGRPHLC07,19,2021,7.2655687
GLOBAL,LNDAGRPHLC07,19,2022,7.2655687
GLOBAL,LNDAGRPHLC07,19,2023,7.2655687
GLOBAL,LNDAGRPHLC07,19,2024,7.2655687
GLOBAL,LNDAGRPHLC07,19,2025,7.2655687
GLOBAL,LNDAGRPHLC07,19,2026,7.2655687
GLOBAL,LNDAGRPHLC07,19,2027,7.2655687
GLOBAL,LNDAGRPHLC07,19,2028,7.1312554
GLOBAL,LNDAGRPHLC07,19,2029,6.9969301
GLOBAL,LNDAGRPHLC07,19,2030,6.8626169
GLOBAL,LNDAGRPHLC07,19,2031,6.7384
GLOBAL,LNDAGRPHLC07,19,2032,6.6141831
GLOBAL,LNDAGRPHLC07,19,2033,6.4899783
GLOBAL,LNDAGRPHLC07,19,2034,6.3657614
GLOBAL,LNDAGRPHLC07,19,2035,5.4804843
GLOBAL,LNDAGRPHLC07,19,2036,5.4804843
GLOBAL,LNDAGRPHLC07,19,2037,5.4804843
GLOBAL,LNDAGRPHLC07,19,2038,5.4804843
GLOBAL,LNDAGRPHLC07,19,2039,5.4804843
GLOBAL,LNDAGRPHLC07,19,2040,5.4804843
GLOBAL,LNDAGRPHLC07,19,2041,5.4804843
GLOBAL,LNDAGRPHLC07,19,2042,5.4804843
GLOBAL,LNDAGRPHLC07,19,2043,5.3806048
GLOBAL,LNDAGRPHLC07,19,2044,5.2807253
GLOBAL,LNDAGRPHLC07,19,2045,5.1808458
GLOBAL,LNDAGRPHLC07,19,2046,5.0948217
GLOBAL,LNDAGRPHLC07,19,2047,5.0089181
GLOBAL,LNDAGRPHLC07,19,2048,4.922894
GLOBAL,LNDAGRPHLC07,19,2049,4.8368699
GLOBAL,LNDAGRPHLC07,30,2020,0.3456
GLOBAL,LNDAGRPHLC07,30,2021,0.3456
GLOBAL,LNDAGRPHLC07,30,2022,0.3456
GLOBAL,LNDAGRPHLC07,30,2023,0.3456
GLOBAL,LNDAGRPHLC07,30,2024,0.3456
GLOBAL,LNDAGRPHLC07,30,2025,0.3456
GLOBAL,LNDAGRPHLC07,30,2026,0.3456
GLOBAL,LNDAGRPHLC07,30,2027,0.3456
GLOBAL,LNDAGRPHLC07,30,2028,0.3456
GLOBAL,LNDAGRPHLC07,30,2029,0.3456
GLOBAL,LNDAGRPHLC07,30,2030,0.3456
GLOBAL,LNDAGRPHLC07,30,2031,0.3456
GLOBAL,LNDAGRPHLC07,30,2032,0.3456
GLOBAL,LNDAGRPHLC07,30,2033,0.3456
GLOBAL,LNDAGRPHLC07,30,2034,0.3456
GLOBAL,LNDAGRPHLC07,30,2035,0.3456
GLOBAL,LNDAGRPHLC07,30,2036,0.3456
GLOBAL,LNDAGRPHLC07,30,2037,0.3456
GLOBAL,LNDAGRPHLC07,30,2038,0.3456
GLOBAL,LNDAGRPHLC07,30,2039,0.3456
GLOBAL,LNDAGRPHLC07,30,2040,0.3456
GLOBAL,LNDAGRPHLC07,30,2041,0.3456
GLOBAL,LNDAGRPHLC07,30,2042,0.3456
GLOBAL,LNDAGRPHLC07,30,2043,0.3456
GLOBAL,LNDAGRPHLC07,30,2044,0.3456
GLOBAL,LNDAGRPHLC07,30,2045,0.3456
GLOBAL,LNDAGRPHLC07,30,2046,0.3456
GLOBAL,LNDAGRPHLC07,30,2047,0.3456
GLOBAL,LNDAGRPHLC07,30,2048,0.3456
GLOBAL,LNDAGRPHLC07,30,2049,0.3456
GLOBAL,LNDAGRPHLC07,30,2050,0.3456
GLOBAL,LNDAGRPHLC07,30,2051,0.3456
GLOBAL,LNDAGRPHLC07,30,2052,0.3456
GLOBAL,LNDAGRPHLC07,30,2053,0.3456
GLOBAL,LNDAGRPHLC08,30,2020,0.0636
GLOBAL,LNDAGRPHLC08,30,2021,0.0636
GLOBAL,LNDAGRPHLC08,30,2022,0.0636
GLOBAL,LNDAGRPHLC08,30,2023,0.0636
GLOBAL,LNDAGRPHLC08,30,2024,0.0636
GLOBAL,LNDAGRPHLC08,30,2025,0.0636
GLOBAL,LNDAGRPHLC08,30,2026,0.0636
GLOBAL,LNDAGRPHLC08,30,2027,0.0636
GLOBAL,LNDAGRPHLC08,30,2028,0.0636
GLOBAL,LNDAGRPHLC08,30,2029,0.0636
GLOBAL,LNDAGRPHLC08,30,2030,0.0636
GLOBAL,LNDAGRPHLC08,30,2031,0.0636
GLOBAL,LNDAGRPHLC08,30,2032,0.0636
GLOBAL,LNDAGRPHLC08,30,2033,0.0636
GLOBAL,LNDAGRPHLC08,30,2034,0.0636
GLOBAL,LNDAGRPHLC08,30,2035,0.0636
GLOBAL,LNDAGRPHLC08,30,2036,0.0636
GLOBAL,LNDAGRPHLC08,30,2037,0.0636
GLOBAL,LNDAGRPHLC08,30,2038,0.0636
GLOBAL,LNDAGRPHLC08,30,2039,0.0636
GLOBAL,LNDAGRPHLC08,30,2040,0.0636
GLOBAL,LNDAGRPHLC08,30,2041,0.0636
GLOBAL,LNDAGRPHLC08,30,2042,0.0636
GLOBAL,LNDAGRPHLC08,30,2043,0.0636
GLOBAL,LNDAGRPHLC08,30,2044,0.0636
GLOBAL,LNDAGRPHLC08,30,2045,0.0636
GLOBAL,LNDAGRPHLC08,30,2046,0.0636
GLOBAL,LNDAGRPHLC08,30,2047,0.0636
GLOBAL,LNDAGRPHLC08,30,2048,0.0636
GLOBAL,LNDAGRPHLC08,30,2049,0.0636
GLOBAL,LNDAGRPHLC08,30,2050,0.0636
GLOBAL,LNDAGRPHLC08,30,2051,0.0636
GLOBAL,LNDAGRPHLC08,30,2052,0.0636
GLOBAL,LNDAGRPHLC08,30,2053,0.0636
GLOBAL,LNDAGRPHLC08,27,2020,68.0824
GLOBAL,LNDAGRPHLC08,27,2021,68.0824
GLOBAL,LNDAGRPHLC08,27,2022,68.0824
GLOBAL,LNDAGRPHLC08,27,2023,68.0824
GLOBAL,LNDAGRPHLC08,27,2024,68.0824
GLOBAL,LNDAGRPHLC08,27,2025,68.0824
GLOBAL,LNDAGRPHLC08,27,2026,68.0824
GLOBAL,LNDAGRPHLC08,27,2027,68.0824
GLOBAL,LNDAGRPHLC08,27,2028,68.0824
GLOBAL,LNDAGRPHLC08,27,2029,68.0824
GLOBAL,LNDAGRPHLC08,27,2030,68.0824
GLOBAL,LNDAGRPHLC08,27,2031,68.0824
GLOBAL,LNDAGRPHLC08,27,2032,68.0824
GLOBAL,LNDAGRPHLC08,27,2033,68.0824
GLOBAL,LNDAGRPHLC08,27,2034,68.0824
GLOBAL,LNDAGRPHLC08,27,2035,68.0824
GLOBAL,LNDAGRPHLC08,27,2036,68.0824
GLOBAL,LNDAGRPHLC08,27,2037,68.0824
GLOBAL,LNDAGRPHLC08,27,2038,68.0824
GLOBAL,LNDAGRPHLC08,27,2039,68.0824
GLOBAL,LNDAGRPHLC08,27,2040,68.0824
GLOBAL,LNDAGRPHLC08,27,2041,68.0824
GLOBAL,LNDAGRPHLC08,27,2042,68.0824
GLOBAL,LNDAGRPHLC08,27,2043,68.0824
GLOBAL,LNDAGRPHLC08,27,2044,68.0824
GLOBAL,LNDAGRPHLC08,27,2045,68.0824
GLOBAL,LNDAGRPHLC08,27,2046,68.0824
GLOBAL,LNDAGRPHLC08,27,2047,68.0824
GLOBAL,LNDAGRPHLC08,27,2048,68.0824
GLOBAL,LNDAGRPHLC08,27,2049,68.0824
GLOBAL,LNDAGRPHLC08,27,2050,68.0824
GLOBAL,LNDAGRPHLC08,27,2051,68.0824
GLOBAL,LNDAGRPHLC08,27,2052,68.0824
GLOBAL,LNDAGRPHLC08,27,2053,68.0824
GLOBAL,LNDBLTTOT,1,2020,0.7698
GLOBAL,LNDBLTTOT,1,2021,0.781193
GLOBAL,LNDBLTTOT,1,2022,0.792586
GLOBAL,LNDBLTTOT,1,2023,0.803978
GLOBAL,LNDBLTTOT,1,2024,0.815371
GLOBAL,LNDBLTTOT,1,2025,0.826764
GLOBAL,LNDBLTTOT,1,2026,0.837335
GLOBAL,LNDBLTTOT,1,2027,0.847906
GLOBAL,LNDBLTTOT,1,2028,0.858477
GLOBAL,LNDBLTTOT,1,2029,0.869048
GLOBAL,LNDBLTTOT,1,2030,0.879619
GLOBAL,LNDBLTTOT,1,2031,0.889395
GLOBAL,LNDBLTTOT,1,2032,0.899171
GLOBAL,LNDBLTTOT,1,2033,0.908946
GLOBAL,LNDBLTTOT,1,2034,0.918722
GLOBAL,LNDBLTTOT,1,2035,0.928497
GLOBAL,LNDBLTTOT,1,2036,0.937334
GLOBAL,LNDBLTTOT,1,2037,0.946169
GLOBAL,LNDBLTTOT,1,2038,0.955006
GLOBAL,LNDBLTTOT,1,2039,0.963842
GLOBAL,LNDBLTTOT,1,2040,0.972678
GLOBAL,LNDBLTTOT,1,2041,0.980537
GLOBAL,LNDBLTTOT,1,2042,0.988397
GLOBAL,LNDBLTTOT,1,2043,0.996256
GLOBAL,LNDBLTTOT,1,2044,1.004116
GLOBAL,LNDBLTTOT,1,2045,1.011975
GLOBAL,LNDBLTTOT,1,2046,1.018743
GLOBAL,LNDBLTTOT,1,2047,1.02551
GLOBAL,LNDBLTTOT,1,2048,1.032278
GLOBAL,LNDBLTTOT,1,2049,1.039045
GLOBAL,LNDBLTTOT,1,2050,1.045813
GLOBAL,LNDBLTTOT,1,2051,1.045813
GLOBAL,LNDBLTTOT,1,2052,1.045813
GLOBAL,LNDBLTTOT,1,2053,1.045813
GLOBAL,LNDFORTOT,1,2020,179.80041
GLOBAL,LNDFORTOT,1,2021,178.05674
GLOBAL,LNDFORTOT,1,2022,176.31332
GLOBAL,LNDFORTOT,1,2023,174.56965
GLOBAL,LNDFORTOT,1,2024,172.82582
GLOBAL,LNDFORTOT,1,2025,171.06567
GLOBAL,LNDFORTOT,1,2026,169.41978
GLOBAL,LNDFORTOT,1,2027,167.77395
GLOBAL,LNDFORTOT,1,2028,166.12315
GLOBAL,LNDFORTOT,1,2029,164.47231
GLOBAL,LNDFORTOT,1,2030,162.8215
GLOBAL,LNDFORTOT,1,2031,161.29496
GLOBAL,LNDFORTOT,1,2032,159.7683
GLOBAL,LNDFORTOT,1,2033,158.24191
GLOBAL,LNDFORTOT,1,2034,156.71513
GLOBAL,LNDFORTOT,1,2035,154.98146
GLOBAL,LNDFORTOT,1,2036,153.6059
GLOBAL,LNDFORTOT,1,2037,152.23028
GLOBAL,LNDFORTOT,1,2038,150.85442
GLOBAL,LNDFORTOT,1,2039,149.47889
GLOBAL,LNDFORTOT,1,2040,148.10322
GLOBAL,LNDFORTOT,1,2041,146.87961
GLOBAL,LNDFORTOT,1,2042,145.65613
GLOBAL,LNDFORTOT,1,2043,144.42865
GLOBAL,LNDFORTOT,1,2044,143.20142
GLOBAL,LNDFORTOT,1,2045,141.97394
GLOBAL,LNDFORTOT,1,2046,140.91706
GLOBAL,LNDFORTOT,1,2047,139.85251
GLOBAL,LNDFORTOT,1,2048,138.77917
GLOBAL,LNDFORTOT,1,2049,137.70581
GLOBAL,LNDFORTOT,1,2050,135.90612
GLOBAL,LNDFORTOT,1,2051,135.90612
GLOBAL,LNDFORTOT,1,2052,135.90612
GLOBAL,LNDFORTOT,1,2053,135.90612
GLOBAL,LNDWATTOT,1,2020,1.5984
GLOBAL,LNDWATTOT,1,2021,1.5984
GLOBAL,LNDWATTOT,1,2022,1.5984
GLOBAL,LNDWATTOT,1,2023,1.5984
GLOBAL,LNDWATTOT,1,2024,1.5984
GLOBAL,LNDWATTOT,1,2025,1.5984
GLOBAL,LNDWATTOT,1,2026,1.5984
GLOBAL,LNDWATTOT,1,2027,1.5984
GLOBAL,LNDWATTOT,1,2028,1.5984
GLOBAL,LNDWATTOT,1,2029,1.5984
GLOBAL,LNDWATTOT,1,2030,1.5984
GLOBAL,LNDWATTOT,1,2031,1.5984
GLOBAL,LNDWATTOT,1,2032,1.5984
GLOBAL,LNDWATTOT,1,2033,1.5984
GLOBAL,LNDWATTOT,1,2034,1.5984
GLOBAL,LNDWATTOT,1,2035,1.5984
GLOBAL,LNDWATTOT,1,2036,1.5984
GLOBAL,LNDWATTOT,1,2037,1.5984
GLOBAL,LNDWATTOT,1,2038,1.5984
GLOBAL,LNDWATTOT,1,2039,1.5984
GLOBAL,LNDWATTOT,1,2040,1.5984
GLOBAL,LNDWATTOT,1,2041,1.5984
GLOBAL,LNDWATTOT,1,2042,1.5984
GLOBAL,LNDWATTOT,1,2043,1.5984
GLOBAL,LNDWATTOT,1,2044,1.5984
GLOBAL,LNDWATTOT,1,2045,1.5984
GLOBAL,LNDWATTOT,1,2046,1.5984
GLOBAL,LNDWATTOT,1,2047,1.5984
GLOBAL,LNDWATTOT,1,2048,1.5984
GLOBAL,LNDWATTOT,1,2049,1.5984
GLOBAL,LNDWATTOT,1,2050,1.5984
GLOBAL,LNDWATTOT,1,2051,1.5984
GLOBAL,LNDWATTOT,1,2052,1.5984
GLOBAL,LNDWATTOT,1,2053,1.5984
