cache_filename,model_crop_code,gaez_crop,model_variable,gaez_name,input_level,water_supply,available_water_content,climate_model,pathway,time_period,source_unit,download_url,file_identifier,selection_table,selection_table_csv_line
BAN cwd Irrigation High.tif,BAN,Banana,cwd,bana200a_wde,High,Irrigation,Available water content of 200 mm/m (under irrigation conditions),HadGEM2-ES,RCP4.5,2011-2040,mm,https://s3.eu-west-1.amazonaws.com/data.gaezdev.aws.fao.org/res02/HadGEM2-ES/rcp4p5/2020sH/bana200a_wde.tif,329539,GAEZ_cwd_High_Input.csv,312
BAN cwd Irrigation Low.tif,BAN,Banana,cwd,bana200a_wde,Low,Irrigation,Available water content of 200 mm/m (under irrigation conditions),CRUTS32,Historical,1981-2010,mm,https://s3.eu-west-1.amazonaws.com/data.gaezdev.aws.fao.org/res02/CRUTS32/Hist/8110L/bana200a_wde.tif,282307,GAEZ_cwd_Low_Input.csv,4
BAN cwd Rain-fed High.tif,BAN,Banana,cwd,bana200b_wde,High,Rain-fed,Available water content of 200 mm/m (under rain-fed conditions),HadGEM2-ES,RCP4.5,2011-2040,mm,https://s3.eu-west-1.amazonaws.com/data.gaezdev.aws.fao.org/res02/HadGEM2-ES/rcp4p5/2020sH/bana200b_wde.tif,328680,GAEZ_cwd_High_Input.csv,313
BAN cwd Rain-fed Low.tif,BAN,Banana,cwd,bana200b_wde,Low,Rain-fed,Available water content of 200 mm/m (under rain-fed conditions),CRUTS32,Historical,1981-2010,mm,https://s3.eu-west-1.amazonaws.com/data.gaezdev.aws.fao.org/res02/CRUTS32/Hist/8110L/bana200b_wde.tif,281448,GAEZ_cwd_Low_Input.csv,5
BAN evt Irrigation High.tif,BAN,Banana,evt,bana200a_eta,High,Irrigation,Available water content of 200 mm/m (under irrigation conditions),HadGEM2-ES,RCP4.5,2011-2040,mm,https://s3.eu-west-1.amazonaws.com/data.gaezdev.aws.fao.org/res02/HadGEM2-ES/rcp4p5/2020sH/bana200a_eta.tif,328170,GAEZ_evt_High_Input.csv,312
BAN evt Irrigation Low.tif,BAN,Banana,evt,bana200a_eta,Low,Irrigation,Available water content of 200 mm/m (under irrigation conditions),CRUTS32,Historical,1981-2010,mm,https://s3.eu-west-1.amazonaws.com/data.gaezdev.aws.fao.org/res02/CRUTS32/Hist/8110L/bana200a_eta.tif,280938,GAEZ_evt_Low_Input.csv,4
BAN evt Rain-fed High.tif,BAN,Banana,evt,bana200b_eta,High,Rain-fed,Available water content of 200 mm/m (under rain-fed conditions),HadGEM2-ES,RCP4.5,2011-2040,mm,https://s3.eu-west-1.amazonaws.com/data.gaezdev.aws.fao.org/res02/HadGEM2-ES/rcp4p5/2020sH/bana200b_eta.tif,329228,GAEZ_evt_High_Input.csv,313
BAN evt Rain-fed Low.tif,BAN,Banana,evt,bana200b_eta,Low,Rain-fed,Available water content of 200 mm/m (under rain-fed conditions),CRUTS32,Historical,1981-2010,mm,https://s3.eu-west-1.amazonaws.com/data.gaezdev.aws.fao.org/res02/CRUTS32/Hist/8110L/bana200b_eta.tif,281996,GAEZ_evt_Low_Input.csv,5
BAN yld Irrigation High.tif,BAN,Banana,yld,bana200a_yld,High,Irrigation,Available water content of 200 mm/m (under irrigation conditions),HadGEM2-ES,RCP4.5,2011-2040,kg DW/ha,https://s3.eu-west-1.amazonaws.com/data.gaezdev.aws.fao.org/res02/HadGEM2-ES/rcp4p5/2020sH/bana200a_yld.tif,324709,GAEZ_yld_High_Input.csv,312
BAN yld Irrigation Low.tif,BAN,Banana,yld,bana200a_yld,Low,Irrigation,Available water content of 200 mm/m (under irrigation conditions),CRUTS32,Historical,1981-2010,kg DW/ha,https://s3.eu-west-1.amazonaws.com/data.gaezdev.aws.fao.org/res02/CRUTS32/Hist/8110L/bana200a_yld.tif,277477,GAEZ_yld_Low_Input.csv,4
BAN yld Rain-fed High.tif,BAN,Banana,yld,bana200b_yld,High,Rain-fed,Available water content of 200 mm/m (under rain-fed conditions),HadGEM2-ES,RCP4.5,2011-2040,kg DW/ha,https://s3.eu-west-1.amazonaws.com/data.gaezdev.aws.fao.org/res02/HadGEM2-ES/rcp4p5/2020sH/bana200b_yld.tif,327654,GAEZ_yld_High_Input.csv,313
BAN yld Rain-fed Low.tif,BAN,Banana,yld,bana200b_yld,Low,Rain-fed,Available water content of 200 mm/m (under rain-fed conditions),CRUTS32,Historical,1981-2010,kg DW/ha,https://s3.eu-west-1.amazonaws.com/data.gaezdev.aws.fao.org/res02/CRUTS32/Hist/8110L/bana200b_yld.tif,280422,GAEZ_yld_Low_Input.csv,5
CAS cwd Irrigation High.tif,CAS,Cassava,cwd,casv200a_wde,High,Irrigation,Available water content of 200 mm/m (under irrigation conditions),HadGEM2-ES,RCP4.5,2011-2040,mm,https://s3.eu-west-1.amazonaws.com/data.gaezdev.aws.fao.org/res02/HadGEM2-ES/rcp4p5/2020sH/casv200a_wde.tif,326962,GAEZ_cwd_High_Input.csv,332
CAS cwd Irrigation Low.tif,CAS,Cassava,cwd,casv200a_wde,Low,Irrigation,Available water content of 200 mm/m (under irrigation conditions),CRUTS32,Historical,1981-2010,mm,https://s3.eu-west-1.amazonaws.com/data.gaezdev.aws.fao.org/res02/CRUTS32/Hist/8110L/casv200a_wde.tif,279730,GAEZ_cwd_Low_Input.csv,24
CAS cwd Rain-fed High.tif,CAS,Cassava,cwd,casv200b_wde,High,Rain-fed,Available water content of 200 mm/m (under rain-fed conditions),HadGEM2-ES,RCP4.5,2011-2040,mm,https://s3.eu-west-1.amazonaws.com/data.gaezdev.aws.fao.org/res02/HadGEM2-ES/rcp4p5/2020sH/casv200b_wde.tif,325753,GAEZ_cwd_High_Input.csv,333
CAS cwd Rain-fed Low.tif,CAS,Cassava,cwd,casv200b_wde,Low,Rain-fed,Available water content of 200 mm/m (under rain-fed conditions),CRUTS32,Historical,1981-2010,mm,https://s3.eu-west-1.amazonaws.com/data.gaezdev.aws.fao.org/res02/CRUTS32/Hist/8110L/casv200b_wde.tif,278521,GAEZ_cwd_Low_Input.csv,25
CAS evt Irrigation High.tif,CAS,Cassava,evt,casv200a_eta,High,Irrigation,Available water content of 200 mm/m (under irrigation conditions),HadGEM2-ES,RCP4.5,2011-2040,mm,https://s3.eu-west-1.amazonaws.com/data.gaezdev.aws.fao.org/res02/HadGEM2-ES/rcp4p5/2020sH/casv200a_eta.tif,326295,GAEZ_evt_High_Input.csv,332
CAS evt Irrigation Low.tif,CAS,Cassava,evt,casv200a_eta,Low,Irrigation,Available water content of 200 mm/m (under irrigation conditions),CRUTS32,Historical,1981-2010,mm,https://s3.eu-west-1.amazonaws.com/data.gaezdev.aws.fao.org/res02/CRUTS32/Hist/8110L/casv200a_eta.tif,279063,GAEZ_evt_Low_Input.csv,24
CAS evt Rain-fed High.tif,CAS,Cassava,evt,casv200b_eta,High,Rain-fed,Available water content of 200 mm/m (under rain-fed conditions),HadGEM2-ES,RCP4.5,2011-2040,mm,https://s3.eu-west-1.amazonaws.com/data.gaezdev.aws.fao.org/res02/HadGEM2-ES/rcp4p5/2020sH/casv200b_eta.tif,325493,GAEZ_evt_High_Input.csv,333
CAS evt Rain-fed Low.tif,CAS,Cassava,evt,casv200b_eta,Low,Rain-fed,Available water content of 200 mm/m (under rain-fed conditions),CRUTS32,Historical,1981-2010,mm,https://s3.eu-west-1.amazonaws.com/data.gaezdev.aws.fao.org/res02/CRUTS32/Hist/8110L/casv200b_eta.tif,278261,GAEZ_evt_Low_Input.csv,25
CAS yld Irrigation High.tif,CAS,Cassava,yld,casv200a_yld,High,Irrigation,Available water content of 200 mm/m (under irrigation conditions),HadGEM2-ES,RCP4.5,2011-2040,kg DW/ha,https://s3.eu-west-1.amazonaws.com/data.gaezdev.aws.fao.org/res02/HadGEM2-ES/rcp4p5/2020sH/casv200a_yld.tif,325542,GAEZ_yld_High_Input.csv,332
CAS yld Irrigation Low.tif,CAS,Cassava,yld,casv200a_yld,Low,Irrigation,Available water content of 200 mm/m (under irrigation conditions),CRUTS32,Historical,1981-2010,kg DW/ha,https://s3.eu-west-1.amazonaws.com/data.gaezdev.aws.fao.org/res02/CRUTS32/Hist/8110L/casv200a_yld.tif,278310,GAEZ_yld_Low_Input.csv,24
CAS yld Rain-fed High.tif,CAS,Cassava,yld,casv200b_yld,High,Rain-fed,Available water content of 200 mm/m (under rain-fed conditions),HadGEM2-ES,RCP4.5,2011-2040,kg DW/ha,https://s3.eu-west-1.amazonaws.com/data.gaezdev.aws.fao.org/res02/HadGEM2-ES/rcp4p5/2020sH/casv200b_yld.tif,329590,GAEZ_yld_High_Input.csv,333
CAS yld Rain-fed Low.tif,CAS,Cassava,yld,casv200b_yld,Low,Rain-fed,Available water content of 200 mm/m (under rain-fed conditions),CRUTS32,Historical,1981-2010,kg DW/ha,https://s3.eu-west-1.amazonaws.com/data.gaezdev.aws.fao.org/res02/CRUTS32/Hist/8110L/casv200b_yld.tif,282358,GAEZ_yld_Low_Input.csv,25
CON cwd Irrigation High.tif,CON,Coconut,cwd,cocn200a_wde,High,Irrigation,Available water content of 200 mm/m (under irrigation conditions),HadGEM2-ES,RCP4.5,2011-2040,mm,https://s3.eu-west-1.amazonaws.com/data.gaezdev.aws.fao.org/res02/HadGEM2-ES/rcp4p5/2020sH/cocn200a_wde.tif,328731,GAEZ_cwd_High_Input.csv,342
CON cwd Irrigation Low.tif,CON,Coconut,cwd,cocn200a_wde,Low,Irrigation,Available water content of 200 mm/m (under irrigation conditions),CRUTS32,Historical,1981-2010,mm,https://s3.eu-west-1.amazonaws.com/data.gaezdev.aws.fao.org/res02/CRUTS32/Hist/8110L/cocn200a_wde.tif,281499,GAEZ_cwd_Low_Input.csv,34
CON cwd Rain-fed High.tif,CON,Coconut,cwd,cocn200b_wde,High,Rain-fed,Available water content of 200 mm/m (under rain-fed conditions),HadGEM2-ES,RCP4.5,2011-2040,mm,https://s3.eu-west-1.amazonaws.com/data.gaezdev.aws.fao.org/res02/HadGEM2-ES/rcp4p5/2020sH/cocn200b_wde.tif,325486,GAEZ_cwd_High_Input.csv,343
CON cwd Rain-fed Low.tif,CON,Coconut,cwd,cocn200b_wde,Low,Rain-fed,Available water content of 200 mm/m (under rain-fed conditions),CRUTS32,Historical,1981-2010,mm,https://s3.eu-west-1.amazonaws.com/data.gaezdev.aws.fao.org/res02/CRUTS32/Hist/8110L/cocn200b_wde.tif,278254,GAEZ_cwd_Low_Input.csv,35
CON evt Irrigation High.tif,CON,Coconut,evt,cocn200a_eta,High,Irrigation,Available water content of 200 mm/m (under irrigation conditions),HadGEM2-ES,RCP4.5,2011-2040,mm,https://s3.eu-west-1.amazonaws.com/data.gaezdev.aws.fao.org/res02/HadGEM2-ES/rcp4p5/2020sH/cocn200a_eta.tif,326493,GAEZ_evt_High_Input.csv,342
CON evt Irrigation Low.tif,CON,Coconut,evt,cocn200a_eta,Low,Irrigation,Available water content of 200 mm/m (under irrigation conditions),CRUTS32,Historical,1981-2010,mm,https://s3.eu-west-1.amazonaws.com/data.gaezdev.aws.fao.org/res02/CRUTS32/Hist/8110L/cocn200a_eta.tif,279261,GAEZ_evt_Low_Input.csv,34
CON evt Rain-fed High.tif,CON,Coconut,evt,cocn200b_eta,High,Rain-fed,Available water content of 200 mm/m (under rain-fed conditions),HadGEM2-ES,RCP4.5,2011-2040,mm,https://s3.eu-west-1.amazonaws.com/data.gaezdev.aws.fao.org/res02/HadGEM2-ES/rcp4p5/2020sH/cocn200b_eta.tif,327092,GAEZ_evt_High_Input.csv,343
CON evt Rain-fed Low.tif,CON,Coconut,evt,cocn200b_eta,Low,Rain-fed,Available water content of 200 mm/m (under rain-fed conditions),CRUTS32,Historical,1981-2010,mm,https://s3.eu-west-1.amazonaws.com/data.gaezdev.aws.fao.org/res02/CRUTS32/Hist/8110L/cocn200b_eta.tif,279860,GAEZ_evt_Low_Input.csv,35
CON yld Irrigation High.tif,CON,Coconut,yld,cocn200a_yld,High,Irrigation,Available water content of 200 mm/m (under irrigation conditions),HadGEM2-ES,RCP4.5,2011-2040,kg DW/ha,https://s3.eu-west-1.amazonaws.com/data.gaezdev.aws.fao.org/res02/HadGEM2-ES/rcp4p5/2020sH/cocn200a_yld.tif,328981,GAEZ_yld_High_Input.csv,342
CON yld Irrigation Low.tif,CON,Coconut,yld,cocn200a_yld,Low,Irrigation,Available water content of 200 mm/m (under irrigation conditions),CRUTS32,Historical,1981-2010,kg DW/ha,https://s3.eu-west-1.amazonaws.com/data.gaezdev.aws.fao.org/res02/CRUTS32/Hist/8110L/cocn200a_yld.tif,281749,GAEZ_yld_Low_Input.csv,34
CON yld Rain-fed High.tif,CON,Coconut,yld,cocn200b_yld,High,Rain-fed,Available water content of 200 mm/m (under rain-fed conditions),HadGEM2-ES,RCP4.5,2011-2040,kg DW/ha,https://s3.eu-west-1.amazonaws.com/data.gaezdev.aws.fao.org/res02/HadGEM2-ES/rcp4p5/2020sH/cocn200b_yld.tif,326969,GAEZ_yld_High_Input.csv,343
CON yld Rain-fed Low.tif,CON,Coconut,yld,cocn200b_yld,Low,Rain-fed,Available water content of 200 mm/m (under rain-fed conditions),CRUTS32,Historical,1981-2010,kg DW/ha,https://s3.eu-west-1.amazonaws.com/data.gaezdev.aws.fao.org/res02/CRUTS32/Hist/8110L/cocn200b_yld.tif,279737,GAEZ_yld_Low_Input.csv,35
MZE cwd Irrigation High.tif,MZE,Maize,cwd,maiz200a_wde,High,Irrigation,Available water content of 200 mm/m (under irrigation conditions),HadGEM2-ES,RCP4.5,2011-2040,mm,https://s3.eu-west-1.amazonaws.com/data.gaezdev.aws.fao.org/res02/HadGEM2-ES/rcp4p5/2020sH/maiz200a_wde.tif,324969,GAEZ_cwd_High_Input.csv,384
MZE cwd Irrigation Low.tif,MZE,Maize,cwd,maiz200a_wde,Low,Irrigation,Available water content of 200 mm/m (under irrigation conditions),CRUTS32,Historical,1981-2010,mm,https://s3.eu-west-1.amazonaws.com/data.gaezdev.aws.fao.org/res02/CRUTS32/Hist/8110L/maiz200a_wde.tif,277737,GAEZ_cwd_Low_Input.csv,76
MZE cwd Rain-fed High.tif,MZE,Maize,cwd,maiz200b_wde,High,Rain-fed,Available water content of 200 mm/m (under rain-fed conditions),HadGEM2-ES,RCP4.5,2011-2040,mm,https://s3.eu-west-1.amazonaws.com/data.gaezdev.aws.fao.org/res02/HadGEM2-ES/rcp4p5/2020sH/maiz200b_wde.tif,324518,GAEZ_cwd_High_Input.csv,385
MZE cwd Rain-fed Low.tif,MZE,Maize,cwd,maiz200b_wde,Low,Rain-fed,Available water content of 200 mm/m (under rain-fed conditions),CRUTS32,Historical,1981-2010,mm,https://s3.eu-west-1.amazonaws.com/data.gaezdev.aws.fao.org/res02/CRUTS32/Hist/8110L/maiz200b_wde.tif,277286,GAEZ_cwd_Low_Input.csv,77
MZE evt Irrigation High.tif,MZE,Maize,evt,maiz200a_eta,High,Irrigation,Available water content of 200 mm/m (under irrigation conditions),HadGEM2-ES,RCP4.5,2011-2040,mm,https://s3.eu-west-1.amazonaws.com/data.gaezdev.aws.fao.org/res02/HadGEM2-ES/rcp4p5/2020sH/maiz200a_eta.tif,324281,GAEZ_evt_High_Input.csv,384
MZE evt Irrigation Low.tif,MZE,Maize,evt,maiz200a_eta,Low,Irrigation,Available water content of 200 mm/m (under irrigation conditions),CRUTS32,Historical,1981-2010,mm,https://s3.eu-west-1.amazonaws.com/data.gaezdev.aws.fao.org/res02/CRUTS32/Hist/8110L/maiz200a_eta.tif,277049,GAEZ_evt_Low_Input.csv,76
MZE evt Rain-fed High.tif,MZE,Maize,evt,maiz200b_eta,High,Rain-fed,Available water content of 200 mm/m (under rain-fed conditions),HadGEM2-ES,RCP4.5,2011-2040,mm,https://s3.eu-west-1.amazonaws.com/data.gaezdev.aws.fao.org/res02/HadGEM2-ES/rcp4p5/2020sH/maiz200b_eta.tif,324905,GAEZ_evt_High_Input.csv,385
MZE evt Rain-fed Low.tif,MZE,Maize,evt,maiz200b_eta,Low,Rain-fed,Available water content of 200 mm/m (under rain-fed conditions),CRUTS32,Historical,1981-2010,mm,https://s3.eu-west-1.amazonaws.com/data.gaezdev.aws.fao.org/res02/CRUTS32/Hist/8110L/maiz200b_eta.tif,277673,GAEZ_evt_Low_Input.csv,77
MZE yld Irrigation High.tif,MZE,Maize,yld,maiz200a_yld,High,Irrigation,Available water content of 200 mm/m (under irrigation conditions),HadGEM2-ES,RCP4.5,2011-2040,kg DW/ha,https://s3.eu-west-1.amazonaws.com/data.gaezdev.aws.fao.org/res02/HadGEM2-ES/rcp4p5/2020sH/maiz200a_yld.tif,328411,GAEZ_yld_High_Input.csv,384
MZE yld Irrigation Low.tif,MZE,Maize,yld,maiz200a_yld,Low,Irrigation,Available water content of 200 mm/m (under irrigation conditions),CRUTS32,Historical,1981-2010,kg DW/ha,https://s3.eu-west-1.amazonaws.com/data.gaezdev.aws.fao.org/res02/CRUTS32/Hist/8110L/maiz200a_yld.tif,281179,GAEZ_yld_Low_Input.csv,76
MZE yld Rain-fed High.tif,MZE,Maize,yld,maiz200b_yld,High,Rain-fed,Available water content of 200 mm/m (under rain-fed conditions),HadGEM2-ES,RCP4.5,2011-2040,kg DW/ha,https://s3.eu-west-1.amazonaws.com/data.gaezdev.aws.fao.org/res02/HadGEM2-ES/rcp4p5/2020sH/maiz200b_yld.tif,327719,GAEZ_yld_High_Input.csv,385
MZE yld Rain-fed Low.tif,MZE,Maize,yld,maiz200b_yld,Low,Rain-fed,Available water content of 200 mm/m (under rain-fed conditions),CRUTS32,Historical,1981-2010,kg DW/ha,https://s3.eu-west-1.amazonaws.com/data.gaezdev.aws.fao.org/res02/CRUTS32/Hist/8110L/maiz200b_yld.tif,280487,GAEZ_yld_Low_Input.csv,77
RCP cwd Irrigation High.tif,RCP,Wetland rice,cwd,ricw200a_wde,High,Irrigation,Available water content of 200 mm/m (under irrigation conditions),HadGEM2-ES,RCP4.5,2011-2040,mm,https://s3.eu-west-1.amazonaws.com/data.gaezdev.aws.fao.org/res02/HadGEM2-ES/rcp4p5/2020sH/ricw200a_wde.tif,326308,GAEZ_cwd_High_Input.csv,414
RCP cwd Irrigation Low.tif,RCP,Wetland rice,cwd,ricw200a_wde,Low,Irrigation,Available water content of 200 mm/m (under irrigation conditions),CRUTS32,Historical,1981-2010,mm,https://s3.eu-west-1.amazonaws.com/data.gaezdev.aws.fao.org/res02/CRUTS32/Hist/8110L/ricw200a_wde.tif,279076,GAEZ_cwd_Low_Input.csv,102
RCP cwd Rain-fed High.tif,RCP,Wetland rice,cwd,ricw200b_wde,High,Rain-fed,Available water content of 200 mm/m (under rain-fed conditions),HadGEM2-ES,RCP4.5,2011-2040,mm,https://s3.eu-west-1.amazonaws.com/data.gaezdev.aws.fao.org/res02/HadGEM2-ES/rcp4p5/2020sH/ricw200b_wde.tif,330010,GAEZ_cwd_High_Input.csv,415
RCP cwd Rain-fed Low.tif,RCP,Wetland rice,cwd,ricw200b_wde,Low,Rain-fed,Available water content of 200 mm/m (under rain-fed conditions),CRUTS32,Historical,1981-2010,mm,https://s3.eu-west-1.amazonaws.com/data.gaezdev.aws.fao.org/res02/CRUTS32/Hist/8110L/ricw200b_wde.tif,282778,GAEZ_cwd_Low_Input.csv,103
RCP evt Irrigation High.tif,RCP,Wetland rice,evt,ricw200a_eta,High,Irrigation,Available water content of 200 mm/m (under irrigation conditions),HadGEM2-ES,RCP4.5,2011-2040,mm,https://s3.eu-west-1.amazonaws.com/data.gaezdev.aws.fao.org/res02/HadGEM2-ES/rcp4p5/2020sH/ricw200a_eta.tif,326085,GAEZ_evt_High_Input.csv,414
RCP evt Irrigation Low.tif,RCP,Wetland rice,evt,ricw200a_eta,Low,Irrigation,Available water content of 200 mm/m (under irrigation conditions),CRUTS32,Historical,1981-2010,mm,https://s3.eu-west-1.amazonaws.com/data.gaezdev.aws.fao.org/res02/CRUTS32/Hist/8110L/ricw200a_eta.tif,278853,GAEZ_evt_Low_Input.csv,102
RCP evt Rain-fed High.tif,RCP,Wetland rice,evt,ricw200b_eta,High,Rain-fed,Available water content of 200 mm/m (under rain-fed conditions),HadGEM2-ES,RCP4.5,2011-2040,mm,https://s3.eu-west-1.amazonaws.com/data.gaezdev.aws.fao.org/res02/HadGEM2-ES/rcp4p5/2020sH/ricw200b_eta.tif,326760,GAEZ_evt_High_Input.csv,415
RCP evt Rain-fed Low.tif,RCP,Wetland rice,evt,ricw200b_eta,Low,Rain-fed,Available water content of 200 mm/m (under rain-fed conditions),CRUTS32,Historical,1981-2010,mm,https://s3.eu-west-1.amazonaws.com/data.gaezdev.aws.fao.org/res02/CRUTS32/Hist/8110L/ricw200b_eta.tif,279528,GAEZ_evt_Low_Input.csv,103
RCP yld Irrigation High.tif,RCP,Wetland rice,yld,ricw200a_yld,High,Irrigation,Available water content of 200 mm/m (under irrigation conditions),HadGEM2-ES,RCP4.5,2011-2040,kg DW/ha,https://s3.eu-west-1.amazonaws.com/data.gaezdev.aws.fao.org/res02/HadGEM2-ES/rcp4p5/2020sH/ricw200a_yld.tif,325293,GAEZ_yld_High_Input.csv,414
RCP yld Irrigation Low.tif,RCP,Wetland rice,yld,ricw200a_yld,Low,Irrigation,Available water content of 200 mm/m (under irrigation conditions),CRUTS32,Historical,1981-2010,kg DW/ha,https://s3.eu-west-1.amazonaws.com/data.gaezdev.aws.fao.org/res02/CRUTS32/Hist/8110L/ricw200a_yld.tif,278061,GAEZ_yld_Low_Input.csv,102
RCP yld Rain-fed High.tif,RCP,Wetland rice,yld,ricw200b_yld,High,Rain-fed,Available water content of 200 mm/m (under rain-fed conditions),HadGEM2-ES,RCP4.5,2011-2040,kg DW/ha,https://s3.eu-west-1.amazonaws.com/data.gaezdev.aws.fao.org/res02/HadGEM2-ES/rcp4p5/2020sH/ricw200b_yld.tif,324865,GAEZ_yld_High_Input.csv,415
RCP yld Rain-fed Low.tif,RCP,Wetland rice,yld,ricw200b_yld,Low,Rain-fed,Available water content of 200 mm/m (under rain-fed conditions),CRUTS32,Historical,1981-2010,kg DW/ha,https://s3.eu-west-1.amazonaws.com/data.gaezdev.aws.fao.org/res02/CRUTS32/Hist/8110L/ricw200b_yld.tif,277633,GAEZ_yld_Low_Input.csv,103
RUB cwd Irrigation High.tif,RUB,Para rubber,cwd,prub200a_wde,High,Irrigation,Available water content of 200 mm/m (under irrigation conditions),HadGEM2-ES,RCP4.5,2011-2040,mm,https://s3.eu-west-1.amazonaws.com/data.gaezdev.aws.fao.org/res02/HadGEM2-ES/rcp4p5/2020sH/prub200a_wde.tif,502179,GAEZ_cwd_High_Input.csv,406
RUB cwd Rain-fed High.tif,RUB,Para rubber,cwd,prub200b_wde,High,Rain-fed,Available water content of 200 mm/m (under rain-fed conditions),HadGEM2-ES,RCP4.5,2011-2040,mm,https://s3.eu-west-1.amazonaws.com/data.gaezdev.aws.fao.org/res02/HadGEM2-ES/rcp4p5/2020sH/prub200b_wde.tif,502190,GAEZ_cwd_High_Input.csv,407
RUB evt Irrigation High.tif,RUB,Para rubber,evt,prub200a_eta,High,Irrigation,Available water content of 200 mm/m (under irrigation conditions),HadGEM2-ES,RCP4.5,2011-2040,mm,https://s3.eu-west-1.amazonaws.com/data.gaezdev.aws.fao.org/res02/HadGEM2-ES/rcp4p5/2020sH/prub200a_eta.tif,502172,GAEZ_evt_High_Input.csv,406
RUB evt Rain-fed High.tif,RUB,Para rubber,evt,prub200b_eta,High,Rain-fed,Available water content of 200 mm/m (under rain-fed conditions),HadGEM2-ES,RCP4.5,2011-2040,mm,https://s3.eu-west-1.amazonaws.com/data.gaezdev.aws.fao.org/res02/HadGEM2-ES/rcp4p5/2020sH/prub200b_eta.tif,502183,GAEZ_evt_High_Input.csv,407
RUB yld Irrigation High.tif,RUB,Para rubber,yld,prub200a_yld,High,Irrigation,Available water content of 200 mm/m (under irrigation conditions),HadGEM2-ES,RCP4.5,2011-2040,kg DW/ha,https://s3.eu-west-1.amazonaws.com/data.gaezdev.aws.fao.org/res02/HadGEM2-ES/rcp4p5/2020sH/prub200a_yld.tif,502180,GAEZ_yld_High_Input.csv,406
RUB yld Rain-fed High.tif,RUB,Para rubber,yld,prub200b_yld,High,Rain-fed,Available water content of 200 mm/m (under rain-fed conditions),HadGEM2-ES,RCP4.5,2011-2040,kg DW/ha,https://s3.eu-west-1.amazonaws.com/data.gaezdev.aws.fao.org/res02/HadGEM2-ES/rcp4p5/2020sH/prub200b_yld.tif,502191,GAEZ_yld_High_Input.csv,407
SGC cwd Irrigation High.tif,SGC,Sugarcane,cwd,sugc200a_wde,High,Irrigation,Available water content of 200 mm/m (under irrigation conditions),HadGEM2-ES,RCP4.5,2011-2040,mm,https://s3.eu-west-1.amazonaws.com/data.gaezdev.aws.fao.org/res02/HadGEM2-ES/rcp4p5/2020sH/sugc200a_wde.tif,324462,GAEZ_cwd_High_Input.csv,430
SGC cwd Irrigation Low.tif,SGC,Sugarcane,cwd,sugc200a_wde,Low,Irrigation,Available water content of 200 mm/m (under irrigation conditions),CRUTS32,Historical,1981-2010,mm,https://s3.eu-west-1.amazonaws.com/data.gaezdev.aws.fao.org/res02/CRUTS32/Hist/8110L/sugc200a_wde.tif,277230,GAEZ_cwd_Low_Input.csv,118
SGC cwd Rain-fed High.tif,SGC,Sugarcane,cwd,sugc200b_wde,High,Rain-fed,Available water content of 200 mm/m (under rain-fed conditions),HadGEM2-ES,RCP4.5,2011-2040,mm,https://s3.eu-west-1.amazonaws.com/data.gaezdev.aws.fao.org/res02/HadGEM2-ES/rcp4p5/2020sH/sugc200b_wde.tif,329546,GAEZ_cwd_High_Input.csv,431
SGC cwd Rain-fed Low.tif,SGC,Sugarcane,cwd,sugc200b_wde,Low,Rain-fed,Available water content of 200 mm/m (under rain-fed conditions),CRUTS32,Historical,1981-2010,mm,https://s3.eu-west-1.amazonaws.com/data.gaezdev.aws.fao.org/res02/CRUTS32/Hist/8110L/sugc200b_wde.tif,282314,GAEZ_cwd_Low_Input.csv,119
SGC evt Irrigation High.tif,SGC,Sugarcane,evt,sugc200a_eta,High,Irrigation,Available water content of 200 mm/m (under irrigation conditions),HadGEM2-ES,RCP4.5,2011-2040,mm,https://s3.eu-west-1.amazonaws.com/data.gaezdev.aws.fao.org/res02/HadGEM2-ES/rcp4p5/2020sH/sugc200a_eta.tif,326575,GAEZ_evt_High_Input.csv,430
SGC evt Irrigation Low.tif,SGC,Sugarcane,evt,sugc200a_eta,Low,Irrigation,Available water content of 200 mm/m (under irrigation conditions),CRUTS32,Historical,1981-2010,mm,https://s3.eu-west-1.amazonaws.com/data.gaezdev.aws.fao.org/res02/CRUTS32/Hist/8110L/sugc200a_eta.tif,279343,GAEZ_evt_Low_Input.csv,118
SGC evt Rain-fed High.tif,SGC,Sugarcane,evt,sugc200b_eta,High,Rain-fed,Available water content of 200 mm/m (under rain-fed conditions),HadGEM2-ES,RCP4.5,2011-2040,mm,https://s3.eu-west-1.amazonaws.com/data.gaezdev.aws.fao.org/res02/HadGEM2-ES/rcp4p5/2020sH/sugc200b_eta.tif,325346,GAEZ_evt_High_Input.csv,431
SGC evt Rain-fed Low.tif,SGC,Sugarcane,evt,sugc200b_eta,Low,Rain-fed,Available water content of 200 mm/m (under rain-fed conditions),CRUTS32,Historical,1981-2010,mm,https://s3.eu-west-1.amazonaws.com/data.gaezdev.aws.fao.org/res02/CRUTS32/Hist/8110L/sugc200b_eta.tif,278114,GAEZ_evt_Low_Input.csv,119
SGC yld Irrigation High.tif,SGC,Sugarcane,yld,sugc200a_yld,High,Irrigation,Available water content of 200 mm/m (under irrigation conditions),HadGEM2-ES,RCP4.5,2011-2040,kg sugar/ha,https://s3.eu-west-1.amazonaws.com/data.gaezdev.aws.fao.org/res02/HadGEM2-ES/rcp4p5/2020sH/sugc200a_yld.tif,325398,GAEZ_yld_High_Input.csv,430
SGC yld Irrigation Low.tif,SGC,Sugarcane,yld,sugc200a_yld,Low,Irrigation,Available water content of 200 mm/m (under irrigation conditions),CRUTS32,Historical,1981-2010,kg sugar/ha,https://s3.eu-west-1.amazonaws.com/data.gaezdev.aws.fao.org/res02/CRUTS32/Hist/8110L/sugc200a_yld.tif,278166,GAEZ_yld_Low_Input.csv,118
SGC yld Rain-fed High.tif,SGC,Sugarcane,yld,sugc200b_yld,High,Rain-fed,Available water content of 200 mm/m (under rain-fed conditions),HadGEM2-ES,RCP4.5,2011-2040,kg sugar/ha,https://s3.eu-west-1.amazonaws.com/data.gaezdev.aws.fao.org/res02/HadGEM2-ES/rcp4p5/2020sH/sugc200b_yld.tif,325304,GAEZ_yld_High_Input.csv,431
SGC yld Rain-fed Low.tif,SGC,Sugarcane,yld,sugc200b_yld,Low,Rain-fed,Available water content of 200 mm/m (under rain-fed conditions),CRUTS32,Historical,1981-2010,kg sugar/ha,https://s3.eu-west-1.amazonaws.com/data.gaezdev.aws.fao.org/res02/CRUTS32/Hist/8110L/sugc200b_yld.tif,278072,GAEZ_yld_Low_Input.csv,119
TOM cwd Irrigation High.tif,TOM,Tomato,cwd,toma200a_wde,High,Irrigation,Available water content of 200 mm/m (under irrigation conditions),HadGEM2-ES,RCP4.5,2011-2040,mm,https://s3.eu-west-1.amazonaws.com/data.gaezdev.aws.fao.org/res02/HadGEM2-ES/rcp4p5/2020sH/toma200a_wde.tif,329459,GAEZ_cwd_High_Input.csv,444
TOM cwd Irrigation Low.tif,TOM,Tomato,cwd,toma200a_wde,Low,Irrigation,Available water content of 200 mm/m (under irrigation conditions),CRUTS32,Historical,1981-2010,mm,https://s3.eu-west-1.amazonaws.com/data.gaezdev.aws.fao.org/res02/CRUTS32/Hist/8110L/toma200a_wde.tif,282227,GAEZ_cwd_Low_Input.csv,132
TOM cwd Rain-fed High.tif,TOM,Tomato,cwd,toma200b_wde,High,Rain-fed,Available water content of 200 mm/m (under rain-fed conditions),HadGEM2-ES,RCP4.5,2011-2040,mm,https://s3.eu-west-1.amazonaws.com/data.gaezdev.aws.fao.org/res02/HadGEM2-ES/rcp4p5/2020sH/toma200b_wde.tif,328546,GAEZ_cwd_High_Input.csv,445
TOM cwd Rain-fed Low.tif,TOM,Tomato,cwd,toma200b_wde,Low,Rain-fed,Available water content of 200 mm/m (under rain-fed conditions),CRUTS32,Historical,1981-2010,mm,https://s3.eu-west-1.amazonaws.com/data.gaezdev.aws.fao.org/res02/CRUTS32/Hist/8110L/toma200b_wde.tif,281314,GAEZ_cwd_Low_Input.csv,133
TOM evt Irrigation High.tif,TOM,Tomato,evt,toma200a_eta,High,Irrigation,Available water content of 200 mm/m (under irrigation conditions),HadGEM2-ES,RCP4.5,2011-2040,mm,https://s3.eu-west-1.amazonaws.com/data.gaezdev.aws.fao.org/res02/HadGEM2-ES/rcp4p5/2020sH/toma200a_eta.tif,324957,GAEZ_evt_High_Input.csv,444
TOM evt Irrigation Low.tif,TOM,Tomato,evt,toma200a_eta,Low,Irrigation,Available water content of 200 mm/m (under irrigation conditions),CRUTS32,Historical,1981-2010,mm,https://s3.eu-west-1.amazonaws.com/data.gaezdev.aws.fao.org/res02/CRUTS32/Hist/8110L/toma200a_eta.tif,277725,GAEZ_evt_Low_Input.csv,132
TOM evt Rain-fed High.tif,TOM,Tomato,evt,toma200b_eta,High,Rain-fed,Available water content of 200 mm/m (under rain-fed conditions),HadGEM2-ES,RCP4.5,2011-2040,mm,https://s3.eu-west-1.amazonaws.com/data.gaezdev.aws.fao.org/res02/HadGEM2-ES/rcp4p5/2020sH/toma200b_eta.tif,329575,GAEZ_evt_High_Input.csv,445
TOM evt Rain-fed Low.tif,TOM,Tomato,evt,toma200b_eta,Low,Rain-fed,Available water content of 200 mm/m (under rain-fed conditions),CRUTS32,Historical,1981-2010,mm,https://s3.eu-west-1.amazonaws.com/data.gaezdev.aws.fao.org/res02/CRUTS32/Hist/8110L/toma200b_eta.tif,282343,GAEZ_evt_Low_Input.csv,133
TOM yld Irrigation High.tif,TOM,Tomato,yld,toma200a_yld,High,Irrigation,Available water content of 200 mm/m (under irrigation conditions),HadGEM2-ES,RCP4.5,2011-2040,kg DW/ha,https://s3.eu-west-1.amazonaws.com/data.gaezdev.aws.fao.org/res02/HadGEM2-ES/rcp4p5/2020sH/toma200a_yld.tif,329400,GAEZ_yld_High_Input.csv,444
TOM yld Irrigation Low.tif,TOM,Tomato,yld,toma200a_yld,Low,Irrigation,Available water content of 200 mm/m (under irrigation conditions),CRUTS32,Historical,1981-2010,kg DW/ha,https://s3.eu-west-1.amazonaws.com/data.gaezdev.aws.fao.org/res02/CRUTS32/Hist/8110L/toma200a_yld.tif,282168,GAEZ_yld_Low_Input.csv,132
TOM yld Rain-fed High.tif,TOM,Tomato,yld,toma200b_yld,High,Rain-fed,Available water content of 200 mm/m (under rain-fed conditions),HadGEM2-ES,RCP4.5,2011-2040,kg DW/ha,https://s3.eu-west-1.amazonaws.com/data.gaezdev.aws.fao.org/res02/HadGEM2-ES/rcp4p5/2020sH/toma200b_yld.tif,326023,GAEZ_yld_High_Input.csv,445
TOM yld Rain-fed Low.tif,TOM,Tomato,yld,toma200b_yld,Low,Rain-fed,Available water content of 200 mm/m (under rain-fed conditions),CRUTS32,Historical,1981-2010,kg DW/ha,https://s3.eu-west-1.amazonaws.com/data.gaezdev.aws.fao.org/res02/CRUTS32/Hist/8110L/toma200b_yld.tif,278791,GAEZ_yld_Low_Input.csv,133
