cluster_id,cluster,mode,crop,water_regime,inherited_input_label,v30_status,activity_upper,yield_2020,inherited_yield_2021,v30_yield_2021,inherited_yield_2025,v30_yield_2025,v30_yield_2050,after_2020_rule
TEC_ibnh8,LNDAGRPHLC01,1,vegetables,rainfed,high,active_observed_cost_system,99999,1.7642630932911894,1.7642630932911894,1.7822541628650577,1.7819057242241012,1.8542184411605294,2.2374693274607997,FAO_BAU_2050_rebased_to_2020
TEC_ibnh8,LNDAGRPHLC01,2,coconut,irrigated,low,inactive_unsupported_pair,1e-06,0.0015060774113478577,0.0015314406332792628,0.0015314406332792628,0.001488656541439237,0.001488656541439237,0.0019091007783333764,inactive
TEC_ibnh8,LNDAGRPHLC01,3,sugarcane,rainfed,high,active_observed_cost_system,99999,8.30702641540301,8.49644374926433,8.371191374154487,6.336024027861845,8.627851209160383,9.606132019986266,FAO_BAU_2050_rebased_to_2020
TEC_ibnh8,LNDAGRPHLC01,4,maize,rainfed,high,active_observed_cost_system,99999,0.4892864603295589,0.497318677490696,0.498312069169821,0.5149929070095799,0.5344145045308699,0.7402312064846305,FAO_BAU_2050_rebased_to_2020
TEC_ibnh8,LNDAGRPHLC01,5,vegetables,irrigated,high,active_observed_cost_system,99999,1.9073114522066912,1.9073114522066912,1.9267522833777166,1.926384566728758,2.0045156080618183,2.4187063033354166,FAO_BAU_2050_rebased_to_2020
TEC_ibnh8,LNDAGRPHLC01,6,sugarcane,irrigated,high,active_observed_cost_system,99999,8.30702641540301,8.49644374926433,8.375314930325672,6.336024027861845,8.648468990016317,9.749595562177664,FAO_BAU_2050_rebased_to_2020
TEC_ibnh8,LNDAGRPHLC01,7,maize,irrigated,low,inactive_unsupported_pair,1e-06,0.17540458011814375,0.1782840541947778,0.1782840541947778,0.18462009873928334,0.18462009873928334,0.23676272154649786,inactive
TEC_ibnh8,LNDAGRPHLC01,8,coconut,rainfed,high,active_observed_cost_system,99999,0.018407612805362704,0.018717607740079877,0.018560848586038965,0.01819469106203512,0.01917379170874401,0.02201062947077646,FAO_BAU_2050_rebased_to_2020
TEC_ibnh8,LNDAGRPHLC01,9,sugarcane,irrigated,low,inactive_unsupported_pair,1e-06,1.639544687250594,1.6769296873548019,1.6769296873548019,1.2505310581306273,1.2505310581306273,1.6037210397094732,inactive
TEC_ibnh8,LNDAGRPHLC01,10,maize,irrigated,high,active_observed_cost_system,99999,0.498518280335777,0.5067020487641054,0.5077141836824591,0.5247097543116475,0.5444977970691881,0.7541978330220763,FAO_BAU_2050_rebased_to_2020
TEC_ibnh8,LNDAGRPHLC01,11,rice_rain,rainfed,high,active_observed_cost_system,99999,0.42023026407554087,0.431362311342662,0.42478578671191425,0.4381640543549456,0.44300787725740753,0.5293891363975539,FAO_BAU_2050_rebased_to_2020
TEC_ibnh8,LNDAGRPHLC01,12,vegetables,rainfed,low,inactive_unsupported_pair,1e-06,0.3909988477023717,0.3909988477023717,0.3909988477023717,0.39490883617939543,0.39490883617939543,0.5064437266314761,inactive
TEC_ibnh8,LNDAGRPHLC01,13,vegetables,irrigated,low,inactive_unsupported_pair,1e-06,0.4053036835939219,0.4053036835939219,0.4053036835939219,0.4093567204298611,0.4093567204298611,0.5249721556545789,inactive
TEC_ibnh8,LNDAGRPHLC01,14,rice_rain,rainfed,low,inactive_unsupported_pair,1e-06,0.05354546913220602,0.05496390741301661,0.05496390741301661,0.05583058111942049,0.05583058111942049,0.07159892352794993,inactive
TEC_ibnh8,LNDAGRPHLC01,15,maize,rainfed,low,inactive_unsupported_pair,1e-06,0.10155002006839901,0.10321708400750294,0.10321708400750294,0.106885320322743,0.106885320322743,0.1370731545795514,inactive
TEC_ibnh8,LNDAGRPHLC01,16,coconut,irrigated,high,active_observed_cost_system,99999,0.018407612805362704,0.018717607740079877,0.018560848586038965,0.01819469106203512,0.01917379170874401,0.02201062947077646,FAO_BAU_2050_rebased_to_2020
TEC_ibnh8,LNDAGRPHLC01,17,rice_irrig,irrigated,low,inactive_unsupported_pair,1e-06,0.19862204394484562,0.2007573040141212,0.2007573040141212,0.19850933112529873,0.19850933112529873,0.2545747175445535,inactive
TEC_ibnh8,LNDAGRPHLC01,18,sugarcane,rainfed,low,inactive_unsupported_pair,1e-06,1.639544687250594,1.6769296873548019,1.6769296873548019,1.2505310581306273,1.2505310581306273,1.6037210397094732,inactive
TEC_ibnh8,LNDAGRPHLC01,19,rice_irrig,irrigated,high,active_observed_cost_system,99999,0.993110219724228,1.0037865200706058,1.0042480743777007,0.9925466556264934,1.0487994929915914,1.2650784461095337,FAO_BAU_2050_rebased_to_2020
TEC_ibnh8,LNDAGRPHLC01,20,coconut,rainfed,low,inactive_unsupported_pair,1e-06,0.0015060774113478577,0.0015314406332792628,0.0015314406332792628,0.001488656541439237,0.001488656541439237,0.0019091007783333764,inactive
TEC_ibnh8,LNDAGRPHLC01,21,other,irrigated,low,inactive_unsupported_pair,1e-06,0.25310706002622485,0.25310706002622485,0.25310706002622485,0.2556381306264871,0.2556381306264871,0.3278385178618021,inactive
TEC_ibnh8,LNDAGRPHLC01,22,other,irrigated,high,active_observed_cost_system,99999,0.8858747100917868,0.8858747100917868,0.8947066635979314,0.8947334571927046,0.93003447762251,1.0755598853834212,FAO_BAU_2050_rebased_to_2020
TEC_ibnh8,LNDAGRPHLC01,23,other,rainfed,low,inactive_unsupported_pair,1e-06,0.25310706002622485,0.25310706002622485,0.25310706002622485,0.2556381306264871,0.2556381306264871,0.3278385178618021,inactive
TEC_ibnh8,LNDAGRPHLC01,24,other,rainfed,high,active_observed_cost_system,99999,0.8858747100917868,0.8858747100917868,0.8947066635979314,0.8947334571927046,0.93003447762251,1.0755598853834212,FAO_BAU_2050_rebased_to_2020
TEC_9lvqs,LNDAGRPHLC02,1,vegetables,rainfed,high,active_observed_cost_system,99999,1.525849161765353,1.525849161765353,1.5414090057211307,1.5411076533830064,1.6036483815442415,1.9351086075336648,FAO_BAU_2050_rebased_to_2020
TEC_9lvqs,LNDAGRPHLC02,2,coconut,irrigated,low,inactive_unsupported_pair,1e-06,0.023427870843188897,0.023822409851010754,0.023822409851010754,0.023156879533499243,0.023156879533499243,0.029697123218519188,inactive
TEC_9lvqs,LNDAGRPHLC02,3,sugarcane,rainfed,high,active_observed_cost_system,99999,12.023327706504357,12.297484373935214,12.11619804153939,9.170561092957936,12.487679381679504,13.903612134190649,FAO_BAU_2050_rebased_to_2020
TEC_9lvqs,LNDAGRPHLC02,4,maize,rainfed,high,active_observed_cost_system,99999,0.43389554029225025,0.44101844985023975,0.44189938209399215,0.45669182319717455,0.47391474930095995,0.6564314472599552,FAO_BAU_2050_rebased_to_2020
TEC_9lvqs,LNDAGRPHLC02,5,vegetables,irrigated,high,active_observed_cost_system,99999,1.6212147343756875,1.6212147343756875,1.637739440871059,1.6374268817194444,1.7038382668525454,2.055900357835104,FAO_BAU_2050_rebased_to_2020
TEC_9lvqs,LNDAGRPHLC02,6,sugarcane,irrigated,high,active_observed_cost_system,99999,12.023327706504357,12.297484373935214,12.122166346523999,9.170561092957936,12.517520906602565,14.11125673473083,FAO_BAU_2050_rebased_to_2020
TEC_9lvqs,LNDAGRPHLC02,7,maize,irrigated,low,inactive_unsupported_pair,1e-06,0.15694094010570758,0.1595173116479591,0.1595173116479591,0.16518640413514826,0.16518640413514826,0.21184032980476125,inactive
TEC_9lvqs,LNDAGRPHLC02,8,coconut,rainfed,high,active_observed_cost_system,99999,0.20081032151304767,0.20419208443723502,0.20248198457497052,0.1984875388585649,0.20916863682266193,0.24011595786301593,FAO_BAU_2050_rebased_to_2020
TEC_9lvqs,LNDAGRPHLC02,9,sugarcane,irrigated,low,inactive_unsupported_pair,1e-06,3.8256042702513855,3.9128359371612036,3.9128359371612036,2.9179058023047966,2.9179058023047966,3.7420157593221033,inactive
TEC_9lvqs,LNDAGRPHLC02,10,maize,irrigated,high,active_observed_cost_system,99999,0.43389554029225025,0.44101844985023975,0.44189938209399215,0.45669182319717455,0.47391474930095995,0.6564314472599552,FAO_BAU_2050_rebased_to_2020
TEC_9lvqs,LNDAGRPHLC02,11,rice_rain,rainfed,high,active_observed_cost_system,99999,0.515120968866792,0.5287667042264889,0.5207051579049271,0.5371043246931592,0.5430419140574673,0.6489286188099048,FAO_BAU_2050_rebased_to_2020
TEC_9lvqs,LNDAGRPHLC02,12,vegetables,rainfed,low,inactive_unsupported_pair,1e-06,0.157353194807052,0.157353194807052,0.157353194807052,0.15892672675512254,0.15892672675512254,0.2038127192541306,inactive
TEC_9lvqs,LNDAGRPHLC02,13,vegetables,irrigated,low,inactive_unsupported_pair,1e-06,0.157353194807052,0.157353194807052,0.157353194807052,0.15892672675512254,0.15892672675512254,0.2038127192541306,inactive
TEC_9lvqs,LNDAGRPHLC02,14,rice_rain,rainfed,low,inactive_unsupported_pair,1e-06,0.128780242216698,0.13219167605662221,0.13219167605662221,0.1342760811732898,0.1342760811732898,0.17219994266215805,inactive
TEC_9lvqs,LNDAGRPHLC02,15,maize,rainfed,low,inactive_unsupported_pair,1e-06,0.14770912009948947,0.15013394037454972,0.15013394037454972,0.15546955683308072,0.15546955683308072,0.19937913393389292,inactive
TEC_9lvqs,LNDAGRPHLC02,16,coconut,irrigated,high,active_observed_cost_system,99999,0.20081032151304767,0.20419208443723502,0.20248198457497052,0.1984875388585649,0.20916863682266193,0.24011595786301593,FAO_BAU_2050_rebased_to_2020
TEC_9lvqs,LNDAGRPHLC02,17,rice_irrig,irrigated,low,inactive_unsupported_pair,1e-06,0.2695584882108619,0.2724563411620216,0.2724563411620216,0.2694055208129054,0.2694055208129054,0.3454942595247512,inactive
TEC_9lvqs,LNDAGRPHLC02,18,sugarcane,rainfed,low,inactive_unsupported_pair,1e-06,3.8256042702513855,3.9128359371612036,3.9128359371612036,2.9179058023047966,2.9179058023047966,3.7420157593221033,inactive
TEC_9lvqs,LNDAGRPHLC02,19,rice_irrig,irrigated,high,active_observed_cost_system,99999,1.149170397109464,1.161524401795987,1.1620584860656251,1.1485182729392283,1.21361084189027,1.4638764876410322,FAO_BAU_2050_rebased_to_2020
TEC_9lvqs,LNDAGRPHLC02,20,coconut,rainfed,low,inactive_unsupported_pair,1e-06,0.023427870843188897,0.023822409851010754,0.023822409851010754,0.023156879533499243,0.023156879533499243,0.029697123218519188,inactive
TEC_9lvqs,LNDAGRPHLC02,21,other,irrigated,low,inactive_unsupported_pair,1e-06,0.45197689290397286,0.45197689290397286,0.45197689290397286,0.45649666183301263,0.45649666183301263,0.585425924753218,inactive
TEC_9lvqs,LNDAGRPHLC02,22,other,irrigated,high,active_observed_cost_system,99999,1.2112980729826472,1.2112980729826472,1.2233744175726817,1.2234110537124738,1.2716797959328199,1.4706635167487596,FAO_BAU_2050_rebased_to_2020
TEC_9lvqs,LNDAGRPHLC02,23,other,rainfed,low,inactive_unsupported_pair,1e-06,0.45197689290397286,0.45197689290397286,0.45197689290397286,0.45649666183301263,0.45649666183301263,0.585425924753218,inactive
TEC_9lvqs,LNDAGRPHLC02,24,other,rainfed,high,active_observed_cost_system,99999,1.2112980729826472,1.2112980729826472,1.2233744175726817,1.2234110537124738,1.2716797959328199,1.4706635167487596,FAO_BAU_2050_rebased_to_2020
TEC_3mwof,LNDAGRPHLC03,1,vegetables,rainfed,high,active_observed_cost_system,99999,1.3351180165446839,1.3351180165446839,1.3487328800059895,1.3484691967101308,1.4031923338512113,1.6932200315919568,FAO_BAU_2050_rebased_to_2020
TEC_3mwof,LNDAGRPHLC03,2,coconut,irrigated,low,inactive_unsupported_pair,1e-06,0.21754451497246835,0.22120809147367132,0.22120809147367132,0.2150281670967787,0.2150281670967787,0.27575900131482106,inactive
TEC_3mwof,LNDAGRPHLC03,3,sugarcane,rainfed,high,active_observed_cost_system,99999,8.853541311153208,9.055420311715931,8.921927648769914,6.752867713905388,9.195472999236724,10.238114389722204,FAO_BAU_2050_rebased_to_2020
TEC_3mwof,LNDAGRPHLC03,4,maize,rainfed,high,active_observed_cost_system,99999,0.4523591803046865,0.4597851923970585,0.4607036111192685,0.4761255178013097,0.49408133437759666,0.684364700334847,FAO_BAU_2050_rebased_to_2020
TEC_3mwof,LNDAGRPHLC03,5,vegetables,irrigated,high,active_observed_cost_system,99999,1.382800802849851,1.382800802849851,1.3968954054488445,1.3966288108783496,1.453273815844818,1.753562069918177,FAO_BAU_2050_rebased_to_2020
TEC_3mwof,LNDAGRPHLC03,6,sugarcane,irrigated,high,active_observed_cost_system,99999,8.853541311153208,9.055420311715931,8.926322491531307,6.752867713905388,9.217447213043707,10.391016322847248,FAO_BAU_2050_rebased_to_2020
TEC_3mwof,LNDAGRPHLC03,7,maize,irrigated,low,inactive_unsupported_pair,1e-06,0.17540458011814375,0.1782840541947778,0.1782840541947778,0.18462009873928334,0.18462009873928334,0.23676272154649786,inactive
TEC_3mwof,LNDAGRPHLC03,8,coconut,rainfed,high,active_observed_cost_system,99999,0.7530387056739289,0.7657203166396315,0.7593074421561395,0.7443282707196185,0.7843823880849824,0.90043484198631,FAO_BAU_2050_rebased_to_2020
TEC_3mwof,LNDAGRPHLC03,9,sugarcane,irrigated,low,inactive_unsupported_pair,1e-06,2.9511804370510695,3.0184734372386437,3.0184734372386437,2.2509559046351293,2.2509559046351293,2.8866978714770517,inactive
TEC_3mwof,LNDAGRPHLC03,10,maize,irrigated,high,active_observed_cost_system,99999,0.4615910003109046,0.4691685636704679,0.4701057256319066,0.48584236510337725,0.5041646269159149,0.6983313268722928,FAO_BAU_2050_rebased_to_2020
TEC_3mwof,LNDAGRPHLC03,11,rice_rain,rainfed,high,active_observed_cost_system,99999,0.5422325988071496,0.5565965307647252,0.5481106925315024,0.5653729733612202,0.571623067428913,0.6830827566420051,FAO_BAU_2050_rebased_to_2020
TEC_3mwof,LNDAGRPHLC03,12,vegetables,rainfed,low,inactive_unsupported_pair,1e-06,0.3480843400277211,0.3480843400277211,0.3480843400277211,0.3515651834279983,0.3515651834279983,0.45085843956216765,inactive
TEC_3mwof,LNDAGRPHLC03,13,vegetables,irrigated,low,inactive_unsupported_pair,1e-06,0.3528526186582378,0.3528526186582378,0.3528526186582378,0.3563811448448202,0.3563811448448202,0.45703458256986856,inactive
TEC_3mwof,LNDAGRPHLC03,14,rice_rain,rainfed,low,inactive_unsupported_pair,1e-06,0.1355581497017874,0.1391491326911813,0.1391491326911813,0.14134324334030504,0.14134324334030504,0.18126309753911374,inactive
TEC_3mwof,LNDAGRPHLC03,15,maize,rainfed,low,inactive_unsupported_pair,1e-06,0.17540458011814375,0.1782840541947778,0.1782840541947778,0.18462009873928334,0.18462009873928334,0.23676272154649786,inactive
TEC_3mwof,LNDAGRPHLC03,16,coconut,irrigated,high,active_observed_cost_system,99999,0.7530387056739289,0.7657203166396315,0.7593074421561395,0.7443282707196185,0.7843823880849824,0.90043484198631,FAO_BAU_2050_rebased_to_2020
TEC_3mwof,LNDAGRPHLC03,17,rice_irrig,irrigated,low,inactive_unsupported_pair,1e-06,0.2979330659172684,0.30113595602118176,0.30113595602118176,0.29776399668794806,0.29776399668794806,0.3818620763168303,inactive
TEC_3mwof,LNDAGRPHLC03,18,sugarcane,rainfed,low,inactive_unsupported_pair,1e-06,2.9511804370510695,3.0184734372386437,3.0184734372386437,2.2509559046351293,2.2509559046351293,2.8866978714770517,inactive
TEC_3mwof,LNDAGRPHLC03,19,rice_irrig,irrigated,high,active_observed_cost_system,99999,1.22010684137548,1.2332234389438872,1.233790491378318,1.2194144626268348,1.2885250913896693,1.5542392337917128,FAO_BAU_2050_rebased_to_2020
TEC_3mwof,LNDAGRPHLC03,20,coconut,rainfed,low,inactive_unsupported_pair,1e-06,0.21754451497246835,0.22120809147367132,0.22120809147367132,0.2150281670967787,0.2150281670967787,0.27575900131482106,inactive
TEC_3mwof,LNDAGRPHLC03,21,other,irrigated,low,inactive_unsupported_pair,1e-06,0.5062141200524497,0.5062141200524497,0.5062141200524497,0.5112762612529742,0.5112762612529742,0.6556770357236043,inactive
TEC_3mwof,LNDAGRPHLC03,22,other,irrigated,high,active_observed_cost_system,99999,1.1209026944018528,1.1209026944018528,1.1320778192463623,1.1321117213458713,1.1767783186244005,1.3609125080361657,FAO_BAU_2050_rebased_to_2020
TEC_3mwof,LNDAGRPHLC03,23,other,rainfed,low,inactive_unsupported_pair,1e-06,0.5062141200524497,0.5062141200524497,0.5062141200524497,0.5112762612529742,0.5112762612529742,0.6556770357236043,inactive
TEC_3mwof,LNDAGRPHLC03,24,other,rainfed,high,active_observed_cost_system,99999,1.1209026944018528,1.1209026944018528,1.1320778192463623,1.1321117213458713,1.1767783186244005,1.3609125080361657,FAO_BAU_2050_rebased_to_2020
TEC_ckkki,LNDAGRPHLC04,1,vegetables,rainfed,high,active_observed_cost_system,99999,1.3351180165446839,1.3351180165446839,1.3487328800059895,1.3484691967101308,1.4031923338512113,1.6932200315919568,FAO_BAU_2050_rebased_to_2020
TEC_ckkki,LNDAGRPHLC04,2,coconut,irrigated,low,inactive_unsupported_pair,1e-06,0.1171393542159445,0.11911204925505378,0.11911204925505378,0.11578439766749622,0.11578439766749622,0.14848561609259595,inactive
TEC_ckkki,LNDAGRPHLC04,3,sugarcane,rainfed,high,active_observed_cost_system,99999,10.71169195670388,10.95594062405137,10.794430982462364,8.170136246453431,11.125387085496284,12.386854446824394,FAO_BAU_2050_rebased_to_2020
TEC_ckkki,LNDAGRPHLC04,4,maize,rainfed,high,active_observed_cost_system,99999,0.4246637202860322,0.4316350785768305,0.43249726758135404,0.4469749758951071,0.4638314567626417,0.6424648207225094,FAO_BAU_2050_rebased_to_2020
TEC_ckkki,LNDAGRPHLC04,5,vegetables,irrigated,high,active_observed_cost_system,99999,1.382800802849851,1.382800802849851,1.3968954054488445,1.3966288108783496,1.453273815844818,1.753562069918177,FAO_BAU_2050_rebased_to_2020
TEC_ckkki,LNDAGRPHLC04,6,sugarcane,irrigated,high,active_observed_cost_system,99999,10.71169195670388,10.95594062405137,10.79974819963047,8.170136246453431,11.151973171336829,12.57184690912383,FAO_BAU_2050_rebased_to_2020
TEC_ckkki,LNDAGRPHLC04,7,maize,irrigated,low,inactive_unsupported_pair,1e-06,0.15694094010570758,0.1595173116479591,0.1595173116479591,0.16518640413514826,0.16518640413514826,0.21184032980476125,inactive
TEC_ckkki,LNDAGRPHLC04,8,coconut,rainfed,high,active_observed_cost_system,99999,0.5522283841608812,0.5615282322023963,0.556825457581169,0.5458407318610535,0.5752137512623204,0.6603188841232939,FAO_BAU_2050_rebased_to_2020
TEC_ckkki,LNDAGRPHLC04,9,sugarcane,irrigated,low,inactive_unsupported_pair,1e-06,3.3883923536512275,3.465654687199924,3.465654687199924,2.5844308534699634,2.5844308534699634,3.3143568153995777,inactive
TEC_ckkki,LNDAGRPHLC04,10,maize,irrigated,high,active_observed_cost_system,99999,0.4246637202860322,0.4316350785768305,0.43249726758135404,0.4469749758951071,0.4638314567626417,0.6424648207225094,FAO_BAU_2050_rebased_to_2020
TEC_ckkki,LNDAGRPHLC04,11,rice_rain,rainfed,high,active_observed_cost_system,99999,0.515120968866792,0.5287667042264889,0.5207051579049271,0.5371043246931592,0.5430419140574673,0.6489286188099048,FAO_BAU_2050_rebased_to_2020
TEC_ckkki,LNDAGRPHLC04,12,vegetables,rainfed,low,inactive_unsupported_pair,1e-06,0.20980425974273603,0.20980425974273603,0.20980425974273603,0.21190230234016338,0.21190230234016338,0.2717502923388408,inactive
TEC_ckkki,LNDAGRPHLC04,13,vegetables,irrigated,low,inactive_unsupported_pair,1e-06,0.20980425974273603,0.20980425974273603,0.20980425974273603,0.21190230234016338,0.21190230234016338,0.2717502923388408,inactive
TEC_ckkki,LNDAGRPHLC04,14,rice_rain,rainfed,low,inactive_unsupported_pair,1e-06,0.128780242216698,0.13219167605662221,0.13219167605662221,0.1342760811732898,0.1342760811732898,0.17219994266215805,inactive
TEC_ckkki,LNDAGRPHLC04,15,maize,rainfed,low,inactive_unsupported_pair,1e-06,0.1384773000932714,0.14075056910114037,0.14075056910114037,0.14575270953101319,0.14575270953101319,0.18691793806302462,inactive
TEC_ckkki,LNDAGRPHLC04,16,coconut,irrigated,high,active_observed_cost_system,99999,0.5522283841608812,0.5615282322023963,0.556825457581169,0.5458407318610535,0.5752137512623204,0.6603188841232939,FAO_BAU_2050_rebased_to_2020
TEC_ckkki,LNDAGRPHLC04,17,rice_irrig,irrigated,low,inactive_unsupported_pair,1e-06,0.2837457770640652,0.2867961485916017,0.2867961485916017,0.2835847587504267,0.2835847587504267,0.3636781679207907,inactive
TEC_ckkki,LNDAGRPHLC04,18,sugarcane,rainfed,low,inactive_unsupported_pair,1e-06,3.3883923536512275,3.465654687199924,3.465654687199924,2.5844308534699634,2.5844308534699634,3.3143568153995777,inactive
TEC_ckkki,LNDAGRPHLC04,19,rice_irrig,irrigated,high,active_observed_cost_system,99999,1.1349831082562607,1.1471845943664067,1.1477120850030866,1.1343390350017069,1.1986279919903902,1.4458039384108958,FAO_BAU_2050_rebased_to_2020
TEC_ckkki,LNDAGRPHLC04,20,coconut,rainfed,low,inactive_unsupported_pair,1e-06,0.1171393542159445,0.11911204925505378,0.11911204925505378,0.11578439766749622,0.11578439766749622,0.14848561609259595,inactive
TEC_ckkki,LNDAGRPHLC04,21,other,irrigated,low,inactive_unsupported_pair,1e-06,0.43389781718781395,0.43389781718781395,0.43389781718781395,0.4382367953596921,0.4382367953596921,0.5620088877630893,inactive
TEC_ckkki,LNDAGRPHLC04,22,other,irrigated,high,active_observed_cost_system,99999,1.1751399215503295,1.1751399215503295,1.186855778242154,1.186891320765833,1.2337192050094523,1.4267631132637222,FAO_BAU_2050_rebased_to_2020
TEC_ckkki,LNDAGRPHLC04,23,other,rainfed,low,inactive_unsupported_pair,1e-06,0.43389781718781395,0.43389781718781395,0.43389781718781395,0.4382367953596921,0.4382367953596921,0.5620088877630893,inactive
TEC_ckkki,LNDAGRPHLC04,24,other,rainfed,high,active_observed_cost_system,99999,1.1751399215503295,1.1751399215503295,1.186855778242154,1.186891320765833,1.2337192050094523,1.4267631132637222,FAO_BAU_2050_rebased_to_2020
TEC_1ky0a,LNDAGRPHLC05,1,vegetables,rainfed,high,active_observed_cost_system,99999,1.716580306986022,1.716580306986022,1.7340851314362722,1.7337461100558822,1.8041044292372717,2.1769971834753727,FAO_BAU_2050_rebased_to_2020
TEC_1ky0a,LNDAGRPHLC05,2,coconut,irrigated,low,inactive_unsupported_pair,1e-06,0.234278708431889,0.23822409851010756,0.23822409851010756,0.23156879533499244,0.23156879533499244,0.2969712321851919,inactive
TEC_1ky0a,LNDAGRPHLC05,3,sugarcane,rainfed,high,active_observed_cost_system,99999,8.416329394553049,8.60823906175465,8.481338629077571,6.419392765070554,8.741375567175652,9.732528493933453,FAO_BAU_2050_rebased_to_2020
TEC_1ky0a,LNDAGRPHLC05,4,maize,rainfed,high,active_observed_cost_system,99999,0.5077501003419951,0.5160854200375147,0.5171162981950973,0.534426601613715,0.5545810896075064,0.7681644595595222,FAO_BAU_2050_rebased_to_2020
TEC_1ky0a,LNDAGRPHLC05,5,vegetables,irrigated,high,active_observed_cost_system,99999,1.859628665901524,1.859628665901524,1.8785834762932738,1.8782249525605392,1.9544027178602728,2.3582386457520315,FAO_BAU_2050_rebased_to_2020
TEC_1ky0a,LNDAGRPHLC05,6,sugarcane,irrigated,high,active_observed_cost_system,99999,8.416329394553049,8.60823906175465,8.485516442566798,6.419392765070554,8.762264634621795,9.87787971431158,FAO_BAU_2050_rebased_to_2020
TEC_1ky0a,LNDAGRPHLC05,7,maize,irrigated,low,inactive_unsupported_pair,1e-06,0.2123318601430161,0.21581753928841524,0.21581753928841524,0.22348748794755355,0.22348748794755355,0.2866075050299711,inactive
TEC_1ky0a,LNDAGRPHLC05,8,coconut,rainfed,high,active_observed_cost_system,99999,0.7865070925927701,0.7997523307125038,0.7930544395853012,0.777409527196046,0.8192438275554259,0.9404541682968124,FAO_BAU_2050_rebased_to_2020
TEC_1ky0a,LNDAGRPHLC05,9,sugarcane,irrigated,low,inactive_unsupported_pair,1e-06,3.1697863953511485,3.2420640622192836,3.2420640622192836,2.417693379052546,2.417693379052546,3.1005273434383147,inactive
TEC_1ky0a,LNDAGRPHLC05,10,maize,irrigated,high,active_observed_cost_system,99999,0.5169819203482132,0.525468791310924,0.5265184127077355,0.5441434489157826,0.5646643821458248,0.782131086096968,FAO_BAU_2050_rebased_to_2020
TEC_1ky0a,LNDAGRPHLC05,11,rice_rain,rainfed,high,active_observed_cost_system,99999,0.5354546913220601,0.5496390741301661,0.5412593088748585,0.5583058111942049,0.5644777790860516,0.6745442221839799,FAO_BAU_2050_rebased_to_2020
TEC_1ky0a,LNDAGRPHLC05,12,vegetables,rainfed,low,inactive_unsupported_pair,1e-06,0.7152417945775091,0.7152417945775091,0.7152417945775091,0.7223942125232843,0.7223942125232843,0.9264214511551391,inactive
TEC_1ky0a,LNDAGRPHLC05,13,vegetables,irrigated,low,inactive_unsupported_pair,1e-06,0.7152417945775091,0.7152417945775091,0.7152417945775091,0.7223942125232843,0.7223942125232843,0.9264214511551391,inactive
TEC_1ky0a,LNDAGRPHLC05,14,rice_rain,rainfed,low,inactive_unsupported_pair,1e-06,0.16944768712723424,0.17393641586397662,0.17393641586397662,0.1766790541753813,0.1766790541753813,0.22657887192389217,inactive
TEC_1ky0a,LNDAGRPHLC05,15,maize,rainfed,low,inactive_unsupported_pair,1e-06,0.20310004013679803,0.2064341680150059,0.2064341680150059,0.213770640645486,0.213770640645486,0.2741463091591028,inactive
TEC_1ky0a,LNDAGRPHLC05,16,coconut,irrigated,high,active_observed_cost_system,99999,0.7865070925927701,0.7997523307125038,0.7930544395853012,0.777409527196046,0.8192438275554259,0.9404541682968124,FAO_BAU_2050_rebased_to_2020
TEC_1ky0a,LNDAGRPHLC05,17,rice_irrig,irrigated,low,inactive_unsupported_pair,1e-06,0.39724408788969123,0.4015146080282424,0.4015146080282424,0.39701866225059745,0.39701866225059745,0.509149435089107,inactive
TEC_1ky0a,LNDAGRPHLC05,18,sugarcane,rainfed,low,inactive_unsupported_pair,1e-06,3.1697863953511485,3.2420640622192836,3.2420640622192836,2.417693379052546,2.417693379052546,3.1005273434383147,inactive
TEC_1ky0a,LNDAGRPHLC05,19,rice_irrig,irrigated,high,active_observed_cost_system,99999,1.2768559967882933,1.2905826686622077,1.2911760956284724,1.2761314143769202,1.348456490989189,1.626529430712258,FAO_BAU_2050_rebased_to_2020
TEC_1ky0a,LNDAGRPHLC05,20,coconut,rainfed,low,inactive_unsupported_pair,1e-06,0.234278708431889,0.23822409851010756,0.23822409851010756,0.23156879533499244,0.23156879533499244,0.2969712321851919,inactive
TEC_1ky0a,LNDAGRPHLC05,21,other,irrigated,low,inactive_unsupported_pair,1e-06,0.5785304229170852,0.5785304229170852,0.5785304229170852,0.5843157271462561,0.5843157271462561,0.7493451836841191,inactive
TEC_1ky0a,LNDAGRPHLC05,22,other,irrigated,high,active_observed_cost_system,99999,1.0305073158210583,1.0305073158210583,1.0407812209200429,1.0408123889792686,1.0818768413159814,1.2511614993235718,FAO_BAU_2050_rebased_to_2020
TEC_1ky0a,LNDAGRPHLC05,23,other,rainfed,low,inactive_unsupported_pair,1e-06,0.5785304229170852,0.5785304229170852,0.5785304229170852,0.5843157271462561,0.5843157271462561,0.7493451836841191,inactive
TEC_1ky0a,LNDAGRPHLC05,24,other,rainfed,high,active_observed_cost_system,99999,1.0305073158210583,1.0305073158210583,1.0407812209200429,1.0408123889792686,1.0818768413159814,1.2511614993235718,FAO_BAU_2050_rebased_to_2020
TEC_oeqz2,LNDAGRPHLC06,1,vegetables,rainfed,high,active_observed_cost_system,99999,2.1457253837325276,2.1457253837325276,2.1676064142953404,2.167182637569853,2.2551305365465897,2.721246479344216,FAO_BAU_2050_rebased_to_2020
TEC_oeqz2,LNDAGRPHLC06,2,coconut,irrigated,low,inactive_unsupported_pair,1e-06,0.09371148337275559,0.09528963940404302,0.09528963940404302,0.09262751813399697,0.09262751813399697,0.11878849287407675,inactive
TEC_oeqz2,LNDAGRPHLC06,3,sugarcane,rainfed,high,active_observed_cost_system,99999,10.493085998403801,10.732349999070731,10.574136472616193,8.003398772036014,10.898338369465746,12.134061498930018,FAO_BAU_2050_rebased_to_2020
TEC_oeqz2,LNDAGRPHLC06,4,maize,rainfed,high,active_observed_cost_system,99999,0.5446773803668674,0.5536189051311521,0.5547247562456498,0.5732939908219851,0.5949142597607796,0.8240309657093056,FAO_BAU_2050_rebased_to_2020
TEC_oeqz2,LNDAGRPHLC06,5,vegetables,irrigated,high,active_observed_cost_system,99999,2.241090956342862,2.241090956342862,2.263933932968817,2.263501865906291,2.3553058394726363,2.8419799064191147,FAO_BAU_2050_rebased_to_2020
TEC_oeqz2,LNDAGRPHLC06,6,sugarcane,irrigated,high,active_observed_cost_system,99999,10.493085998403801,10.732349999070731,10.579345175148216,8.003398772036014,10.924381882125873,12.315278604855996,FAO_BAU_2050_rebased_to_2020
TEC_oeqz2,LNDAGRPHLC06,7,maize,irrigated,low,inactive_unsupported_pair,1e-06,0.2123318601430161,0.21581753928841524,0.21581753928841524,0.22348748794755355,0.22348748794755355,0.2866075050299711,inactive
TEC_oeqz2,LNDAGRPHLC06,8,coconut,rainfed,high,active_observed_cost_system,99999,0.48529161032319856,0.4934642040566513,0.4893314627228454,0.4796782189081985,0.5054908723214331,0.5802802315022885,FAO_BAU_2050_rebased_to_2020
TEC_oeqz2,LNDAGRPHLC06,9,sugarcane,irrigated,low,inactive_unsupported_pair,1e-06,3.606998311951307,3.689245312180564,3.689245312180564,2.75116832788738,2.75116832788738,3.528186287360841,inactive
TEC_oeqz2,LNDAGRPHLC06,10,maize,irrigated,high,active_observed_cost_system,99999,0.5539092003730856,0.5630022764045615,0.5641268707582879,0.5830108381240527,0.6049975522990979,0.8379975922467514,FAO_BAU_2050_rebased_to_2020
TEC_oeqz2,LNDAGRPHLC06,11,rice_rain,rainfed,high,active_observed_cost_system,99999,0.5557884137773282,0.5705114440338432,0.5618134598447898,0.5795072976952506,0.5859136441146358,0.7001598255580551,FAO_BAU_2050_rebased_to_2020
TEC_oeqz2,LNDAGRPHLC06,12,vegetables,rainfed,low,inactive_unsupported_pair,1e-06,0.7629245808826765,0.7629245808826765,0.7629245808826765,0.7705538266915032,0.7705538266915032,0.9881828812321484,inactive
TEC_oeqz2,LNDAGRPHLC06,13,vegetables,irrigated,low,inactive_unsupported_pair,1e-06,0.8106073671878438,0.8106073671878438,0.8106073671878438,0.8187134408597222,0.8187134408597222,1.0499443113091578,inactive
TEC_oeqz2,LNDAGRPHLC06,14,rice_rain,rainfed,low,inactive_unsupported_pair,1e-06,0.16266977964214485,0.16697895922941755,0.16697895922941755,0.16961189200836602,0.16961189200836602,0.21751571704693648,inactive
TEC_oeqz2,LNDAGRPHLC06,15,maize,rainfed,low,inactive_unsupported_pair,1e-06,0.20310004013679803,0.2064341680150059,0.2064341680150059,0.213770640645486,0.213770640645486,0.2741463091591028,inactive
TEC_oeqz2,LNDAGRPHLC06,16,coconut,irrigated,high,active_observed_cost_system,99999,0.48529161032319856,0.4934642040566513,0.4893314627228454,0.4796782189081985,0.5054908723214331,0.5802802315022885,FAO_BAU_2050_rebased_to_2020
TEC_oeqz2,LNDAGRPHLC06,17,rice_irrig,irrigated,low,inactive_unsupported_pair,1e-06,0.36886951018328473,0.37283499316908225,0.37283499316908225,0.36866018637555475,0.36866018637555475,0.47278161829702803,inactive
TEC_oeqz2,LNDAGRPHLC06,18,sugarcane,rainfed,low,inactive_unsupported_pair,1e-06,3.606998311951307,3.689245312180564,3.689245312180564,2.75116832788738,2.75116832788738,3.528186287360841,inactive
TEC_oeqz2,LNDAGRPHLC06,19,rice_irrig,irrigated,high,active_observed_cost_system,99999,1.2768559967882933,1.2905826686622077,1.2911760956284724,1.2761314143769202,1.348456490989189,1.626529430712258,FAO_BAU_2050_rebased_to_2020
TEC_oeqz2,LNDAGRPHLC06,20,coconut,rainfed,low,inactive_unsupported_pair,1e-06,0.09371148337275559,0.09528963940404302,0.09528963940404302,0.09262751813399697,0.09262751813399697,0.11878849287407675,inactive
TEC_oeqz2,LNDAGRPHLC06,21,other,irrigated,low,inactive_unsupported_pair,1e-06,0.5785304229170852,0.5785304229170852,0.5785304229170852,0.5843157271462561,0.5843157271462561,0.7493451836841191,inactive
TEC_oeqz2,LNDAGRPHLC06,22,other,irrigated,high,active_observed_cost_system,99999,1.1389817701180118,1.1389817701180118,1.1503371389116264,1.1503715878191918,1.1957586140860847,1.3828627097786848,FAO_BAU_2050_rebased_to_2020
TEC_oeqz2,LNDAGRPHLC06,23,other,rainfed,low,inactive_unsupported_pair,1e-06,0.5785304229170852,0.5785304229170852,0.5785304229170852,0.5843157271462561,0.5843157271462561,0.7493451836841191,inactive
TEC_oeqz2,LNDAGRPHLC06,24,other,rainfed,high,active_observed_cost_system,99999,1.1389817701180118,1.1389817701180118,1.1503371389116264,1.1503715878191918,1.1957586140860847,1.3828627097786848,FAO_BAU_2050_rebased_to_2020
TEC_72dqm,LNDAGRPHLC07,1,vegetables,rainfed,high,active_observed_cost_system,99999,1.9549942385118584,1.9549942385118584,1.974930288580199,1.974544180896977,2.0546744888535593,2.4793579034025077,FAO_BAU_2050_rebased_to_2020
TEC_72dqm,LNDAGRPHLC07,2,coconut,irrigated,low,inactive_unsupported_pair,1e-06,0.18407612805362705,0.18717607740079878,0.18717607740079878,0.18194691062035118,0.18194691062035118,0.23333453957407932,inactive
TEC_72dqm,LNDAGRPHLC07,3,sugarcane,rainfed,high,active_observed_cost_system,99999,6.1209668324022175,6.260537499457927,6.16824627569278,4.668649283687675,6.357364048855019,7.078202541042511,FAO_BAU_2050_rebased_to_2020
TEC_72dqm,LNDAGRPHLC07,4,maize,rainfed,high,active_observed_cost_system,99999,0.7662410605161015,0.7788198156929766,0.7803755045489649,0.8064983260716062,0.8369132806804187,1.159230002608006,FAO_BAU_2050_rebased_to_2020
TEC_72dqm,LNDAGRPHLC07,5,vegetables,irrigated,high,active_observed_cost_system,99999,2.2887737426480292,2.2887737426480292,2.31210274005326,2.3116614800745094,2.4054187296741816,2.9024475640025,FAO_BAU_2050_rebased_to_2020
TEC_72dqm,LNDAGRPHLC07,6,sugarcane,irrigated,high,active_observed_cost_system,99999,6.1209668324022175,6.260537499457927,6.171284685503126,4.668649283687675,6.3725560979067595,7.183912519499331,FAO_BAU_2050_rebased_to_2020
TEC_72dqm,LNDAGRPHLC07,7,maize,irrigated,low,inactive_unsupported_pair,1e-06,0.22156368014923422,0.2252009105618246,0.2252009105618246,0.2332043352496211,0.2332043352496211,0.2990687009008394,inactive
TEC_72dqm,LNDAGRPHLC07,8,coconut,rainfed,high,active_observed_cost_system,99999,0.5187599972420399,0.5274962181295239,0.5230784601520072,0.5127594753846261,0.5403523117918768,0.6202995578127912,FAO_BAU_2050_rebased_to_2020
TEC_72dqm,LNDAGRPHLC07,9,sugarcane,irrigated,low,inactive_unsupported_pair,1e-06,3.1697863953511485,3.2420640622192836,3.2420640622192836,2.417693379052546,2.417693379052546,3.1005273434383147,inactive
TEC_72dqm,LNDAGRPHLC07,10,maize,irrigated,high,active_observed_cost_system,99999,0.8493274405720644,0.863270157153661,0.8649945351627081,0.8939499517902142,0.9276629135252834,1.2849296414450189,FAO_BAU_2050_rebased_to_2020
TEC_72dqm,LNDAGRPHLC07,11,rice_rain,rainfed,high,active_observed_cost_system,99999,0.5218988763518815,0.535724160861048,0.5275565415615711,0.5441714868601744,0.5501872024003288,0.6574671532679299,FAO_BAU_2050_rebased_to_2020
TEC_72dqm,LNDAGRPHLC07,12,vegetables,rainfed,low,inactive_unsupported_pair,1e-06,0.7152417945775091,0.7152417945775091,0.7152417945775091,0.7223942125232843,0.7223942125232843,0.9264214511551391,inactive
TEC_72dqm,LNDAGRPHLC07,13,vegetables,irrigated,low,inactive_unsupported_pair,1e-06,0.9059729397981782,0.9059729397981782,0.9059729397981782,0.91503266919616,0.91503266919616,1.1734671714631761,inactive
TEC_72dqm,LNDAGRPHLC07,14,rice_rain,rainfed,low,inactive_unsupported_pair,1e-06,0.16266977964214485,0.16697895922941755,0.16697895922941755,0.16961189200836602,0.16961189200836602,0.21751571704693648,inactive
TEC_72dqm,LNDAGRPHLC07,15,maize,rainfed,low,inactive_unsupported_pair,1e-06,0.2123318601430161,0.21581753928841524,0.21581753928841524,0.22348748794755355,0.22348748794755355,0.2866075050299711,inactive
TEC_72dqm,LNDAGRPHLC07,16,coconut,irrigated,high,active_observed_cost_system,99999,0.5187599972420399,0.5274962181295239,0.5230784601520072,0.5127594753846261,0.5403523117918768,0.6202995578127912,FAO_BAU_2050_rebased_to_2020
TEC_72dqm,LNDAGRPHLC07,17,rice_irrig,irrigated,low,inactive_unsupported_pair,1e-06,0.4114313767428945,0.4158544154578224,0.4158544154578224,0.41119790018811875,0.41119790018811875,0.5273333434851465,inactive
TEC_72dqm,LNDAGRPHLC07,18,sugarcane,rainfed,low,inactive_unsupported_pair,1e-06,3.1697863953511485,3.2420640622192836,3.2420640622192836,2.417693379052546,2.417693379052546,3.1005273434383147,inactive
TEC_72dqm,LNDAGRPHLC07,19,rice_irrig,irrigated,high,active_observed_cost_system,99999,1.2910432856414964,1.3049224760917877,1.3055224966910108,1.2903106523144416,1.3634393408890686,1.6446019799423939,FAO_BAU_2050_rebased_to_2020
TEC_72dqm,LNDAGRPHLC07,20,coconut,rainfed,low,inactive_unsupported_pair,1e-06,0.18407612805362705,0.18717607740079878,0.18717607740079878,0.18194691062035118,0.18194691062035118,0.23333453957407932,inactive
TEC_72dqm,LNDAGRPHLC07,21,other,irrigated,low,inactive_unsupported_pair,1e-06,0.5423722714847675,0.5423722714847675,0.5423722714847675,0.5477959941996151,0.5477959941996151,0.7025111097038617,inactive
TEC_72dqm,LNDAGRPHLC07,22,other,irrigated,high,active_observed_cost_system,99999,0.7774002557948334,0.7774002557948334,0.7851507456063481,0.7851742583527817,0.8161527048524069,0.9438586749283085,FAO_BAU_2050_rebased_to_2020
TEC_72dqm,LNDAGRPHLC07,23,other,rainfed,low,inactive_unsupported_pair,1e-06,0.5423722714847675,0.5423722714847675,0.5423722714847675,0.5477959941996151,0.5477959941996151,0.7025111097038617,inactive
TEC_72dqm,LNDAGRPHLC07,24,other,rainfed,high,active_observed_cost_system,99999,0.7774002557948334,0.7774002557948334,0.7851507456063481,0.7851742583527817,0.8161527048524069,0.9438586749283085,FAO_BAU_2050_rebased_to_2020
TEC_xaiae,LNDAGRPHLC08,1,vegetables,rainfed,high,active_observed_cost_system,99999,0.7152417945775091,0.7152417945775091,0.72253547143178,0.7223942125232843,0.7517101788488632,0.9070821597814053,FAO_BAU_2050_rebased_to_2020
TEC_xaiae,LNDAGRPHLC08,2,coconut,irrigated,low,inactive_unsupported_pair,1e-06,0.234278708431889,0.23822409851010756,0.23822409851010756,0.23156879533499244,0.23156879533499244,0.2969712321851919,inactive
TEC_xaiae,LNDAGRPHLC08,3,sugarcane,rainfed,high,active_observed_cost_system,99999,8.74423833200317,8.94362499922561,8.81178039384683,6.66949897669668,9.081948641221457,10.111717915775017,FAO_BAU_2050_rebased_to_2020
TEC_xaiae,LNDAGRPHLC08,4,maize,rainfed,high,active_observed_cost_system,99999,0.3692728002487237,0.37533485093637436,0.37608458050552535,0.38867389208270187,0.403331701532732,0.5586650614978343,FAO_BAU_2050_rebased_to_2020
TEC_xaiae,LNDAGRPHLC08,5,vegetables,irrigated,high,active_observed_cost_system,99999,0.7152417945775091,0.7152417945775091,0.7225321062666437,0.7223942125232843,0.7516933530231817,0.9070148637507812,FAO_BAU_2050_rebased_to_2020
TEC_xaiae,LNDAGRPHLC08,6,sugarcane,irrigated,high,active_observed_cost_system,99999,8.74423833200317,8.94362499922561,8.816120979290181,6.66949897669668,9.103651568438229,10.262732170713331,FAO_BAU_2050_rebased_to_2020
TEC_xaiae,LNDAGRPHLC08,7,maize,irrigated,low,inactive_unsupported_pair,1e-06,0.14770912009948947,0.15013394037454972,0.15013394037454972,0.15546955683308072,0.15546955683308072,0.19937913393389292,inactive
TEC_xaiae,LNDAGRPHLC08,8,coconut,rainfed,high,active_observed_cost_system,99999,0.6358993514579844,0.6466082673845777,0.6411929511540734,0.6285438730521222,0.6623673499384295,0.7603671998995505,FAO_BAU_2050_rebased_to_2020
TEC_xaiae,LNDAGRPHLC08,9,sugarcane,irrigated,low,inactive_unsupported_pair,1e-06,2.9511804370510695,3.0184734372386437,3.0184734372386437,2.2509559046351293,2.2509559046351293,2.8866978714770517,inactive
TEC_xaiae,LNDAGRPHLC08,10,maize,irrigated,high,active_observed_cost_system,99999,0.3692728002487237,0.37533485093637436,0.37608458050552535,0.38867389208270187,0.403331701532732,0.5586650614978343,FAO_BAU_2050_rebased_to_2020
TEC_xaiae,LNDAGRPHLC08,11,rice_rain,rainfed,high,active_observed_cost_system,99999,0.440563986530809,0.4522346812463392,0.44533993768184565,0.45936554085599135,0.46444374228599183,0.5550047397716291,FAO_BAU_2050_rebased_to_2020
TEC_xaiae,LNDAGRPHLC08,12,vegetables,rainfed,low,inactive_unsupported_pair,1e-06,0.018119458795963567,0.018119458795963567,0.018119458795963567,0.018300653383923202,0.018300653383923202,0.023469343429263524,inactive
TEC_xaiae,LNDAGRPHLC08,13,vegetables,irrigated,low,inactive_unsupported_pair,1e-06,0.018119458795963567,0.018119458795963567,0.018119458795963567,0.018300653383923202,0.018300653383923202,0.023469343429263524,inactive
TEC_xaiae,LNDAGRPHLC08,14,rice_rain,rainfed,low,inactive_unsupported_pair,1e-06,0.12200233473160864,0.12523421942206317,0.12523421942206317,0.1272089190062745,0.1272089190062745,0.16313678778520235,inactive
TEC_xaiae,LNDAGRPHLC08,15,maize,rainfed,low,inactive_unsupported_pair,1e-06,0.1384773000932714,0.14075056910114037,0.14075056910114037,0.14575270953101319,0.14575270953101319,0.18691793806302462,inactive
TEC_xaiae,LNDAGRPHLC08,16,coconut,irrigated,high,active_observed_cost_system,99999,0.6358993514579844,0.6466082673845777,0.6411929511540734,0.6285438730521222,0.6623673499384295,0.7603671998995505,FAO_BAU_2050_rebased_to_2020
TEC_xaiae,LNDAGRPHLC08,17,rice_irrig,irrigated,low,inactive_unsupported_pair,1e-06,0.2695584882108619,0.2724563411620216,0.2724563411620216,0.2694055208129054,0.2694055208129054,0.3454942595247512,inactive
TEC_xaiae,LNDAGRPHLC08,18,sugarcane,rainfed,low,inactive_unsupported_pair,1e-06,2.9511804370510695,3.0184734372386437,3.0184734372386437,2.2509559046351293,2.2509559046351293,2.8866978714770517,inactive
TEC_xaiae,LNDAGRPHLC08,19,rice_irrig,irrigated,high,active_observed_cost_system,99999,0.9363610643114151,0.9464272903522857,0.9468624701275464,0.9358297038764082,0.9888680933920719,1.1927882491889892,FAO_BAU_2050_rebased_to_2020
TEC_xaiae,LNDAGRPHLC08,20,coconut,rainfed,low,inactive_unsupported_pair,1e-06,0.234278708431889,0.23822409851010756,0.23822409851010756,0.23156879533499244,0.23156879533499244,0.2969712321851919,inactive
TEC_xaiae,LNDAGRPHLC08,21,other,irrigated,low,inactive_unsupported_pair,1e-06,0.3977396657554962,0.3977396657554962,0.3977396657554962,0.4017170624130511,0.4017170624130511,0.5151748137828319,inactive
TEC_xaiae,LNDAGRPHLC08,22,other,irrigated,high,active_observed_cost_system,99999,1.1209026944018528,1.1209026944018528,1.1320778192463623,1.1321117213458713,1.1767783186244005,1.3609125080361657,FAO_BAU_2050_rebased_to_2020
TEC_xaiae,LNDAGRPHLC08,23,other,rainfed,low,inactive_unsupported_pair,1e-06,0.3977396657554962,0.3977396657554962,0.3977396657554962,0.4017170624130511,0.4017170624130511,0.5151748137828319,inactive
TEC_xaiae,LNDAGRPHLC08,24,other,rainfed,high,active_observed_cost_system,99999,1.1209026944018528,1.1209026944018528,1.1320778192463623,1.1321117213458713,1.1767783186244005,1.3609125080361657,FAO_BAU_2050_rebased_to_2020
