REGION,TECHNOLOGY,YEAR,VALUE
GLOBAL,PWRBIOPHLXX01,2020,45.5
GLOBAL,PWRBIOPHLXX01,2021,45.5
GLOBAL,PWRBIOPHLXX01,2022,45.5
GLOBAL,PWRBIOPHLXX01,2023,45.5
GLOBAL,PWRBIOPHLXX01,2024,45.5
GLOBAL,PWRBIOPHLXX01,2025,45.5
GLOBAL,PWRBIOPHLXX01,2026,45.5
GLOBAL,PWRBIOPHLXX01,2027,45.5
GLOBAL,PWRBIOPHLXX01,2028,45.5
GLOBAL,PWRBIOPHLXX01,2029,45.5
GLOBAL,PWRBIOPHLXX01,2030,45.5
GLOBAL,PWRBIOPHLXX01,2031,44.91
GLOBAL,PWRBIOPHLXX01,2032,44.32
GLOBAL,PWRBIOPHLXX01,2033,43.73
GLOBAL,PWRBIOPHLXX01,2034,43.14
GLOBAL,PWRBIOPHLXX01,2035,42.55
GLOBAL,PWRBIOPHLXX01,2036,41.96
GLOBAL,PWRBIOPHLXX01,2037,41.37
GLOBAL,PWRBIOPHLXX01,2038,40.78
GLOBAL,PWRBIOPHLXX01,2039,40.19
GLOBAL,PWRBIOPHLXX01,2040,39.6
GLOBAL,PWRBIOPHLXX01,2041,39.6
GLOBAL,PWRBIOPHLXX01,2042,39.6
GLOBAL,PWRBIOPHLXX01,2043,39.6
GLOBAL,PWRBIOPHLXX01,2044,39.6
GLOBAL,PWRBIOPHLXX01,2045,39.6
GLOBAL,PWRBIOPHLXX01,2046,39.6
GLOBAL,PWRBIOPHLXX01,2047,39.6
GLOBAL,PWRBIOPHLXX01,2048,39.6
GLOBAL,PWRBIOPHLXX01,2049,39.6
GLOBAL,PWRBIOPHLXX01,2050,39.6
GLOBAL,PWRBIOPHLXX01,2051,39.6
GLOBAL,PWRBIOPHLXX01,2052,39.6
GLOBAL,PWRBIOPHLXX01,2053,39.6
GLOBAL,PWRCCGPHLXX00,2020,25.65
GLOBAL,PWRCCGPHLXX00,2021,25.65
GLOBAL,PWRCCGPHLXX00,2022,25.65
GLOBAL,PWRCCGPHLXX00,2023,25.65
GLOBAL,PWRCCGPHLXX00,2024,25.65
GLOBAL,PWRCCGPHLXX00,2025,25.65
GLOBAL,PWRCCGPHLXX00,2026,25.65
GLOBAL,PWRCCGPHLXX00,2027,25.65
GLOBAL,PWRCCGPHLXX00,2028,25.65
GLOBAL,PWRCCGPHLXX00,2029,25.65
GLOBAL,PWRCCGPHLXX00,2030,25.65
GLOBAL,PWRCCGPHLXX00,2031,25.59
GLOBAL,PWRCCGPHLXX00,2032,25.53
GLOBAL,PWRCCGPHLXX00,2033,25.47
GLOBAL,PWRCCGPHLXX00,2034,25.41
GLOBAL,PWRCCGPHLXX00,2035,25.35
GLOBAL,PWRCCGPHLXX00,2036,25.29
GLOBAL,PWRCCGPHLXX00,2037,25.23
GLOBAL,PWRCCGPHLXX00,2038,25.17
GLOBAL,PWRCCGPHLXX00,2039,25.11
GLOBAL,PWRCCGPHLXX00,2040,25.05
GLOBAL,PWRCCGPHLXX00,2041,25.05
GLOBAL,PWRCCGPHLXX00,2042,25.05
GLOBAL,PWRCCGPHLXX00,2043,25.05
GLOBAL,PWRCCGPHLXX00,2044,25.05
GLOBAL,PWRCCGPHLXX00,2045,25.05
GLOBAL,PWRCCGPHLXX00,2046,25.05
GLOBAL,PWRCCGPHLXX00,2047,25.05
GLOBAL,PWRCCGPHLXX00,2048,25.05
GLOBAL,PWRCCGPHLXX00,2049,25.05
GLOBAL,PWRCCGPHLXX00,2050,25.05
GLOBAL,PWRCCGPHLXX00,2051,25.05
GLOBAL,PWRCCGPHLXX00,2052,25.05
GLOBAL,PWRCCGPHLXX00,2053,25.05
GLOBAL,PWRCCGPHLXX01,2020,25.65
GLOBAL,PWRCCGPHLXX01,2021,25.65
GLOBAL,PWRCCGPHLXX01,2022,25.65
GLOBAL,PWRCCGPHLXX01,2023,25.65
GLOBAL,PWRCCGPHLXX01,2024,25.65
GLOBAL,PWRCCGPHLXX01,2025,25.65
GLOBAL,PWRCCGPHLXX01,2026,25.65
GLOBAL,PWRCCGPHLXX01,2027,25.65
GLOBAL,PWRCCGPHLXX01,2028,25.65
GLOBAL,PWRCCGPHLXX01,2029,25.65
GLOBAL,PWRCCGPHLXX01,2030,25.65
GLOBAL,PWRCCGPHLXX01,2031,25.59
GLOBAL,PWRCCGPHLXX01,2032,25.53
GLOBAL,PWRCCGPHLXX01,2033,25.47
GLOBAL,PWRCCGPHLXX01,2034,25.41
GLOBAL,PWRCCGPHLXX01,2035,25.35
GLOBAL,PWRCCGPHLXX01,2036,25.29
GLOBAL,PWRCCGPHLXX01,2037,25.23
GLOBAL,PWRCCGPHLXX01,2038,25.17
GLOBAL,PWRCCGPHLXX01,2039,25.11
GLOBAL,PWRCCGPHLXX01,2040,25.05
GLOBAL,PWRCCGPHLXX01,2041,25.05
GLOBAL,PWRCCGPHLXX01,2042,25.05
GLOBAL,PWRCCGPHLXX01,2043,25.05
GLOBAL,PWRCCGPHLXX01,2044,25.05
GLOBAL,PWRCCGPHLXX01,2045,25.05
GLOBAL,PWRCCGPHLXX01,2046,25.05
GLOBAL,PWRCCGPHLXX01,2047,25.05
GLOBAL,PWRCCGPHLXX01,2048,25.05
GLOBAL,PWRCCGPHLXX01,2049,25.05
GLOBAL,PWRCCGPHLXX01,2050,25.05
GLOBAL,PWRCCGPHLXX01,2051,25.05
GLOBAL,PWRCCGPHLXX01,2052,25.05
GLOBAL,PWRCCGPHLXX01,2053,25.05
GLOBAL,PWRCCSPHLXX01,2020,82.05
GLOBAL,PWRCCSPHLXX01,2021,82.05
GLOBAL,PWRCCSPHLXX01,2022,82.05
GLOBAL,PWRCCSPHLXX01,2023,82.05
GLOBAL,PWRCCSPHLXX01,2024,82.05
GLOBAL,PWRCCSPHLXX01,2025,82.05
GLOBAL,PWRCCSPHLXX01,2026,82.05
GLOBAL,PWRCCSPHLXX01,2027,82.05
GLOBAL,PWRCCSPHLXX01,2028,82.05
GLOBAL,PWRCCSPHLXX01,2029,82.05
GLOBAL,PWRCCSPHLXX01,2030,82.05
GLOBAL,PWRCCSPHLXX01,2031,81.88
GLOBAL,PWRCCSPHLXX01,2032,81.71
GLOBAL,PWRCCSPHLXX01,2033,81.54
GLOBAL,PWRCCSPHLXX01,2034,81.37
GLOBAL,PWRCCSPHLXX01,2035,81.2
GLOBAL,PWRCCSPHLXX01,2036,81.03
GLOBAL,PWRCCSPHLXX01,2037,80.86
GLOBAL,PWRCCSPHLXX01,2038,80.69
GLOBAL,PWRCCSPHLXX01,2039,80.52
GLOBAL,PWRCCSPHLXX01,2040,80.35
GLOBAL,PWRCCSPHLXX01,2041,80.35
GLOBAL,PWRCCSPHLXX01,2042,80.35
GLOBAL,PWRCCSPHLXX01,2043,80.35
GLOBAL,PWRCCSPHLXX01,2044,80.35
GLOBAL,PWRCCSPHLXX01,2045,80.35
GLOBAL,PWRCCSPHLXX01,2046,80.35
GLOBAL,PWRCCSPHLXX01,2047,80.35
GLOBAL,PWRCCSPHLXX01,2048,80.35
GLOBAL,PWRCCSPHLXX01,2049,80.35
GLOBAL,PWRCCSPHLXX01,2050,80.35
GLOBAL,PWRCCSPHLXX01,2051,80.35
GLOBAL,PWRCCSPHLXX01,2052,80.35
GLOBAL,PWRCCSPHLXX01,2053,80.35
GLOBAL,PWRCOAPHLXX01,2020,46.77
GLOBAL,PWRCOAPHLXX01,2021,46.77
GLOBAL,PWRCOAPHLXX01,2022,46.77
GLOBAL,PWRCOAPHLXX01,2023,46.77
GLOBAL,PWRCOAPHLXX01,2024,46.77
GLOBAL,PWRCOAPHLXX01,2025,46.77
GLOBAL,PWRCOAPHLXX01,2026,46.77
GLOBAL,PWRCOAPHLXX01,2027,46.77
GLOBAL,PWRCOAPHLXX01,2028,46.77
GLOBAL,PWRCOAPHLXX01,2029,46.77
GLOBAL,PWRCOAPHLXX01,2030,46.77
GLOBAL,PWRCOAPHLXX01,2031,46.67
GLOBAL,PWRCOAPHLXX01,2032,46.57
GLOBAL,PWRCOAPHLXX01,2033,46.47
GLOBAL,PWRCOAPHLXX01,2034,46.37
GLOBAL,PWRCOAPHLXX01,2035,46.28
GLOBAL,PWRCOAPHLXX01,2036,46.18
GLOBAL,PWRCOAPHLXX01,2037,46.08
GLOBAL,PWRCOAPHLXX01,2038,45.98
GLOBAL,PWRCOAPHLXX01,2039,45.88
GLOBAL,PWRCOAPHLXX01,2040,45.78
GLOBAL,PWRCOAPHLXX01,2041,45.78
GLOBAL,PWRCOAPHLXX01,2042,45.78
GLOBAL,PWRCOAPHLXX01,2043,45.78
GLOBAL,PWRCOAPHLXX01,2044,45.78
GLOBAL,PWRCOAPHLXX01,2045,45.78
GLOBAL,PWRCOAPHLXX01,2046,45.78
GLOBAL,PWRCOAPHLXX01,2047,45.78
GLOBAL,PWRCOAPHLXX01,2048,45.78
GLOBAL,PWRCOAPHLXX01,2049,45.78
GLOBAL,PWRCOAPHLXX01,2050,45.78
GLOBAL,PWRCOAPHLXX01,2051,45.78
GLOBAL,PWRCOAPHLXX01,2052,45.78
GLOBAL,PWRCOAPHLXX01,2053,45.78
GLOBAL,PWRCOGPHLXX01,2020,25.65
GLOBAL,PWRCOGPHLXX01,2021,25.65
GLOBAL,PWRCOGPHLXX01,2022,25.65
GLOBAL,PWRCOGPHLXX01,2023,25.65
GLOBAL,PWRCOGPHLXX01,2024,25.65
GLOBAL,PWRCOGPHLXX01,2025,25.65
GLOBAL,PWRCOGPHLXX01,2026,25.65
GLOBAL,PWRCOGPHLXX01,2027,25.65
GLOBAL,PWRCOGPHLXX01,2028,25.65
GLOBAL,PWRCOGPHLXX01,2029,25.65
GLOBAL,PWRCOGPHLXX01,2030,25.65
GLOBAL,PWRCOGPHLXX01,2031,25.62
GLOBAL,PWRCOGPHLXX01,2032,25.58
GLOBAL,PWRCOGPHLXX01,2033,25.54
GLOBAL,PWRCOGPHLXX01,2034,25.51
GLOBAL,PWRCOGPHLXX01,2035,25.48
GLOBAL,PWRCOGPHLXX01,2036,25.44
GLOBAL,PWRCOGPHLXX01,2037,25.4
GLOBAL,PWRCOGPHLXX01,2038,25.37
GLOBAL,PWRCOGPHLXX01,2039,25.34
GLOBAL,PWRCOGPHLXX01,2040,25.3
GLOBAL,PWRCOGPHLXX01,2041,25.3
GLOBAL,PWRCOGPHLXX01,2042,25.3
GLOBAL,PWRCOGPHLXX01,2043,25.3
GLOBAL,PWRCOGPHLXX01,2044,25.3
GLOBAL,PWRCOGPHLXX01,2045,25.3
GLOBAL,PWRCOGPHLXX01,2046,25.3
GLOBAL,PWRCOGPHLXX01,2047,25.3
GLOBAL,PWRCOGPHLXX01,2048,25.3
GLOBAL,PWRCOGPHLXX01,2049,25.3
GLOBAL,PWRCOGPHLXX01,2050,25.3
GLOBAL,PWRCOGPHLXX01,2051,25.3
GLOBAL,PWRCOGPHLXX01,2052,25.3
GLOBAL,PWRCOGPHLXX01,2053,25.3
GLOBAL,PWRCSPPHLXX01,2020,180.0
GLOBAL,PWRCSPPHLXX01,2021,180.0
GLOBAL,PWRCSPPHLXX01,2022,180.0
GLOBAL,PWRCSPPHLXX01,2023,180.0
GLOBAL,PWRCSPPHLXX01,2024,180.0
GLOBAL,PWRCSPPHLXX01,2025,180.0
GLOBAL,PWRCSPPHLXX01,2026,180.0
GLOBAL,PWRCSPPHLXX01,2027,180.0
GLOBAL,PWRCSPPHLXX01,2028,180.0
GLOBAL,PWRCSPPHLXX01,2029,180.0
GLOBAL,PWRCSPPHLXX01,2030,180.0
GLOBAL,PWRCSPPHLXX01,2031,178.0
GLOBAL,PWRCSPPHLXX01,2032,176.0
GLOBAL,PWRCSPPHLXX01,2033,174.0
GLOBAL,PWRCSPPHLXX01,2034,172.0
GLOBAL,PWRCSPPHLXX01,2035,170.0
GLOBAL,PWRCSPPHLXX01,2036,168.0
GLOBAL,PWRCSPPHLXX01,2037,166.0
GLOBAL,PWRCSPPHLXX01,2038,164.0
GLOBAL,PWRCSPPHLXX01,2039,162.0
GLOBAL,PWRCSPPHLXX01,2040,160.0
GLOBAL,PWRCSPPHLXX01,2041,160.0
GLOBAL,PWRCSPPHLXX01,2042,160.0
GLOBAL,PWRCSPPHLXX01,2043,160.0
GLOBAL,PWRCSPPHLXX01,2044,160.0
GLOBAL,PWRCSPPHLXX01,2045,160.0
GLOBAL,PWRCSPPHLXX01,2046,160.0
GLOBAL,PWRCSPPHLXX01,2047,160.0
GLOBAL,PWRCSPPHLXX01,2048,160.0
GLOBAL,PWRCSPPHLXX01,2049,160.0
GLOBAL,PWRCSPPHLXX01,2050,160.0
GLOBAL,PWRCSPPHLXX01,2051,160.0
GLOBAL,PWRCSPPHLXX01,2052,160.0
GLOBAL,PWRCSPPHLXX01,2053,160.0
GLOBAL,PWRGEOPHLXX01,2020,30.2
GLOBAL,PWRGEOPHLXX01,2021,30.2
GLOBAL,PWRGEOPHLXX01,2022,30.2
GLOBAL,PWRGEOPHLXX01,2023,30.2
GLOBAL,PWRGEOPHLXX01,2024,30.2
GLOBAL,PWRGEOPHLXX01,2025,30.2
GLOBAL,PWRGEOPHLXX01,2026,30.2
GLOBAL,PWRGEOPHLXX01,2027,30.2
GLOBAL,PWRGEOPHLXX01,2028,30.2
GLOBAL,PWRGEOPHLXX01,2029,30.2
GLOBAL,PWRGEOPHLXX01,2030,30.2
GLOBAL,PWRGEOPHLXX01,2031,29.94
GLOBAL,PWRGEOPHLXX01,2032,29.67
GLOBAL,PWRGEOPHLXX01,2033,29.4
GLOBAL,PWRGEOPHLXX01,2034,29.14
GLOBAL,PWRGEOPHLXX01,2035,28.87
GLOBAL,PWRGEOPHLXX01,2036,28.61
GLOBAL,PWRGEOPHLXX01,2037,28.34
GLOBAL,PWRGEOPHLXX01,2038,28.08
GLOBAL,PWRGEOPHLXX01,2039,27.82
GLOBAL,PWRGEOPHLXX01,2040,27.55
GLOBAL,PWRGEOPHLXX01,2041,27.55
GLOBAL,PWRGEOPHLXX01,2042,27.55
GLOBAL,PWRGEOPHLXX01,2043,27.55
GLOBAL,PWRGEOPHLXX01,2044,27.55
GLOBAL,PWRGEOPHLXX01,2045,27.55
GLOBAL,PWRGEOPHLXX01,2046,27.55
GLOBAL,PWRGEOPHLXX01,2047,27.55
GLOBAL,PWRGEOPHLXX01,2048,27.55
GLOBAL,PWRGEOPHLXX01,2049,27.55
GLOBAL,PWRGEOPHLXX01,2050,27.55
GLOBAL,PWRGEOPHLXX01,2051,27.55
GLOBAL,PWRGEOPHLXX01,2052,27.55
GLOBAL,PWRGEOPHLXX01,2053,27.55
GLOBAL,PWRHYDPHLXX01,2020,36.0
GLOBAL,PWRHYDPHLXX01,2021,36.0
GLOBAL,PWRHYDPHLXX01,2022,36.0
GLOBAL,PWRHYDPHLXX01,2023,36.0
GLOBAL,PWRHYDPHLXX01,2024,36.0
GLOBAL,PWRHYDPHLXX01,2025,36.0
GLOBAL,PWRHYDPHLXX01,2026,36.0
GLOBAL,PWRHYDPHLXX01,2027,36.0
GLOBAL,PWRHYDPHLXX01,2028,36.0
GLOBAL,PWRHYDPHLXX01,2029,36.0
GLOBAL,PWRHYDPHLXX01,2030,36.0
GLOBAL,PWRHYDPHLXX01,2031,35.83
GLOBAL,PWRHYDPHLXX01,2032,35.65
GLOBAL,PWRHYDPHLXX01,2033,35.48
GLOBAL,PWRHYDPHLXX01,2034,35.3
GLOBAL,PWRHYDPHLXX01,2035,35.12
GLOBAL,PWRHYDPHLXX01,2036,34.95
GLOBAL,PWRHYDPHLXX01,2037,34.78
GLOBAL,PWRHYDPHLXX01,2038,34.6
GLOBAL,PWRHYDPHLXX01,2039,34.42
GLOBAL,PWRHYDPHLXX01,2040,34.25
GLOBAL,PWRHYDPHLXX01,2041,34.25
GLOBAL,PWRHYDPHLXX01,2042,34.25
GLOBAL,PWRHYDPHLXX01,2043,34.25
GLOBAL,PWRHYDPHLXX01,2044,34.25
GLOBAL,PWRHYDPHLXX01,2045,34.25
GLOBAL,PWRHYDPHLXX01,2046,34.25
GLOBAL,PWRHYDPHLXX01,2047,34.25
GLOBAL,PWRHYDPHLXX01,2048,34.25
GLOBAL,PWRHYDPHLXX01,2049,34.25
GLOBAL,PWRHYDPHLXX01,2050,34.25
GLOBAL,PWRHYDPHLXX01,2051,34.25
GLOBAL,PWRHYDPHLXX01,2052,34.25
GLOBAL,PWRHYDPHLXX01,2053,34.25
GLOBAL,PWROCGPHLXX00,2020,22.95
GLOBAL,PWROCGPHLXX00,2021,22.95
GLOBAL,PWROCGPHLXX00,2022,22.95
GLOBAL,PWROCGPHLXX00,2023,22.95
GLOBAL,PWROCGPHLXX00,2024,22.95
GLOBAL,PWROCGPHLXX00,2025,22.95
GLOBAL,PWROCGPHLXX00,2026,22.95
GLOBAL,PWROCGPHLXX00,2027,22.95
GLOBAL,PWROCGPHLXX00,2028,22.95
GLOBAL,PWROCGPHLXX00,2029,22.95
GLOBAL,PWROCGPHLXX00,2030,22.95
GLOBAL,PWROCGPHLXX00,2031,22.9
GLOBAL,PWROCGPHLXX00,2032,22.85
GLOBAL,PWROCGPHLXX00,2033,22.8
GLOBAL,PWROCGPHLXX00,2034,22.75
GLOBAL,PWROCGPHLXX00,2035,22.7
GLOBAL,PWROCGPHLXX00,2036,22.65
GLOBAL,PWROCGPHLXX00,2037,22.6
GLOBAL,PWROCGPHLXX00,2038,22.55
GLOBAL,PWROCGPHLXX00,2039,22.5
GLOBAL,PWROCGPHLXX00,2040,22.45
GLOBAL,PWROCGPHLXX00,2041,22.45
GLOBAL,PWROCGPHLXX00,2042,22.45
GLOBAL,PWROCGPHLXX00,2043,22.45
GLOBAL,PWROCGPHLXX00,2044,22.45
GLOBAL,PWROCGPHLXX00,2045,22.45
GLOBAL,PWROCGPHLXX00,2046,22.45
GLOBAL,PWROCGPHLXX00,2047,22.45
GLOBAL,PWROCGPHLXX00,2048,22.45
GLOBAL,PWROCGPHLXX00,2049,22.45
GLOBAL,PWROCGPHLXX00,2050,22.45
GLOBAL,PWROCGPHLXX00,2051,22.45
GLOBAL,PWROCGPHLXX00,2052,22.45
GLOBAL,PWROCGPHLXX00,2053,22.45
GLOBAL,PWROCGPHLXX01,2020,22.95
GLOBAL,PWROCGPHLXX01,2021,22.95
GLOBAL,PWROCGPHLXX01,2022,22.95
GLOBAL,PWROCGPHLXX01,2023,22.95
GLOBAL,PWROCGPHLXX01,2024,22.95
GLOBAL,PWROCGPHLXX01,2025,22.95
GLOBAL,PWROCGPHLXX01,2026,22.95
GLOBAL,PWROCGPHLXX01,2027,22.95
GLOBAL,PWROCGPHLXX01,2028,22.95
GLOBAL,PWROCGPHLXX01,2029,22.95
GLOBAL,PWROCGPHLXX01,2030,22.95
GLOBAL,PWROCGPHLXX01,2031,22.9
GLOBAL,PWROCGPHLXX01,2032,22.85
GLOBAL,PWROCGPHLXX01,2033,22.8
GLOBAL,PWROCGPHLXX01,2034,22.75
GLOBAL,PWROCGPHLXX01,2035,22.7
GLOBAL,PWROCGPHLXX01,2036,22.65
GLOBAL,PWROCGPHLXX01,2037,22.6
GLOBAL,PWROCGPHLXX01,2038,22.55
GLOBAL,PWROCGPHLXX01,2039,22.5
GLOBAL,PWROCGPHLXX01,2040,22.45
GLOBAL,PWROCGPHLXX01,2041,22.45
GLOBAL,PWROCGPHLXX01,2042,22.45
GLOBAL,PWROCGPHLXX01,2043,22.45
GLOBAL,PWROCGPHLXX01,2044,22.45
GLOBAL,PWROCGPHLXX01,2045,22.45
GLOBAL,PWROCGPHLXX01,2046,22.45
GLOBAL,PWROCGPHLXX01,2047,22.45
GLOBAL,PWROCGPHLXX01,2048,22.45
GLOBAL,PWROCGPHLXX01,2049,22.45
GLOBAL,PWROCGPHLXX01,2050,22.45
GLOBAL,PWROCGPHLXX01,2051,22.45
GLOBAL,PWROCGPHLXX01,2052,22.45
GLOBAL,PWROCGPHLXX01,2053,22.45
GLOBAL,PWROILPHLXX01,2020,8.75
GLOBAL,PWROILPHLXX01,2021,8.75
GLOBAL,PWROILPHLXX01,2022,8.75
GLOBAL,PWROILPHLXX01,2023,8.75
GLOBAL,PWROILPHLXX01,2024,8.75
GLOBAL,PWROILPHLXX01,2025,8.75
GLOBAL,PWROILPHLXX01,2026,8.75
GLOBAL,PWROILPHLXX01,2027,8.75
GLOBAL,PWROILPHLXX01,2028,8.75
GLOBAL,PWROILPHLXX01,2029,8.75
GLOBAL,PWROILPHLXX01,2030,8.75
GLOBAL,PWROILPHLXX01,2031,8.72
GLOBAL,PWROILPHLXX01,2032,8.69
GLOBAL,PWROILPHLXX01,2033,8.66
GLOBAL,PWROILPHLXX01,2034,8.63
GLOBAL,PWROILPHLXX01,2035,8.6
GLOBAL,PWROILPHLXX01,2036,8.57
GLOBAL,PWROILPHLXX01,2037,8.54
GLOBAL,PWROILPHLXX01,2038,8.51
GLOBAL,PWROILPHLXX01,2039,8.48
GLOBAL,PWROILPHLXX01,2040,8.45
GLOBAL,PWROILPHLXX01,2041,8.45
GLOBAL,PWROILPHLXX01,2042,8.45
GLOBAL,PWROILPHLXX01,2043,8.45
GLOBAL,PWROILPHLXX01,2044,8.45
GLOBAL,PWROILPHLXX01,2045,8.45
GLOBAL,PWROILPHLXX01,2046,8.45
GLOBAL,PWROILPHLXX01,2047,8.45
GLOBAL,PWROILPHLXX01,2048,8.45
GLOBAL,PWROILPHLXX01,2049,8.45
GLOBAL,PWROILPHLXX01,2050,8.45
GLOBAL,PWROILPHLXX01,2051,8.45
GLOBAL,PWROILPHLXX01,2052,8.45
GLOBAL,PWROILPHLXX01,2053,8.45
GLOBAL,PWROTHPHLXX01,2020,8.75
GLOBAL,PWROTHPHLXX01,2021,8.75
GLOBAL,PWROTHPHLXX01,2022,8.75
GLOBAL,PWROTHPHLXX01,2023,8.75
GLOBAL,PWROTHPHLXX01,2024,8.75
GLOBAL,PWROTHPHLXX01,2025,8.75
GLOBAL,PWROTHPHLXX01,2026,8.75
GLOBAL,PWROTHPHLXX01,2027,8.75
GLOBAL,PWROTHPHLXX01,2028,8.75
GLOBAL,PWROTHPHLXX01,2029,8.75
GLOBAL,PWROTHPHLXX01,2030,8.75
GLOBAL,PWROTHPHLXX01,2031,8.72
GLOBAL,PWROTHPHLXX01,2032,8.69
GLOBAL,PWROTHPHLXX01,2033,8.66
GLOBAL,PWROTHPHLXX01,2034,8.63
GLOBAL,PWROTHPHLXX01,2035,8.6
GLOBAL,PWROTHPHLXX01,2036,8.57
GLOBAL,PWROTHPHLXX01,2037,8.54
GLOBAL,PWROTHPHLXX01,2038,8.51
GLOBAL,PWROTHPHLXX01,2039,8.48
GLOBAL,PWROTHPHLXX01,2040,8.45
GLOBAL,PWROTHPHLXX01,2041,8.45
GLOBAL,PWROTHPHLXX01,2042,8.45
GLOBAL,PWROTHPHLXX01,2043,8.45
GLOBAL,PWROTHPHLXX01,2044,8.45
GLOBAL,PWROTHPHLXX01,2045,8.45
GLOBAL,PWROTHPHLXX01,2046,8.45
GLOBAL,PWROTHPHLXX01,2047,8.45
GLOBAL,PWROTHPHLXX01,2048,8.45
GLOBAL,PWROTHPHLXX01,2049,8.45
GLOBAL,PWROTHPHLXX01,2050,8.45
GLOBAL,PWROTHPHLXX01,2051,8.45
GLOBAL,PWROTHPHLXX01,2052,8.45
GLOBAL,PWROTHPHLXX01,2053,8.45
GLOBAL,PWRPETPHLXX01,2020,8.75
GLOBAL,PWRPETPHLXX01,2021,8.75
GLOBAL,PWRPETPHLXX01,2022,8.75
GLOBAL,PWRPETPHLXX01,2023,8.75
GLOBAL,PWRPETPHLXX01,2024,8.75
GLOBAL,PWRPETPHLXX01,2025,8.75
GLOBAL,PWRPETPHLXX01,2026,8.75
GLOBAL,PWRPETPHLXX01,2027,8.75
GLOBAL,PWRPETPHLXX01,2028,8.75
GLOBAL,PWRPETPHLXX01,2029,8.75
GLOBAL,PWRPETPHLXX01,2030,8.75
GLOBAL,PWRPETPHLXX01,2031,8.72
GLOBAL,PWRPETPHLXX01,2032,8.69
GLOBAL,PWRPETPHLXX01,2033,8.66
GLOBAL,PWRPETPHLXX01,2034,8.63
GLOBAL,PWRPETPHLXX01,2035,8.6
GLOBAL,PWRPETPHLXX01,2036,8.57
GLOBAL,PWRPETPHLXX01,2037,8.54
GLOBAL,PWRPETPHLXX01,2038,8.51
GLOBAL,PWRPETPHLXX01,2039,8.48
GLOBAL,PWRPETPHLXX01,2040,8.45
GLOBAL,PWRPETPHLXX01,2041,8.45
GLOBAL,PWRPETPHLXX01,2042,8.45
GLOBAL,PWRPETPHLXX01,2043,8.45
GLOBAL,PWRPETPHLXX01,2044,8.45
GLOBAL,PWRPETPHLXX01,2045,8.45
GLOBAL,PWRPETPHLXX01,2046,8.45
GLOBAL,PWRPETPHLXX01,2047,8.45
GLOBAL,PWRPETPHLXX01,2048,8.45
GLOBAL,PWRPETPHLXX01,2049,8.45
GLOBAL,PWRPETPHLXX01,2050,8.45
GLOBAL,PWRPETPHLXX01,2051,8.45
GLOBAL,PWRPETPHLXX01,2052,8.45
GLOBAL,PWRPETPHLXX01,2053,8.45
GLOBAL,PWRSPVPHLXX01,2020,10.0
GLOBAL,PWRSPVPHLXX01,2021,10.0
GLOBAL,PWRSPVPHLXX01,2022,10.0
GLOBAL,PWRSPVPHLXX01,2023,10.0
GLOBAL,PWRSPVPHLXX01,2024,10.0
GLOBAL,PWRSPVPHLXX01,2025,10.0
GLOBAL,PWRSPVPHLXX01,2026,10.0
GLOBAL,PWRSPVPHLXX01,2027,10.0
GLOBAL,PWRSPVPHLXX01,2028,10.0
GLOBAL,PWRSPVPHLXX01,2029,10.0
GLOBAL,PWRSPVPHLXX01,2030,10.0
GLOBAL,PWRSPVPHLXX01,2031,9.85
GLOBAL,PWRSPVPHLXX01,2032,9.7
GLOBAL,PWRSPVPHLXX01,2033,9.55
GLOBAL,PWRSPVPHLXX01,2034,9.4
GLOBAL,PWRSPVPHLXX01,2035,9.25
GLOBAL,PWRSPVPHLXX01,2036,9.1
GLOBAL,PWRSPVPHLXX01,2037,8.95
GLOBAL,PWRSPVPHLXX01,2038,8.8
GLOBAL,PWRSPVPHLXX01,2039,8.65
GLOBAL,PWRSPVPHLXX01,2040,8.5
GLOBAL,PWRSPVPHLXX01,2041,8.5
GLOBAL,PWRSPVPHLXX01,2042,8.5
GLOBAL,PWRSPVPHLXX01,2043,8.5
GLOBAL,PWRSPVPHLXX01,2044,8.5
GLOBAL,PWRSPVPHLXX01,2045,8.5
GLOBAL,PWRSPVPHLXX01,2046,8.5
GLOBAL,PWRSPVPHLXX01,2047,8.5
GLOBAL,PWRSPVPHLXX01,2048,8.5
GLOBAL,PWRSPVPHLXX01,2049,8.5
GLOBAL,PWRSPVPHLXX01,2050,8.5
GLOBAL,PWRSPVPHLXX01,2051,8.5
GLOBAL,PWRSPVPHLXX01,2052,8.5
GLOBAL,PWRSPVPHLXX01,2053,8.5
GLOBAL,PWRURNPHLXX01,2020,150.0
GLOBAL,PWRURNPHLXX01,2021,150.0
GLOBAL,PWRURNPHLXX01,2022,150.0
GLOBAL,PWRURNPHLXX01,2023,150.0
GLOBAL,PWRURNPHLXX01,2024,150.0
GLOBAL,PWRURNPHLXX01,2025,150.0
GLOBAL,PWRURNPHLXX01,2026,150.0
GLOBAL,PWRURNPHLXX01,2027,150.0
GLOBAL,PWRURNPHLXX01,2028,150.0
GLOBAL,PWRURNPHLXX01,2029,150.0
GLOBAL,PWRURNPHLXX01,2030,150.0
GLOBAL,PWRURNPHLXX01,2031,150.0
GLOBAL,PWRURNPHLXX01,2032,150.0
GLOBAL,PWRURNPHLXX01,2033,150.0
GLOBAL,PWRURNPHLXX01,2034,150.0
GLOBAL,PWRURNPHLXX01,2035,150.0
GLOBAL,PWRURNPHLXX01,2036,150.0
GLOBAL,PWRURNPHLXX01,2037,150.0
GLOBAL,PWRURNPHLXX01,2038,150.0
GLOBAL,PWRURNPHLXX01,2039,150.0
GLOBAL,PWRURNPHLXX01,2040,150.0
GLOBAL,PWRURNPHLXX01,2041,150.0
GLOBAL,PWRURNPHLXX01,2042,150.0
GLOBAL,PWRURNPHLXX01,2043,150.0
GLOBAL,PWRURNPHLXX01,2044,150.0
GLOBAL,PWRURNPHLXX01,2045,150.0
GLOBAL,PWRURNPHLXX01,2046,150.0
GLOBAL,PWRURNPHLXX01,2047,150.0
GLOBAL,PWRURNPHLXX01,2048,150.0
GLOBAL,PWRURNPHLXX01,2049,150.0
GLOBAL,PWRURNPHLXX01,2050,150.0
GLOBAL,PWRURNPHLXX01,2051,150.0
GLOBAL,PWRURNPHLXX01,2052,150.0
GLOBAL,PWRURNPHLXX01,2053,150.0
GLOBAL,PWRWASPHLXX01,2020,233.7
GLOBAL,PWRWASPHLXX01,2021,233.7
GLOBAL,PWRWASPHLXX01,2022,233.7
GLOBAL,PWRWASPHLXX01,2023,233.7
GLOBAL,PWRWASPHLXX01,2024,233.7
GLOBAL,PWRWASPHLXX01,2025,233.7
GLOBAL,PWRWASPHLXX01,2026,233.7
GLOBAL,PWRWASPHLXX01,2027,233.7
GLOBAL,PWRWASPHLXX01,2028,233.7
GLOBAL,PWRWASPHLXX01,2029,233.7
GLOBAL,PWRWASPHLXX01,2030,233.7
GLOBAL,PWRWASPHLXX01,2031,230.45
GLOBAL,PWRWASPHLXX01,2032,227.2
GLOBAL,PWRWASPHLXX01,2033,223.95
GLOBAL,PWRWASPHLXX01,2034,220.7
GLOBAL,PWRWASPHLXX01,2035,217.45
GLOBAL,PWRWASPHLXX01,2036,214.2
GLOBAL,PWRWASPHLXX01,2037,210.95
GLOBAL,PWRWASPHLXX01,2038,207.7
GLOBAL,PWRWASPHLXX01,2039,204.45
GLOBAL,PWRWASPHLXX01,2040,201.2
GLOBAL,PWRWASPHLXX01,2041,201.2
GLOBAL,PWRWASPHLXX01,2042,201.2
GLOBAL,PWRWASPHLXX01,2043,201.2
GLOBAL,PWRWASPHLXX01,2044,201.2
GLOBAL,PWRWASPHLXX01,2045,201.2
GLOBAL,PWRWASPHLXX01,2046,201.2
GLOBAL,PWRWASPHLXX01,2047,201.2
GLOBAL,PWRWASPHLXX01,2048,201.2
GLOBAL,PWRWASPHLXX01,2049,201.2
GLOBAL,PWRWASPHLXX01,2050,201.2
GLOBAL,PWRWASPHLXX01,2051,201.2
GLOBAL,PWRWASPHLXX01,2052,201.2
GLOBAL,PWRWASPHLXX01,2053,201.2
GLOBAL,PWRWAVPHLXX01,2020,62.5
GLOBAL,PWRWAVPHLXX01,2021,62.5
GLOBAL,PWRWAVPHLXX01,2022,62.5
GLOBAL,PWRWAVPHLXX01,2023,62.5
GLOBAL,PWRWAVPHLXX01,2024,62.5
GLOBAL,PWRWAVPHLXX01,2025,62.5
GLOBAL,PWRWAVPHLXX01,2026,62.5
GLOBAL,PWRWAVPHLXX01,2027,62.5
GLOBAL,PWRWAVPHLXX01,2028,62.5
GLOBAL,PWRWAVPHLXX01,2029,62.5
GLOBAL,PWRWAVPHLXX01,2030,62.5
GLOBAL,PWRWAVPHLXX01,2031,61.16
GLOBAL,PWRWAVPHLXX01,2032,59.82
GLOBAL,PWRWAVPHLXX01,2033,58.48
GLOBAL,PWRWAVPHLXX01,2034,57.14
GLOBAL,PWRWAVPHLXX01,2035,55.8
GLOBAL,PWRWAVPHLXX01,2036,54.46
GLOBAL,PWRWAVPHLXX01,2037,53.12
GLOBAL,PWRWAVPHLXX01,2038,51.78
GLOBAL,PWRWAVPHLXX01,2039,50.44
GLOBAL,PWRWAVPHLXX01,2040,49.1
GLOBAL,PWRWAVPHLXX01,2041,49.1
GLOBAL,PWRWAVPHLXX01,2042,49.1
GLOBAL,PWRWAVPHLXX01,2043,49.1
GLOBAL,PWRWAVPHLXX01,2044,49.1
GLOBAL,PWRWAVPHLXX01,2045,49.1
GLOBAL,PWRWAVPHLXX01,2046,49.1
GLOBAL,PWRWAVPHLXX01,2047,49.1
GLOBAL,PWRWAVPHLXX01,2048,49.1
GLOBAL,PWRWAVPHLXX01,2049,49.1
GLOBAL,PWRWAVPHLXX01,2050,49.1
GLOBAL,PWRWAVPHLXX01,2051,49.1
GLOBAL,PWRWAVPHLXX01,2052,49.1
GLOBAL,PWRWAVPHLXX01,2053,49.1
GLOBAL,PWRWOFPHLXX01,2020,51.85
GLOBAL,PWRWOFPHLXX01,2021,51.85
GLOBAL,PWRWOFPHLXX01,2022,51.85
GLOBAL,PWRWOFPHLXX01,2023,51.85
GLOBAL,PWRWOFPHLXX01,2024,51.85
GLOBAL,PWRWOFPHLXX01,2025,51.85
GLOBAL,PWRWOFPHLXX01,2026,51.85
GLOBAL,PWRWOFPHLXX01,2027,51.85
GLOBAL,PWRWOFPHLXX01,2028,51.85
GLOBAL,PWRWOFPHLXX01,2029,51.85
GLOBAL,PWRWOFPHLXX01,2030,51.85
GLOBAL,PWRWOFPHLXX01,2031,51.46
GLOBAL,PWRWOFPHLXX01,2032,51.08
GLOBAL,PWRWOFPHLXX01,2033,50.7
GLOBAL,PWRWOFPHLXX01,2034,50.31
GLOBAL,PWRWOFPHLXX01,2035,49.92
GLOBAL,PWRWOFPHLXX01,2036,49.54
GLOBAL,PWRWOFPHLXX01,2037,49.16
GLOBAL,PWRWOFPHLXX01,2038,48.77
GLOBAL,PWRWOFPHLXX01,2039,48.38
GLOBAL,PWRWOFPHLXX01,2040,48.0
GLOBAL,PWRWOFPHLXX01,2041,48.0
GLOBAL,PWRWOFPHLXX01,2042,48.0
GLOBAL,PWRWOFPHLXX01,2043,48.0
GLOBAL,PWRWOFPHLXX01,2044,48.0
GLOBAL,PWRWOFPHLXX01,2045,48.0
GLOBAL,PWRWOFPHLXX01,2046,48.0
GLOBAL,PWRWOFPHLXX01,2047,48.0
GLOBAL,PWRWOFPHLXX01,2048,48.0
GLOBAL,PWRWOFPHLXX01,2049,48.0
GLOBAL,PWRWOFPHLXX01,2050,48.0
GLOBAL,PWRWOFPHLXX01,2051,48.0
GLOBAL,PWRWOFPHLXX01,2052,48.0
GLOBAL,PWRWOFPHLXX01,2053,48.0
GLOBAL,PWRWONPHLXX01,2020,43.5
GLOBAL,PWRWONPHLXX01,2021,43.5
GLOBAL,PWRWONPHLXX01,2022,43.5
GLOBAL,PWRWONPHLXX01,2023,43.5
GLOBAL,PWRWONPHLXX01,2024,43.5
GLOBAL,PWRWONPHLXX01,2025,43.5
GLOBAL,PWRWONPHLXX01,2026,43.5
GLOBAL,PWRWONPHLXX01,2027,43.5
GLOBAL,PWRWONPHLXX01,2028,43.5
GLOBAL,PWRWONPHLXX01,2029,43.5
GLOBAL,PWRWONPHLXX01,2030,43.5
GLOBAL,PWRWONPHLXX01,2031,42.9
GLOBAL,PWRWONPHLXX01,2032,42.31
GLOBAL,PWRWONPHLXX01,2033,41.72
GLOBAL,PWRWONPHLXX01,2034,41.12
GLOBAL,PWRWONPHLXX01,2035,40.52
GLOBAL,PWRWONPHLXX01,2036,39.93
GLOBAL,PWRWONPHLXX01,2037,39.34
GLOBAL,PWRWONPHLXX01,2038,38.74
GLOBAL,PWRWONPHLXX01,2039,38.14
GLOBAL,PWRWONPHLXX01,2040,37.55
GLOBAL,PWRWONPHLXX01,2041,37.55
GLOBAL,PWRWONPHLXX01,2042,37.55
GLOBAL,PWRWONPHLXX01,2043,37.55
GLOBAL,PWRWONPHLXX01,2044,37.55
GLOBAL,PWRWONPHLXX01,2045,37.55
GLOBAL,PWRWONPHLXX01,2046,37.55
GLOBAL,PWRWONPHLXX01,2047,37.55
GLOBAL,PWRWONPHLXX01,2048,37.55
GLOBAL,PWRWONPHLXX01,2049,37.55
GLOBAL,PWRWONPHLXX01,2050,37.55
GLOBAL,PWRWONPHLXX01,2051,37.55
GLOBAL,PWRWONPHLXX01,2052,37.55
GLOBAL,PWRWONPHLXX01,2053,37.55
GLOBAL,PWRBCKPHLXX,2020,999999.0
GLOBAL,PWRBCKPHLXX,2021,999999.0
GLOBAL,PWRBCKPHLXX,2022,999999.0
GLOBAL,PWRBCKPHLXX,2023,999999.0
GLOBAL,PWRBCKPHLXX,2024,999999.0
GLOBAL,PWRBCKPHLXX,2025,999999.0
GLOBAL,PWRBCKPHLXX,2026,999999.0
GLOBAL,PWRBCKPHLXX,2027,999999.0
GLOBAL,PWRBCKPHLXX,2028,999999.0
GLOBAL,PWRBCKPHLXX,2029,999999.0
GLOBAL,PWRBCKPHLXX,2030,999999.0
GLOBAL,PWRBCKPHLXX,2031,999999.0
GLOBAL,PWRBCKPHLXX,2032,999999.0
GLOBAL,PWRBCKPHLXX,2033,999999.0
GLOBAL,PWRBCKPHLXX,2034,999999.0
GLOBAL,PWRBCKPHLXX,2035,999999.0
GLOBAL,PWRBCKPHLXX,2036,999999.0
GLOBAL,PWRBCKPHLXX,2037,999999.0
GLOBAL,PWRBCKPHLXX,2038,999999.0
GLOBAL,PWRBCKPHLXX,2039,999999.0
GLOBAL,PWRBCKPHLXX,2040,999999.0
GLOBAL,PWRBCKPHLXX,2041,999999.0
GLOBAL,PWRBCKPHLXX,2042,999999.0
GLOBAL,PWRBCKPHLXX,2043,999999.0
GLOBAL,PWRBCKPHLXX,2044,999999.0
GLOBAL,PWRBCKPHLXX,2045,999999.0
GLOBAL,PWRBCKPHLXX,2046,999999.0
GLOBAL,PWRBCKPHLXX,2047,999999.0
GLOBAL,PWRBCKPHLXX,2048,999999.0
GLOBAL,PWRBCKPHLXX,2049,999999.0
GLOBAL,PWRBCKPHLXX,2050,999999.0
GLOBAL,PWRBCKPHLXX,2051,999999.0
GLOBAL,PWRBCKPHLXX,2052,999999.0
GLOBAL,PWRBCKPHLXX,2053,999999.0
