factor_id,source_id,nfr_category,technology_or_fuel,pollutant,value,unit,lower_95,upper_95,exact_locator,model_application,boundary_note
EF_PHL_V19_POWER_COAL,SRC_EEA_2023_ENERGY_INDUSTRIES,1.A.1.a,hard coal,PM2.5,3.4,g/GJ,0.9,90,Table 3-2 page 15,PHL_POW_PP_COAL_CCS fuel input,Filterable PM; no CCS PM-control credit inferred
EF_PHL_V19_POWER_NG,SRC_EEA_2023_ENERGY_INDUSTRIES,1.A.1.a,natural gas,PM2.5,0.14,g/GJ,0.09,0.19,Table 3-4 page 17,PHL_POW_PP_NGCC_CCS fuel input,Published value is below quantification limit; guidebook says it may be used directly
EF_PHL_V19_POWER_BIOM,SRC_EEA_2023_ENERGY_INDUSTRIES,1.A.1.a,solid biomass,PM2.5,133,g/GJ,66,266,Table 3-8 page 19,PHL_POW_PP_BIOM_CCS fuel input,Filterable PM; no CCS PM-control credit inferred
EF_PHL_V19_INDU_COAL,SRC_EEA_2023_INDUSTRY_COMBUSTION,1.A.2,solid fuels,PM2.5,108,g/GJ,60,220,Table 3-2 page 13,Industry process-heat coal input,Tier 1 conventional combustion
EF_PHL_V19_INDU_NG,SRC_EEA_2023_INDUSTRY_COMBUSTION,1.A.2,gaseous fuels,PM2.5,0.78,g/GJ,0.47,1.09,Table 3-3 page 14,Industry process-heat gas input,Tier 1 conventional combustion
EF_PHL_V19_INDU_OIL,SRC_EEA_2023_INDUSTRY_COMBUSTION,1.A.2,liquid fuels,PM2.5,20,g/GJ,12,28,Table 3-4 page 15,Industry process-heat oil input,Tier 1 conventional combustion
EF_PHL_V19_INDU_BIOM,SRC_EEA_2023_INDUSTRY_COMBUSTION,1.A.2,biomass,PM2.5,140,g/GJ,70,279,Table 3-5 page 16,Industry process-heat biomass input,Tier 1 conventional combustion
EF_PHL_V19_SMALL_COAL,SRC_EEA_2023_SMALL_COMBUSTION,1.A.4.a/c and 1.A.5.a,hard and brown coal,PM2.5,108,g/GJ,60,220,Table 3-7 page 35,Service and agriculture stationary coal input,Guidebook cannot determine whether PM is filterable or total
EF_PHL_V19_SMALL_NG,SRC_EEA_2023_SMALL_COMBUSTION,1.A.4.a/c and 1.A.5.a,gaseous fuels,PM2.5,0.78,g/GJ,0.47,1.09,Table 3-8 page 36,Service stationary gas input,Guidebook cannot determine whether PM is filterable or total
EF_PHL_V19_SMALL_OIL,SRC_EEA_2023_SMALL_COMBUSTION,1.A.4.a/c and 1.A.5.a,liquid fuels,PM2.5,18,g/GJ,0.75,60,Table 3-9 page 37,Service stationary oil input,Guidebook cannot determine whether PM is filterable or total
EF_PHL_V19_SMALL_BIOM,SRC_EEA_2023_SMALL_COMBUSTION,1.A.4.a/c and 1.A.5.a,solid biomass,PM2.5,160,g/GJ,90,299,Table 3-10 page 38,Service and agriculture stationary biomass input,Total primary particles including condensable material
EF_PHL_V19_HOU_NG,SRC_EEA_2023_SMALL_COMBUSTION,1.A.4.b.i,gaseous fuels,PM2.5,1.2,g/GJ,0.7,1.7,Table 3-4 page 32,Household cooking gas input,Guidebook cannot determine whether PM is filterable or total
EF_PHL_V19_AGR_DIESEL,SRC_EEA_2023_NONROAD_MACHINERY,1.A.4.c.ii,diesel agricultural machinery,PM2.5,1913,g/tonne fuel,,,Table 3-1 pages 22-23,Agricultural motive liquid-fuel input,Tier 1 average fleet; total filterable plus condensable PM
EF_PHL_V19_ROAD_2W_TB,SRC_EEA_2025_ROAD_NONEXHAUST,1.A.3.b.vi,two-wheelers tyre and brake wear,PM2.5,0.0034,g/vehicle-km,0.0026,0.0042,Table 3-1 page 16,All PHL_TRA_23WHEEL powertrains,Primary wear only; resuspension excluded
EF_PHL_V19_ROAD_2W_RS,SRC_EEA_2025_ROAD_NONEXHAUST,1.A.3.b.vii,two-wheelers road-surface wear,PM2.5,0.0016,g/vehicle-km,0.0010,0.0022,Table 3-2 page 17,All PHL_TRA_23WHEEL powertrains,Primary wear only; resuspension excluded
EF_PHL_V19_ROAD_CAR_TB,SRC_EEA_2025_ROAD_NONEXHAUST,1.A.3.b.vi,passenger cars tyre and brake wear,PM2.5,0.0093,g/vehicle-km,0.0034,0.0150,Table 3-1 page 16,All PHL_TRA_CAR powertrains,Primary wear only; resuspension excluded
EF_PHL_V19_ROAD_CAR_RS,SRC_EEA_2025_ROAD_NONEXHAUST,1.A.3.b.vii,passenger cars road-surface wear,PM2.5,0.0041,g/vehicle-km,0.0024,0.0055,Table 3-2 page 17,All PHL_TRA_CAR powertrains,Primary wear only; resuspension excluded
EF_PHL_V19_ROAD_LDV_TB,SRC_EEA_2025_ROAD_NONEXHAUST,1.A.3.b.vi,light-duty trucks tyre and brake wear,PM2.5,0.0139,g/vehicle-km,0.0076,0.0180,Table 3-1 page 16,All PHL_TRA_VAN and PHL_TRA_TRUL powertrains,Primary wear only; resuspension excluded
EF_PHL_V19_ROAD_LDV_RS,SRC_EEA_2025_ROAD_NONEXHAUST,1.A.3.b.vii,light-duty trucks road-surface wear,PM2.5,0.0057,g/vehicle-km,0.0024,0.0070,Table 3-2 page 17,All PHL_TRA_VAN and PHL_TRA_TRUL powertrains,Primary wear only; resuspension excluded
EF_PHL_V19_ROAD_HDV_TB,SRC_EEA_2025_ROAD_NONEXHAUST,1.A.3.b.vi,heavy-duty trucks buses and coaches tyre and brake wear,PM2.5,0.0316,g/vehicle-km,0.0281,0.0541,Table 3-1 and class definition page 16,All PHL_TRA_BUS and PHL_TRA_TRUH powertrains,Primary wear only; resuspension excluded
EF_PHL_V19_ROAD_HDV_RS,SRC_EEA_2025_ROAD_NONEXHAUST,1.A.3.b.vii,heavy-duty trucks buses and coaches road-surface wear,PM2.5,0.0205,g/vehicle-km,0.0123,0.0277,Table 3-2 and class definition page 17,All PHL_TRA_BUS and PHL_TRA_TRUH powertrains,Primary wear only; resuspension excluded
EF_PHL_V19_COAL_MINE,SRC_EEA_2023_COAL_MINING_HANDLING,1.B.1.a,coal mining and handling,PM2.5,0.005,kg/Mg coal,0.0007,0.07,Table 3-1 page 8,PHL_PRO_EXTR_COAL output activity,Domestic extraction factor includes mine and handling
EF_PHL_V19_COAL_IMPORT,SRC_EEA_2023_COAL_MINING_HANDLING,1.B.1.a,imported coal handling,PM2.5,0.3,g/Mg coal,0.03,3,Section 3.3.2.2 and Table 3-2 page 10,PHL_PRO_IMP_COAL output activity,Handling at receiving harbour only
