run,region,year,mode,account,commodity,unit,reference_available,terminal_counted,unaccounted_gap,coverage_percent,status
Base_v12,RE1,2020,1,water_vapor_returned,PHL_WTR_EVT,10<sup>9</sup>m<sup>3</sup>,404.9373000000003,0.0,404.9373000000003,0.0,ZERO
Base_v12,RE1,2020,2,modeled_raw_groundwater_remaining,PHL_WTR_GWT,10<sup>9</sup>m<sup>3</sup>,20.270600000000016,0.0,20.270600000000016,0.0,ZERO
Base_v12,RE1,2020,3,modeled_raw_surface_water_remaining,PHL_WTR_SUR,10<sup>9</sup>m<sup>3</sup>,257.47259999999983,0.0,257.47259999999983,0.0,ZERO
Base_v12,RE1,2021,1,water_vapor_returned,PHL_WTR_EVT,10<sup>9</sup>m<sup>3</sup>,403.4798999999996,0.0,403.4798999999996,0.0,ZERO
Base_v12,RE1,2021,2,modeled_raw_groundwater_remaining,PHL_WTR_GWT,10<sup>9</sup>m<sup>3</sup>,20.313699999999976,0.0,20.313699999999976,0.0,ZERO
Base_v12,RE1,2021,3,modeled_raw_surface_water_remaining,PHL_WTR_SUR,10<sup>9</sup>m<sup>3</sup>,258.30769999999995,0.0,258.30769999999995,0.0,ZERO
Base_v12,RE1,2022,1,water_vapor_returned,PHL_WTR_EVT,10<sup>9</sup>m<sup>3</sup>,402.0238999999997,0.0,402.0238999999997,0.0,ZERO
Base_v12,RE1,2022,2,modeled_raw_groundwater_remaining,PHL_WTR_GWT,10<sup>9</sup>m<sup>3</sup>,20.354400000000005,0.0,20.354400000000005,0.0,ZERO
Base_v12,RE1,2022,3,modeled_raw_surface_water_remaining,PHL_WTR_SUR,10<sup>9</sup>m<sup>3</sup>,257.04170000000016,0.0,257.04170000000016,0.0,ZERO
Base_v12,RE1,2023,1,water_vapor_returned,PHL_WTR_EVT,10<sup>9</sup>m<sup>3</sup>,400.56619999999896,0.0,400.56619999999896,0.0,ZERO
Base_v12,RE1,2023,2,modeled_raw_groundwater_remaining,PHL_WTR_GWT,10<sup>9</sup>m<sup>3</sup>,20.395099999999978,0.0,20.395099999999978,0.0,ZERO
Base_v12,RE1,2023,3,modeled_raw_surface_water_remaining,PHL_WTR_SUR,10<sup>9</sup>m<sup>3</sup>,258.4022999999999,0.0,258.4022999999999,0.0,ZERO
Base_v12,RE1,2024,1,water_vapor_returned,PHL_WTR_EVT,10<sup>9</sup>m<sup>3</sup>,399.1097,0.0,399.1097,0.0,ZERO
Base_v12,RE1,2024,2,modeled_raw_groundwater_remaining,PHL_WTR_GWT,10<sup>9</sup>m<sup>3</sup>,20.43440000000001,0.0,20.43440000000001,0.0,ZERO
Base_v12,RE1,2024,3,modeled_raw_surface_water_remaining,PHL_WTR_SUR,10<sup>9</sup>m<sup>3</sup>,257.57230000000015,0.0,257.57230000000015,0.0,ZERO
Base_v12,RE1,2025,1,water_vapor_returned,PHL_WTR_EVT,10<sup>9</sup>m<sup>3</sup>,397.6487,0.0,397.6487,0.0,ZERO
Base_v12,RE1,2025,2,modeled_raw_groundwater_remaining,PHL_WTR_GWT,10<sup>9</sup>m<sup>3</sup>,20.476100000000006,0.0,20.476100000000006,0.0,ZERO
Base_v12,RE1,2025,3,modeled_raw_surface_water_remaining,PHL_WTR_SUR,10<sup>9</sup>m<sup>3</sup>,266.2459000000001,0.0,266.2459000000001,0.0,ZERO
Base_v12,RE1,2026,1,water_vapor_returned,PHL_WTR_EVT,10<sup>9</sup>m<sup>3</sup>,396.28869999999995,0.0,396.28869999999995,0.0,ZERO
Base_v12,RE1,2026,2,modeled_raw_groundwater_remaining,PHL_WTR_GWT,10<sup>9</sup>m<sup>3</sup>,20.51529999999997,0.0,20.51529999999997,0.0,ZERO
Base_v12,RE1,2026,3,modeled_raw_surface_water_remaining,PHL_WTR_SUR,10<sup>9</sup>m<sup>3</sup>,266.79560000000015,0.0,266.79560000000015,0.0,ZERO
Base_v12,RE1,2027,1,water_vapor_returned,PHL_WTR_EVT,10<sup>9</sup>m<sup>3</sup>,394.9290000000007,0.0,394.9290000000007,0.0,ZERO
Base_v12,RE1,2027,2,modeled_raw_groundwater_remaining,PHL_WTR_GWT,10<sup>9</sup>m<sup>3</sup>,20.552800000000012,0.0,20.552800000000012,0.0,ZERO
Base_v12,RE1,2027,3,modeled_raw_surface_water_remaining,PHL_WTR_SUR,10<sup>9</sup>m<sup>3</sup>,267.36150000000004,0.0,267.36150000000004,0.0,ZERO
Base_v12,RE1,2028,1,water_vapor_returned,PHL_WTR_EVT,10<sup>9</sup>m<sup>3</sup>,393.5663999999996,0.0,393.5663999999996,0.0,ZERO
Base_v12,RE1,2028,2,modeled_raw_groundwater_remaining,PHL_WTR_GWT,10<sup>9</sup>m<sup>3</sup>,20.58890000000003,0.0,20.58890000000003,0.0,ZERO
Base_v12,RE1,2028,3,modeled_raw_surface_water_remaining,PHL_WTR_SUR,10<sup>9</sup>m<sup>3</sup>,267.8665999999999,0.0,267.8665999999999,0.0,ZERO
Base_v12,RE1,2029,1,water_vapor_returned,PHL_WTR_EVT,10<sup>9</sup>m<sup>3</sup>,392.26279999999974,0.0,392.26279999999974,0.0,ZERO
Base_v12,RE1,2029,2,modeled_raw_groundwater_remaining,PHL_WTR_GWT,10<sup>9</sup>m<sup>3</sup>,20.255399999999987,0.0,20.255399999999987,0.0,ZERO
Base_v12,RE1,2029,3,modeled_raw_surface_water_remaining,PHL_WTR_SUR,10<sup>9</sup>m<sup>3</sup>,267.7503999999999,0.0,267.7503999999999,0.0,ZERO
Base_v12,RE1,2030,1,water_vapor_returned,PHL_WTR_EVT,10<sup>9</sup>m<sup>3</sup>,390.9525999999996,0.0,390.9525999999996,0.0,ZERO
Base_v12,RE1,2030,2,modeled_raw_groundwater_remaining,PHL_WTR_GWT,10<sup>9</sup>m<sup>3</sup>,20.273000000000028,0.0,20.273000000000028,0.0,ZERO
Base_v12,RE1,2030,3,modeled_raw_surface_water_remaining,PHL_WTR_SUR,10<sup>9</sup>m<sup>3</sup>,269.06859999999995,0.0,269.06859999999995,0.0,ZERO
Base_v12,RE1,2031,1,water_vapor_returned,PHL_WTR_EVT,10<sup>9</sup>m<sup>3</sup>,389.7465999999995,0.0,389.7465999999995,0.0,ZERO
Base_v12,RE1,2031,2,modeled_raw_groundwater_remaining,PHL_WTR_GWT,10<sup>9</sup>m<sup>3</sup>,20.685900000000018,0.0,20.685900000000018,0.0,ZERO
Base_v12,RE1,2031,3,modeled_raw_surface_water_remaining,PHL_WTR_SUR,10<sup>9</sup>m<sup>3</sup>,267.44759999999985,0.0,267.44759999999985,0.0,ZERO
Base_v12,RE1,2032,1,water_vapor_returned,PHL_WTR_EVT,10<sup>9</sup>m<sup>3</sup>,388.5395999999999,0.0,388.5395999999999,0.0,ZERO
Base_v12,RE1,2032,2,modeled_raw_groundwater_remaining,PHL_WTR_GWT,10<sup>9</sup>m<sup>3</sup>,20.717099999999977,0.0,20.717099999999977,0.0,ZERO
Base_v12,RE1,2032,3,modeled_raw_surface_water_remaining,PHL_WTR_SUR,10<sup>9</sup>m<sup>3</sup>,265.73580000000004,0.0,265.73580000000004,0.0,ZERO
Base_v12,RE1,2033,1,water_vapor_returned,PHL_WTR_EVT,10<sup>9</sup>m<sup>3</sup>,387.3303999999999,0.0,387.3303999999999,0.0,ZERO
Base_v12,RE1,2033,2,modeled_raw_groundwater_remaining,PHL_WTR_GWT,10<sup>9</sup>m<sup>3</sup>,20.74849999999997,0.0,20.74849999999997,0.0,ZERO
Base_v12,RE1,2033,3,modeled_raw_surface_water_remaining,PHL_WTR_SUR,10<sup>9</sup>m<sup>3</sup>,264.3621000000001,0.0,264.3621000000001,0.0,ZERO
Base_v12,RE1,2034,1,water_vapor_returned,PHL_WTR_EVT,10<sup>9</sup>m<sup>3</sup>,386.12389999999994,0.0,386.12389999999994,0.0,ZERO
Base_v12,RE1,2034,2,modeled_raw_groundwater_remaining,PHL_WTR_GWT,10<sup>9</sup>m<sup>3</sup>,20.779799999999994,0.0,20.779799999999994,0.0,ZERO
Base_v12,RE1,2034,3,modeled_raw_surface_water_remaining,PHL_WTR_SUR,10<sup>9</sup>m<sup>3</sup>,264.11690000000027,0.0,264.11690000000027,0.0,ZERO
Base_v12,RE1,2035,1,water_vapor_returned,PHL_WTR_EVT,10<sup>9</sup>m<sup>3</sup>,385.1285999999996,0.0,385.1285999999996,0.0,ZERO
Base_v12,RE1,2035,2,modeled_raw_groundwater_remaining,PHL_WTR_GWT,10<sup>9</sup>m<sup>3</sup>,20.77039999999999,0.0,20.77039999999999,0.0,ZERO
Base_v12,RE1,2035,3,modeled_raw_surface_water_remaining,PHL_WTR_SUR,10<sup>9</sup>m<sup>3</sup>,262.6453000000002,0.0,262.6453000000002,0.0,ZERO
Base_v12,RE1,2036,1,water_vapor_returned,PHL_WTR_EVT,10<sup>9</sup>m<sup>3</sup>,383.9909999999999,0.0,383.9909999999999,0.0,ZERO
Base_v12,RE1,2036,2,modeled_raw_groundwater_remaining,PHL_WTR_GWT,10<sup>9</sup>m<sup>3</sup>,20.8032,0.0,20.8032,0.0,ZERO
Base_v12,RE1,2036,3,modeled_raw_surface_water_remaining,PHL_WTR_SUR,10<sup>9</sup>m<sup>3</sup>,261.15430000000015,0.0,261.15430000000015,0.0,ZERO
Base_v12,RE1,2037,1,water_vapor_returned,PHL_WTR_EVT,10<sup>9</sup>m<sup>3</sup>,382.85249999999996,0.0,382.85249999999996,0.0,ZERO
Base_v12,RE1,2037,2,modeled_raw_groundwater_remaining,PHL_WTR_GWT,10<sup>9</sup>m<sup>3</sup>,20.838399999999965,0.0,20.838399999999965,0.0,ZERO
Base_v12,RE1,2037,3,modeled_raw_surface_water_remaining,PHL_WTR_SUR,10<sup>9</sup>m<sup>3</sup>,259.17229999999984,0.0,259.17229999999984,0.0,ZERO
Base_v12,RE1,2038,1,water_vapor_returned,PHL_WTR_EVT,10<sup>9</sup>m<sup>3</sup>,381.7162999999999,0.0,381.7162999999999,0.0,ZERO
Base_v12,RE1,2038,2,modeled_raw_groundwater_remaining,PHL_WTR_GWT,10<sup>9</sup>m<sup>3</sup>,20.8683,0.0,20.8683,0.0,ZERO
Base_v12,RE1,2038,3,modeled_raw_surface_water_remaining,PHL_WTR_SUR,10<sup>9</sup>m<sup>3</sup>,257.10220000000027,0.0,257.10220000000027,0.0,ZERO
Base_v12,RE1,2039,1,water_vapor_returned,PHL_WTR_EVT,10<sup>9</sup>m<sup>3</sup>,380.5807999999992,0.0,380.5807999999992,0.0,ZERO
Base_v12,RE1,2039,2,modeled_raw_groundwater_remaining,PHL_WTR_GWT,10<sup>9</sup>m<sup>3</sup>,20.900399999999994,0.0,20.900399999999994,0.0,ZERO
Base_v12,RE1,2039,3,modeled_raw_surface_water_remaining,PHL_WTR_SUR,10<sup>9</sup>m<sup>3</sup>,254.39589999999993,0.0,254.39589999999993,0.0,ZERO
Base_v12,RE1,2040,1,water_vapor_returned,PHL_WTR_EVT,10<sup>9</sup>m<sup>3</sup>,379.44140000000027,0.0,379.44140000000027,0.0,ZERO
Base_v12,RE1,2040,2,modeled_raw_groundwater_remaining,PHL_WTR_GWT,10<sup>9</sup>m<sup>3</sup>,20.932299999999966,0.0,20.932299999999966,0.0,ZERO
Base_v12,RE1,2040,3,modeled_raw_surface_water_remaining,PHL_WTR_SUR,10<sup>9</sup>m<sup>3</sup>,257.11880000000036,0.0,257.11880000000036,0.0,ZERO
Base_v12,RE1,2041,1,water_vapor_returned,PHL_WTR_EVT,10<sup>9</sup>m<sup>3</sup>,378.42869999999976,0.0,378.42869999999976,0.0,ZERO
Base_v12,RE1,2041,2,modeled_raw_groundwater_remaining,PHL_WTR_GWT,10<sup>9</sup>m<sup>3</sup>,20.959900000000005,0.0,20.959900000000005,0.0,ZERO
Base_v12,RE1,2041,3,modeled_raw_surface_water_remaining,PHL_WTR_SUR,10<sup>9</sup>m<sup>3</sup>,255.2906000000001,0.0,255.2906000000001,0.0,ZERO
Base_v12,RE1,2042,1,water_vapor_returned,PHL_WTR_EVT,10<sup>9</sup>m<sup>3</sup>,377.4187999999998,0.0,377.4187999999998,0.0,ZERO
Base_v12,RE1,2042,2,modeled_raw_groundwater_remaining,PHL_WTR_GWT,10<sup>9</sup>m<sup>3</sup>,20.98810000000001,0.0,20.98810000000001,0.0,ZERO
Base_v12,RE1,2042,3,modeled_raw_surface_water_remaining,PHL_WTR_SUR,10<sup>9</sup>m<sup>3</sup>,253.24690000000038,0.0,253.24690000000038,0.0,ZERO
Base_v12,RE1,2043,1,water_vapor_returned,PHL_WTR_EVT,10<sup>9</sup>m<sup>3</sup>,376.4083000000003,0.0,376.4083000000003,0.0,ZERO
Base_v12,RE1,2043,2,modeled_raw_groundwater_remaining,PHL_WTR_GWT,10<sup>9</sup>m<sup>3</sup>,21.01759999999999,0.0,21.01759999999999,0.0,ZERO
Base_v12,RE1,2043,3,modeled_raw_surface_water_remaining,PHL_WTR_SUR,10<sup>9</sup>m<sup>3</sup>,251.16980000000024,0.0,251.16980000000024,0.0,ZERO
Base_v12,RE1,2044,1,water_vapor_returned,PHL_WTR_EVT,10<sup>9</sup>m<sup>3</sup>,375.4394999999999,0.0,375.4394999999999,0.0,ZERO
Base_v12,RE1,2044,2,modeled_raw_groundwater_remaining,PHL_WTR_GWT,10<sup>9</sup>m<sup>3</sup>,21.041299999999982,0.0,21.041299999999982,0.0,ZERO
Base_v12,RE1,2044,3,modeled_raw_surface_water_remaining,PHL_WTR_SUR,10<sup>9</sup>m<sup>3</sup>,249.05239999999998,0.0,249.05239999999998,0.0,ZERO
Base_v12,RE1,2045,1,water_vapor_returned,PHL_WTR_EVT,10<sup>9</sup>m<sup>3</sup>,374.46449999999976,0.0,374.46449999999976,0.0,ZERO
Base_v12,RE1,2045,2,modeled_raw_groundwater_remaining,PHL_WTR_GWT,10<sup>9</sup>m<sup>3</sup>,21.063999999999993,0.0,21.063999999999993,0.0,ZERO
Base_v12,RE1,2045,3,modeled_raw_surface_water_remaining,PHL_WTR_SUR,10<sup>9</sup>m<sup>3</sup>,248.29530000000005,0.0,248.29530000000005,0.0,ZERO
Base_v12,RE1,2046,1,water_vapor_returned,PHL_WTR_EVT,10<sup>9</sup>m<sup>3</sup>,373.6300999999997,0.0,373.6300999999997,0.0,ZERO
Base_v12,RE1,2046,2,modeled_raw_groundwater_remaining,PHL_WTR_GWT,10<sup>9</sup>m<sup>3</sup>,16.508500000000023,0.0,16.508500000000023,0.0,ZERO
Base_v12,RE1,2046,3,modeled_raw_surface_water_remaining,PHL_WTR_SUR,10<sup>9</sup>m<sup>3</sup>,250.5226000000007,0.0,250.5226000000007,0.0,ZERO
Base_v12,RE1,2047,1,water_vapor_returned,PHL_WTR_EVT,10<sup>9</sup>m<sup>3</sup>,372.8283999999998,0.0,372.8283999999998,0.0,ZERO
Base_v12,RE1,2047,2,modeled_raw_groundwater_remaining,PHL_WTR_GWT,10<sup>9</sup>m<sup>3</sup>,9.151199999999974,0.0,9.151199999999974,0.0,ZERO
Base_v12,RE1,2047,3,modeled_raw_surface_water_remaining,PHL_WTR_SUR,10<sup>9</sup>m<sup>3</sup>,255.47540000000004,0.0,255.47540000000004,0.0,ZERO
Base_v12,RE1,2048,1,water_vapor_returned,PHL_WTR_EVT,10<sup>9</sup>m<sup>3</sup>,372.06580000000014,0.0,372.06580000000014,0.0,ZERO
Base_v12,RE1,2048,2,modeled_raw_groundwater_remaining,PHL_WTR_GWT,10<sup>9</sup>m<sup>3</sup>,21.1253,0.0,21.1253,0.0,ZERO
Base_v12,RE1,2048,3,modeled_raw_surface_water_remaining,PHL_WTR_SUR,10<sup>9</sup>m<sup>3</sup>,240.51150000000013,0.0,240.51150000000013,0.0,ZERO
Base_v12,RE1,2049,1,water_vapor_returned,PHL_WTR_EVT,10<sup>9</sup>m<sup>3</sup>,371.30140000000017,0.0,371.30140000000017,0.0,ZERO
Base_v12,RE1,2049,2,modeled_raw_groundwater_remaining,PHL_WTR_GWT,10<sup>9</sup>m<sup>3</sup>,21.1436,0.0,21.1436,0.0,ZERO
Base_v12,RE1,2049,3,modeled_raw_surface_water_remaining,PHL_WTR_SUR,10<sup>9</sup>m<sup>3</sup>,237.52510000000018,0.0,237.52510000000018,0.0,ZERO
Base_v12,RE1,2050,1,water_vapor_returned,PHL_WTR_EVT,10<sup>9</sup>m<sup>3</sup>,370.4879999999997,0.0,370.4879999999997,0.0,ZERO
Base_v12,RE1,2050,2,modeled_raw_groundwater_remaining,PHL_WTR_GWT,10<sup>9</sup>m<sup>3</sup>,21.160500000000006,0.0,21.160500000000006,0.0,ZERO
Base_v12,RE1,2050,3,modeled_raw_surface_water_remaining,PHL_WTR_SUR,10<sup>9</sup>m<sup>3</sup>,236.23959999999968,0.0,236.23959999999968,0.0,ZERO
Base_v12,RE1,2051,1,water_vapor_returned,PHL_WTR_EVT,10<sup>9</sup>m<sup>3</sup>,370.4881999999997,0.0,370.4881999999997,0.0,ZERO
Base_v12,RE1,2051,2,modeled_raw_groundwater_remaining,PHL_WTR_GWT,10<sup>9</sup>m<sup>3</sup>,21.160600000000002,0.0,21.160600000000002,0.0,ZERO
Base_v12,RE1,2051,3,modeled_raw_surface_water_remaining,PHL_WTR_SUR,10<sup>9</sup>m<sup>3</sup>,233.39639999999997,0.0,233.39639999999997,0.0,ZERO
Base_v12,RE1,2052,1,water_vapor_returned,PHL_WTR_EVT,10<sup>9</sup>m<sup>3</sup>,370.48819999999984,0.0533,370.43489999999986,0.014386423103353906,PARTIAL
Base_v12,RE1,2052,2,modeled_raw_groundwater_remaining,PHL_WTR_GWT,10<sup>9</sup>m<sup>3</sup>,12.49280000000001,1.6637,10.82910000000001,13.31727074795081,PARTIAL
Base_v12,RE1,2052,3,modeled_raw_surface_water_remaining,PHL_WTR_SUR,10<sup>9</sup>m<sup>3</sup>,238.6114,0.0,238.6114,0.0,ZERO
Base_v12,RE1,2053,1,water_vapor_returned,PHL_WTR_EVT,10<sup>9</sup>m<sup>3</sup>,370.4880999999999,0.0,370.4880999999999,0.0,ZERO
Base_v12,RE1,2053,2,modeled_raw_groundwater_remaining,PHL_WTR_GWT,10<sup>9</sup>m<sup>3</sup>,10.131699999999997,10.1036,0.028099999999996683,99.72265266440975,PARTIAL
Base_v12,RE1,2053,3,modeled_raw_surface_water_remaining,PHL_WTR_SUR,10<sup>9</sup>m<sup>3</sup>,237.51640000000012,0.4425,237.07390000000012,0.18630292476645813,PARTIAL
PEP_v12,RE1,2020,1,water_vapor_returned,PHL_WTR_EVT,10<sup>9</sup>m<sup>3</sup>,404.93710000000016,0.0,404.93710000000016,0.0,ZERO
PEP_v12,RE1,2020,2,modeled_raw_groundwater_remaining,PHL_WTR_GWT,10<sup>9</sup>m<sup>3</sup>,20.270599999999984,0.0,20.270599999999984,0.0,ZERO
PEP_v12,RE1,2020,3,modeled_raw_surface_water_remaining,PHL_WTR_SUR,10<sup>9</sup>m<sup>3</sup>,257.4724999999997,0.0,257.4724999999997,0.0,ZERO
PEP_v12,RE1,2021,1,water_vapor_returned,PHL_WTR_EVT,10<sup>9</sup>m<sup>3</sup>,403.47969999999924,0.0,403.47969999999924,0.0,ZERO
PEP_v12,RE1,2021,2,modeled_raw_groundwater_remaining,PHL_WTR_GWT,10<sup>9</sup>m<sup>3</sup>,20.313499999999966,0.0,20.313499999999966,0.0,ZERO
PEP_v12,RE1,2021,3,modeled_raw_surface_water_remaining,PHL_WTR_SUR,10<sup>9</sup>m<sup>3</sup>,258.8883999999998,0.0,258.8883999999998,0.0,ZERO
PEP_v12,RE1,2022,1,water_vapor_returned,PHL_WTR_EVT,10<sup>9</sup>m<sup>3</sup>,402.02409999999975,0.0,402.02409999999975,0.0,ZERO
PEP_v12,RE1,2022,2,modeled_raw_groundwater_remaining,PHL_WTR_GWT,10<sup>9</sup>m<sup>3</sup>,20.3542,0.0,20.3542,0.0,ZERO
PEP_v12,RE1,2022,3,modeled_raw_surface_water_remaining,PHL_WTR_SUR,10<sup>9</sup>m<sup>3</sup>,257.0416000000003,0.0,257.0416000000003,0.0,ZERO
PEP_v12,RE1,2023,1,water_vapor_returned,PHL_WTR_EVT,10<sup>9</sup>m<sup>3</sup>,400.5662999999999,0.0,400.5662999999999,0.0,ZERO
PEP_v12,RE1,2023,2,modeled_raw_groundwater_remaining,PHL_WTR_GWT,10<sup>9</sup>m<sup>3</sup>,20.39510000000002,0.0,20.39510000000002,0.0,ZERO
PEP_v12,RE1,2023,3,modeled_raw_surface_water_remaining,PHL_WTR_SUR,10<sup>9</sup>m<sup>3</sup>,258.4021999999997,0.0,258.4021999999997,0.0,ZERO
PEP_v12,RE1,2024,1,water_vapor_returned,PHL_WTR_EVT,10<sup>9</sup>m<sup>3</sup>,399.10969999999975,0.0,399.10969999999975,0.0,ZERO
PEP_v12,RE1,2024,2,modeled_raw_groundwater_remaining,PHL_WTR_GWT,10<sup>9</sup>m<sup>3</sup>,20.43460000000003,0.0,20.43460000000003,0.0,ZERO
PEP_v12,RE1,2024,3,modeled_raw_surface_water_remaining,PHL_WTR_SUR,10<sup>9</sup>m<sup>3</sup>,257.5724000000003,0.0,257.5724000000003,0.0,ZERO
PEP_v12,RE1,2025,1,water_vapor_returned,PHL_WTR_EVT,10<sup>9</sup>m<sup>3</sup>,397.6486000000002,0.0,397.6486000000002,0.0,ZERO
PEP_v12,RE1,2025,2,modeled_raw_groundwater_remaining,PHL_WTR_GWT,10<sup>9</sup>m<sup>3</sup>,20.476000000000035,0.0,20.476000000000035,0.0,ZERO
PEP_v12,RE1,2025,3,modeled_raw_surface_water_remaining,PHL_WTR_SUR,10<sup>9</sup>m<sup>3</sup>,266.02599999999984,0.0,266.02599999999984,0.0,ZERO
PEP_v12,RE1,2026,1,water_vapor_returned,PHL_WTR_EVT,10<sup>9</sup>m<sup>3</sup>,396.28860000000003,0.0,396.28860000000003,0.0,ZERO
PEP_v12,RE1,2026,2,modeled_raw_groundwater_remaining,PHL_WTR_GWT,10<sup>9</sup>m<sup>3</sup>,20.515099999999965,0.0,20.515099999999965,0.0,ZERO
PEP_v12,RE1,2026,3,modeled_raw_surface_water_remaining,PHL_WTR_SUR,10<sup>9</sup>m<sup>3</sup>,267.24440000000004,0.0,267.24440000000004,0.0,ZERO
PEP_v12,RE1,2027,1,water_vapor_returned,PHL_WTR_EVT,10<sup>9</sup>m<sup>3</sup>,394.9292000000007,0.0,394.9292000000007,0.0,ZERO
PEP_v12,RE1,2027,2,modeled_raw_groundwater_remaining,PHL_WTR_GWT,10<sup>9</sup>m<sup>3</sup>,20.552500000000013,0.0,20.552500000000013,0.0,ZERO
PEP_v12,RE1,2027,3,modeled_raw_surface_water_remaining,PHL_WTR_SUR,10<sup>9</sup>m<sup>3</sup>,268.57269999999994,0.0,268.57269999999994,0.0,ZERO
PEP_v12,RE1,2028,1,water_vapor_returned,PHL_WTR_EVT,10<sup>9</sup>m<sup>3</sup>,393.56640000000027,0.0,393.56640000000027,0.0,ZERO
PEP_v12,RE1,2028,2,modeled_raw_groundwater_remaining,PHL_WTR_GWT,10<sup>9</sup>m<sup>3</sup>,20.589199999999977,0.0,20.589199999999977,0.0,ZERO
PEP_v12,RE1,2028,3,modeled_raw_surface_water_remaining,PHL_WTR_SUR,10<sup>9</sup>m<sup>3</sup>,268.2602000000001,0.0,268.2602000000001,0.0,ZERO
PEP_v12,RE1,2029,1,water_vapor_returned,PHL_WTR_EVT,10<sup>9</sup>m<sup>3</sup>,392.2625999999995,0.0,392.2625999999995,0.0,ZERO
PEP_v12,RE1,2029,2,modeled_raw_groundwater_remaining,PHL_WTR_GWT,10<sup>9</sup>m<sup>3</sup>,20.62400000000002,0.0,20.62400000000002,0.0,ZERO
PEP_v12,RE1,2029,3,modeled_raw_surface_water_remaining,PHL_WTR_SUR,10<sup>9</sup>m<sup>3</sup>,267.1239000000002,0.0,267.1239000000002,0.0,ZERO
PEP_v12,RE1,2030,1,water_vapor_returned,PHL_WTR_EVT,10<sup>9</sup>m<sup>3</sup>,390.9528999999997,0.0,390.9528999999997,0.0,ZERO
PEP_v12,RE1,2030,2,modeled_raw_groundwater_remaining,PHL_WTR_GWT,10<sup>9</sup>m<sup>3</sup>,20.65620000000002,0.0,20.65620000000002,0.0,ZERO
PEP_v12,RE1,2030,3,modeled_raw_surface_water_remaining,PHL_WTR_SUR,10<sup>9</sup>m<sup>3</sup>,266.3157000000001,0.0,266.3157000000001,0.0,ZERO
PEP_v12,RE1,2031,1,water_vapor_returned,PHL_WTR_EVT,10<sup>9</sup>m<sup>3</sup>,389.74659999999994,0.0,389.74659999999994,0.0,ZERO
PEP_v12,RE1,2031,2,modeled_raw_groundwater_remaining,PHL_WTR_GWT,10<sup>9</sup>m<sup>3</sup>,20.686000000000007,0.0,20.686000000000007,0.0,ZERO
PEP_v12,RE1,2031,3,modeled_raw_surface_water_remaining,PHL_WTR_SUR,10<sup>9</sup>m<sup>3</sup>,265.8179000000009,0.0,265.8179000000009,0.0,ZERO
PEP_v12,RE1,2032,1,water_vapor_returned,PHL_WTR_EVT,10<sup>9</sup>m<sup>3</sup>,388.5395999999998,0.0,388.5395999999998,0.0,ZERO
PEP_v12,RE1,2032,2,modeled_raw_groundwater_remaining,PHL_WTR_GWT,10<sup>9</sup>m<sup>3</sup>,20.716999999999985,0.0,20.716999999999985,0.0,ZERO
PEP_v12,RE1,2032,3,modeled_raw_surface_water_remaining,PHL_WTR_SUR,10<sup>9</sup>m<sup>3</sup>,240.34270000000012,0.0,240.34270000000012,0.0,ZERO
PEP_v12,RE1,2033,1,water_vapor_returned,PHL_WTR_EVT,10<sup>9</sup>m<sup>3</sup>,387.33020000000005,0.0,387.33020000000005,0.0,ZERO
PEP_v12,RE1,2033,2,modeled_raw_groundwater_remaining,PHL_WTR_GWT,10<sup>9</sup>m<sup>3</sup>,20.748900000000006,0.0,20.748900000000006,0.0,ZERO
PEP_v12,RE1,2033,3,modeled_raw_surface_water_remaining,PHL_WTR_SUR,10<sup>9</sup>m<sup>3</sup>,239.93760000000003,0.0,239.93760000000003,0.0,ZERO
PEP_v12,RE1,2034,1,water_vapor_returned,PHL_WTR_EVT,10<sup>9</sup>m<sup>3</sup>,386.12419999999963,0.0,386.12419999999963,0.0,ZERO
PEP_v12,RE1,2034,2,modeled_raw_groundwater_remaining,PHL_WTR_GWT,10<sup>9</sup>m<sup>3</sup>,20.77950000000001,0.0,20.77950000000001,0.0,ZERO
PEP_v12,RE1,2034,3,modeled_raw_surface_water_remaining,PHL_WTR_SUR,10<sup>9</sup>m<sup>3</sup>,239.48460000000046,0.0,239.48460000000046,0.0,ZERO
PEP_v12,RE1,2035,1,water_vapor_returned,PHL_WTR_EVT,10<sup>9</sup>m<sup>3</sup>,385.1283999999997,0.0,385.1283999999997,0.0,ZERO
PEP_v12,RE1,2035,2,modeled_raw_groundwater_remaining,PHL_WTR_GWT,10<sup>9</sup>m<sup>3</sup>,3.9998999999999967,0.0,3.9998999999999967,0.0,ZERO
PEP_v12,RE1,2035,3,modeled_raw_surface_water_remaining,PHL_WTR_SUR,10<sup>9</sup>m<sup>3</sup>,232.82670000000024,0.0,232.82670000000024,0.0,ZERO
PEP_v12,RE1,2036,1,water_vapor_returned,PHL_WTR_EVT,10<sup>9</sup>m<sup>3</sup>,383.9915999999999,0.0,383.9915999999999,0.0,ZERO
PEP_v12,RE1,2036,2,modeled_raw_groundwater_remaining,PHL_WTR_GWT,10<sup>9</sup>m<sup>3</sup>,20.41349999999999,0.0,20.41349999999999,0.0,ZERO
PEP_v12,RE1,2036,3,modeled_raw_surface_water_remaining,PHL_WTR_SUR,10<sup>9</sup>m<sup>3</sup>,206.9935000000001,0.0,206.9935000000001,0.0,ZERO
PEP_v12,RE1,2037,1,water_vapor_returned,PHL_WTR_EVT,10<sup>9</sup>m<sup>3</sup>,382.8522999999999,0.0,382.8522999999999,0.0,ZERO
PEP_v12,RE1,2037,2,modeled_raw_groundwater_remaining,PHL_WTR_GWT,10<sup>9</sup>m<sup>3</sup>,20.838300000000004,0.0,20.838300000000004,0.0,ZERO
PEP_v12,RE1,2037,3,modeled_raw_surface_water_remaining,PHL_WTR_SUR,10<sup>9</sup>m<sup>3</sup>,202.53640000000033,0.0,202.53640000000033,0.0,ZERO
PEP_v12,RE1,2038,1,water_vapor_returned,PHL_WTR_EVT,10<sup>9</sup>m<sup>3</sup>,381.7164999999998,0.0,381.7164999999998,0.0,ZERO
PEP_v12,RE1,2038,2,modeled_raw_groundwater_remaining,PHL_WTR_GWT,10<sup>9</sup>m<sup>3</sup>,20.868000000000002,0.0,20.868000000000002,0.0,ZERO
PEP_v12,RE1,2038,3,modeled_raw_surface_water_remaining,PHL_WTR_SUR,10<sup>9</sup>m<sup>3</sup>,197.2834000000003,0.0,197.2834000000003,0.0,ZERO
PEP_v12,RE1,2039,1,water_vapor_returned,PHL_WTR_EVT,10<sup>9</sup>m<sup>3</sup>,380.5807,0.0,380.5807,0.0,ZERO
PEP_v12,RE1,2039,2,modeled_raw_groundwater_remaining,PHL_WTR_GWT,10<sup>9</sup>m<sup>3</sup>,20.900299999999987,0.0,20.900299999999987,0.0,ZERO
PEP_v12,RE1,2039,3,modeled_raw_surface_water_remaining,PHL_WTR_SUR,10<sup>9</sup>m<sup>3</sup>,191.4572999999998,0.0,191.4572999999998,0.0,ZERO
PEP_v12,RE1,2040,1,water_vapor_returned,PHL_WTR_EVT,10<sup>9</sup>m<sup>3</sup>,379.44150000000053,0.0,379.44150000000053,0.0,ZERO
PEP_v12,RE1,2040,2,modeled_raw_groundwater_remaining,PHL_WTR_GWT,10<sup>9</sup>m<sup>3</sup>,20.932299999999977,0.0,20.932299999999977,0.0,ZERO
PEP_v12,RE1,2040,3,modeled_raw_surface_water_remaining,PHL_WTR_SUR,10<sup>9</sup>m<sup>3</sup>,186.73960000000045,0.0,186.73960000000045,0.0,ZERO
PEP_v12,RE1,2041,1,water_vapor_returned,PHL_WTR_EVT,10<sup>9</sup>m<sup>3</sup>,378.4289,0.0,378.4289,0.0,ZERO
PEP_v12,RE1,2041,2,modeled_raw_groundwater_remaining,PHL_WTR_GWT,10<sup>9</sup>m<sup>3</sup>,20.959899999999998,0.0,20.959899999999998,0.0,ZERO
PEP_v12,RE1,2041,3,modeled_raw_surface_water_remaining,PHL_WTR_SUR,10<sup>9</sup>m<sup>3</sup>,183.62990000000013,0.0,183.62990000000013,0.0,ZERO
PEP_v12,RE1,2042,1,water_vapor_returned,PHL_WTR_EVT,10<sup>9</sup>m<sup>3</sup>,377.41900000000015,0.0,377.41900000000015,0.0,ZERO
PEP_v12,RE1,2042,2,modeled_raw_groundwater_remaining,PHL_WTR_GWT,10<sup>9</sup>m<sup>3</sup>,20.982699999999998,0.0,20.982699999999998,0.0,ZERO
PEP_v12,RE1,2042,3,modeled_raw_surface_water_remaining,PHL_WTR_SUR,10<sup>9</sup>m<sup>3</sup>,181.3609000000002,0.0,181.3609000000002,0.0,ZERO
PEP_v12,RE1,2043,1,water_vapor_returned,PHL_WTR_EVT,10<sup>9</sup>m<sup>3</sup>,376.40840000000026,0.0,376.40840000000026,0.0,ZERO
PEP_v12,RE1,2043,2,modeled_raw_groundwater_remaining,PHL_WTR_GWT,10<sup>9</sup>m<sup>3</sup>,21.017499999999995,0.0,21.017499999999995,0.0,ZERO
PEP_v12,RE1,2043,3,modeled_raw_surface_water_remaining,PHL_WTR_SUR,10<sup>9</sup>m<sup>3</sup>,181.2131000000003,0.0,181.2131000000003,0.0,ZERO
PEP_v12,RE1,2044,1,water_vapor_returned,PHL_WTR_EVT,10<sup>9</sup>m<sup>3</sup>,375.43949999999984,0.0,375.43949999999984,0.0,ZERO
PEP_v12,RE1,2044,2,modeled_raw_groundwater_remaining,PHL_WTR_GWT,10<sup>9</sup>m<sup>3</sup>,21.04109999999999,0.0,21.04109999999999,0.0,ZERO
PEP_v12,RE1,2044,3,modeled_raw_surface_water_remaining,PHL_WTR_SUR,10<sup>9</sup>m<sup>3</sup>,186.83259999999981,0.0,186.83259999999981,0.0,ZERO
PEP_v12,RE1,2045,1,water_vapor_returned,PHL_WTR_EVT,10<sup>9</sup>m<sup>3</sup>,374.4643999999999,0.0,374.4643999999999,0.0,ZERO
PEP_v12,RE1,2045,2,modeled_raw_groundwater_remaining,PHL_WTR_GWT,10<sup>9</sup>m<sup>3</sup>,21.06400000000001,0.0,21.06400000000001,0.0,ZERO
PEP_v12,RE1,2045,3,modeled_raw_surface_water_remaining,PHL_WTR_SUR,10<sup>9</sup>m<sup>3</sup>,190.95949999999993,0.0,190.95949999999993,0.0,ZERO
PEP_v12,RE1,2046,1,water_vapor_returned,PHL_WTR_EVT,10<sup>9</sup>m<sup>3</sup>,373.6302999999995,20.7263,352.90399999999954,5.547274939960711,PARTIAL
PEP_v12,RE1,2046,2,modeled_raw_groundwater_remaining,PHL_WTR_GWT,10<sup>9</sup>m<sup>3</sup>,0.5778000000000105,0.5769,0.000900000000010559,99.84423676012278,FULL
PEP_v12,RE1,2046,3,modeled_raw_surface_water_remaining,PHL_WTR_SUR,10<sup>9</sup>m<sup>3</sup>,211.11430000000064,0.0,211.11430000000064,0.0,ZERO
PEP_v12,RE1,2047,1,water_vapor_returned,PHL_WTR_EVT,10<sup>9</sup>m<sup>3</sup>,372.8280999999999,0.0,372.8280999999999,0.0,ZERO
PEP_v12,RE1,2047,2,modeled_raw_groundwater_remaining,PHL_WTR_GWT,10<sup>9</sup>m<sup>3</sup>,21.107199999999985,0.0,21.107199999999985,0.0,ZERO
PEP_v12,RE1,2047,3,modeled_raw_surface_water_remaining,PHL_WTR_SUR,10<sup>9</sup>m<sup>3</sup>,190.03989999999996,0.0,190.03989999999996,0.0,ZERO
PEP_v12,RE1,2048,1,water_vapor_returned,PHL_WTR_EVT,10<sup>9</sup>m<sup>3</sup>,372.0657999999999,0.0,372.0657999999999,0.0,ZERO
PEP_v12,RE1,2048,2,modeled_raw_groundwater_remaining,PHL_WTR_GWT,10<sup>9</sup>m<sup>3</sup>,21.12520000000001,0.0,21.12520000000001,0.0,ZERO
PEP_v12,RE1,2048,3,modeled_raw_surface_water_remaining,PHL_WTR_SUR,10<sup>9</sup>m<sup>3</sup>,188.7875000000006,0.0,188.7875000000006,0.0,ZERO
PEP_v12,RE1,2049,1,water_vapor_returned,PHL_WTR_EVT,10<sup>9</sup>m<sup>3</sup>,371.30080000000015,0.0,371.30080000000015,0.0,ZERO
PEP_v12,RE1,2049,2,modeled_raw_groundwater_remaining,PHL_WTR_GWT,10<sup>9</sup>m<sup>3</sup>,21.144099999999995,0.0,21.144099999999995,0.0,ZERO
PEP_v12,RE1,2049,3,modeled_raw_surface_water_remaining,PHL_WTR_SUR,10<sup>9</sup>m<sup>3</sup>,187.74920000000012,0.0,187.74920000000012,0.0,ZERO
PEP_v12,RE1,2050,1,water_vapor_returned,PHL_WTR_EVT,10<sup>9</sup>m<sup>3</sup>,370.4882,7.9442,362.544,2.144251827723528,PARTIAL
PEP_v12,RE1,2050,2,modeled_raw_groundwater_remaining,PHL_WTR_GWT,10<sup>9</sup>m<sup>3</sup>,6.998499999999993,5.8205,1.1779999999999928,83.16782167607353,PARTIAL
PEP_v12,RE1,2050,3,modeled_raw_surface_water_remaining,PHL_WTR_SUR,10<sup>9</sup>m<sup>3</sup>,200.48310000000015,0.0,200.48310000000015,0.0,ZERO
PEP_v12,RE1,2051,1,water_vapor_returned,PHL_WTR_EVT,10<sup>9</sup>m<sup>3</sup>,370.4883999999997,0.0,370.4883999999997,0.0,ZERO
PEP_v12,RE1,2051,2,modeled_raw_groundwater_remaining,PHL_WTR_GWT,10<sup>9</sup>m<sup>3</sup>,17.203499999999995,0.0,17.203499999999995,0.0,ZERO
PEP_v12,RE1,2051,3,modeled_raw_surface_water_remaining,PHL_WTR_SUR,10<sup>9</sup>m<sup>3</sup>,170.54919999999993,0.0,170.54919999999993,0.0,ZERO
PEP_v12,RE1,2052,1,water_vapor_returned,PHL_WTR_EVT,10<sup>9</sup>m<sup>3</sup>,370.48809999999963,0.0,370.48809999999963,0.0,ZERO
PEP_v12,RE1,2052,2,modeled_raw_groundwater_remaining,PHL_WTR_GWT,10<sup>9</sup>m<sup>3</sup>,0.0009000000000014552,0.0,0.0009000000000014552,,FULL
PEP_v12,RE1,2052,3,modeled_raw_surface_water_remaining,PHL_WTR_SUR,10<sup>9</sup>m<sup>3</sup>,167.26480000000015,0.0,167.26480000000015,0.0,ZERO
PEP_v12,RE1,2053,1,water_vapor_returned,PHL_WTR_EVT,10<sup>9</sup>m<sup>3</sup>,370.4881999999998,0.0,370.4881999999998,0.0,ZERO
PEP_v12,RE1,2053,2,modeled_raw_groundwater_remaining,PHL_WTR_GWT,10<sup>9</sup>m<sup>3</sup>,4.694599999999998,4.6941,0.0004999999999979465,99.98934946534321,FULL
PEP_v12,RE1,2053,3,modeled_raw_surface_water_remaining,PHL_WTR_SUR,10<sup>9</sup>m<sup>3</sup>,143.12929999999992,0.0,143.12929999999992,0.0,ZERO
